input,output,prompt,task,split
CC(=O)N(C)C.CC(=O)[O-].CC1(C)C2=CC=CC(P(C3=CC=CC=C3)C3=CC=CC=C3)=C2OC2=C(P(C3=CC=CC=C3)C3=CC=CC=C3)C=CC=C21.CC1=CC(C)=C(CNC(=O)C2=CC(Cl)=NC3=C2C(C)=NN3C(C)C)C(=O)N1.NC(=O)C1=CC=C(N)C=C1.O=C([O-])[O-].[Cs+].[Pd+2],CC1=CC(C)=C(CNC(=O)C2=CC(NC3=CC=C(C(N)=O)C=C3)=NC3=C2C=NN3C(C)C)C(=O)N1,"Using the input CC(=O)N(C)C.CC(=O)[O-].CC1(C)C2=CC=CC(P(C3=CC=CC=C3)C3=CC=CC=C3)=C2OC2=C(P(C3=CC=CC=C3)C3=CC=CC=C3)C=CC=C21.CC1=CC(C)=C(CNC(=O)C2=CC(Cl)=NC3=C2C(C)=NN3C(C)C)C(=O)N1.NC(=O)C1=CC=C(N)C=C1.O=C([O-])[O-].[Cs+].[Pd+2], provide your prediction for the product of the reaction.",forward reaction prediction,train
CC(=O)NC1=CC=C(NC(C)=O)C(F)=C1.CC(=O)O.O=[N+]([O-])O,CC(=O)NC1=CC([N+](=O)[O-])=C(NC(C)=O)C=C1F,Analyze the reactant(s) CC(=O)NC1=CC=C(NC(C)=O)C(F)=C1.CC(=O)O.O=[N+]([O-])O and predict the expected product. Explain your reasoning.,forward reaction prediction,train
CCCC(C)C.CN(C)C(OC(C)(C)C)N(C)C.COC(C)(C)C.COC1=CC=C(C(C)=O)C=C1COC(=O)C(C)(C)C.O,COC1=CC=C(C(=O)/C=C/N(C)C)C=C1COC(=O)C(C)(C)C,Analyze the structure of CCCC(C)C.CN(C)C(OC(C)(C)C)N(C)C.COC(C)(C)C.COC1=CC=C(C(C)=O)C=C1COC(=O)C(C)(C)C.O and predict what product it will yield.,forward reaction prediction,train
CC1(C)C2=CC=CC(P(C3=CC=CC=C3)C3=CC=CC=C3)=C2OC2=C(P(C3=CC=CC=C3)C3=CC=CC=C3)C=CC=C21.CC[C@@H]1NC(=O)C(F)(F)[C@@H]1O.N#CC1=CC=C(Br)C=C1Cl.O=C(/C=C/C1=CC=CC=C1)/C=C/C1=CC=CC=C1.O=C([O-])[O-].[Cs+].[Pd],CC[C@H]1[C@@H](O)C(F)(F)C(=O)N1C1=CC=C(C#N)C(Cl)=C1,"For the reactants CC1(C)C2=CC=CC(P(C3=CC=CC=C3)C3=CC=CC=C3)=C2OC2=C(P(C3=CC=CC=C3)C3=CC=CC=C3)C=CC=C21.CC[C@@H]1NC(=O)C(F)(F)[C@@H]1O.N#CC1=CC=C(Br)C=C1Cl.O=C(/C=C/C1=CC=CC=C1)/C=C/C1=CC=CC=C1.O=C([O-])[O-].[Cs+].[Pd], predict the final product of the chemical reaction.",forward reaction prediction,train
CO.COC(=O)COC1=CC=C(CC(C)NCC(O)C2=CSC(C)=N2)C=C1.N.O,CC1=NC(C(O)CNC(C)CC2=CC=C(OCC(N)=O)C=C2)=CS1,Analyze the reactant(s) CO.COC(=O)COC1=CC=C(CC(C)NCC(O)C2=CSC(C)=N2)C=C1.N.O and predict the expected product. Explain your reasoning.,forward reaction prediction,train
CCNC(=O)[C@H]1O[C@@H](N2C=NC3=C(NCC(C4=CC=CC=C4)C4=CC=CC=C4)N=C(Cl)N=C32)[C@@H]2OC(C)(C)O[C@@H]21.O.O=C(O)C(F)(F)F,CCNC(=O)[C@H]1O[C@@H](N2C=NC3=C(NCC(C4=CC=CC=C4)C4=CC=CC=C4)N=C(Cl)N=C32)[C@H](O)[C@@H]1O,"Based on the molecular input CCNC(=O)[C@H]1O[C@@H](N2C=NC3=C(NCC(C4=CC=CC=C4)C4=CC=CC=C4)N=C(Cl)N=C32)[C@@H]2OC(C)(C)O[C@@H]21.O.O=C(O)C(F)(F)F, predict the product of the reaction.",forward reaction prediction,train
COC1=CC=C2C(COC3=CC=CC4=C3C=C(C(=O)O)N4)=COC2=C1.C[C@H]1CN([C@@H](C)CN2CCC(N)CC2)CC[C@@H]1O.Cl,COC1=CC=C2C(COC3=CC=CC4=C3C=C(C(=O)NC3CCN(C[C@H](C)N5CC[C@H](O)[C@@H](C)C5)CC3)N4)=COC2=C1,"Given the following reactant(s) COC1=CC=C2C(COC3=CC=CC4=C3C=C(C(=O)O)N4)=COC2=C1.C[C@H]1CN([C@@H](C)CN2CCC(N)CC2)CC[C@@H]1O.Cl, predict the most likely product.",forward reaction prediction,train
CC(C)(O)C1=NC2=NC=C(Br)N2C=C1.CCN(C(C)C)C(C)C.CC[Si](CC)(CC)OS(=O)(=O)C(F)(F)F.ClCCl,CC[Si](CC)(CC)OC(C)(C)C1=NC2=NC=C(Br)N2C=C1,"Using the reactants CC(C)(O)C1=NC2=NC=C(Br)N2C=C1.CCN(C(C)C)C(C)C.CC[Si](CC)(CC)OS(=O)(=O)C(F)(F)F.ClCCl, determine the product of the chemical reaction.",forward reaction prediction,train
C=CC(C)=O.CC(=O)O.COC1=CC=C(N)C=C1OC.Cl[Fe](Cl)Cl.O,COC1=CC2=NC=CC(C)=C2C=C1OC,Analyze the structure of C=CC(C)=O.CC(=O)O.COC1=CC=C(N)C=C1OC.Cl[Fe](Cl)Cl.O and predict what product it will yield.,forward reaction prediction,train
C1=CC=NC=C1.CC(=O)O.CC1(C)CC2=CC=CC(O)=C2O1.O.O=C(Cl)C1=CC=CC=C1.[Cr+6].[O-2],CC1(C)OC2=C(O)C=CC=C2C1=O,"Using the reactants C1=CC=NC=C1.CC(=O)O.CC1(C)CC2=CC=CC(O)=C2O1.O.O=C(Cl)C1=CC=CC=C1.[Cr+6].[O-2], determine the product of the chemical reaction.",forward reaction prediction,train
CC(C)=O.CC1=C(CCO)N=C(C2=CC=CC=C2)O1.O.O=S(=O)(O)O.[Cr+6].[O-2],CC1=C(CC(=O)O)N=C(C2=CC=CC=C2)O1,"Using the reactants CC(C)=O.CC1=C(CCO)N=C(C2=CC=CC=C2)O1.O.O=S(=O)(O)O.[Cr+6].[O-2], determine the product of the chemical reaction.",forward reaction prediction,train
CC(C)(C)OC(=O)CBr.CCN(CC)CC.CCOC(C)=O.CN(C)C=O.Cl.O=C(C1=NC2=C(CNCC2)S1)N1CCN(S(=O)(=O)C2=CC=C3C=C(Cl)C=CC3=C2)CC1,CC(C)(C)OC(=O)CC1CC2=C(CN1)SC(C(=O)N1CCN(S(=O)(=O)C3=CC=C4C=C(Cl)C=CC4=C3)CC1)=N2,Analyze the reactant(s) CC(C)(C)OC(=O)CBr.CCN(CC)CC.CCOC(C)=O.CN(C)C=O.Cl.O=C(C1=NC2=C(CNCC2)S1)N1CCN(S(=O)(=O)C2=CC=C3C=C(Cl)C=CC3=C2)CC1 and predict the expected product. Explain your reasoning.,forward reaction prediction,train
CC(C)N1CCC(OC2=CC=C3C(=C2)C=C(C(=O)N2CCNCC2)N3CC(F)F)CC1.Cl.O=S(=O)(Cl)CC(F)(F)F,CC(C)N1CCC(OC2=CC=C3C(=C2)C=C(C(=O)N2CCN(S(=O)(=O)CC(F)(F)F)CC2)N3CC(F)F)CC1,Analyze the reactant(s) CC(C)N1CCC(OC2=CC=C3C(=C2)C=C(C(=O)N2CCNCC2)N3CC(F)F)CC1.Cl.O=S(=O)(Cl)CC(F)(F)F and predict the expected product. Explain your reasoning.,forward reaction prediction,train
CN(CCO)C1=CC=C(C(=O)NC2=CC=C([N+](=O)[O-])C([N+](=O)[O-])=C2)C=C1.O=CC1=CC=C(C(=O)NC2=CC=CC=C2)C=C1,CN(CCO)C1=CC=C(C(=O)NC2=CC=C3NC(C4=CC=C(C(=O)NC5=CC=CC=C5)C=C4)=NC3=C2)C=C1,"Given the following reactant(s) CN(CCO)C1=CC=C(C(=O)NC2=CC=C([N+](=O)[O-])C([N+](=O)[O-])=C2)C=C1.O=CC1=CC=C(C(=O)NC2=CC=CC=C2)C=C1, predict the most likely product.",forward reaction prediction,train
CCOC(=O)C1=CC(C2=CN=C(C3=CC=CC=C3)S2)=NN1.CCOC(C)=O.ClCCl.O=S(=O)(Cl)Cl,CCOC(=O)C1=C(Cl)C(C2=CN=C(C3=CC=CC=C3)S2)=NN1,"Given the following reactant(s) CCOC(=O)C1=CC(C2=CN=C(C3=CC=CC=C3)S2)=NN1.CCOC(C)=O.ClCCl.O=S(=O)(Cl)Cl, predict the most likely product.",forward reaction prediction,train
BrC1=CC=C2NC=CC2=C1.C=CS(=O)(=O)NC.CC(=O)[O-].CC(C)O.CCN(CC)CC.[Pd+2],CNS(=O)(=O)/C=C/C1=CC=C2NC=CC2=C1,"Given the reactant(s) BrC1=CC=C2NC=CC2=C1.C=CS(=O)(=O)NC.CC(=O)[O-].CC(C)O.CCN(CC)CC.[Pd+2], predict the product of the chemical reaction.",forward reaction prediction,train
CCN(CC)C(=O)[C@H](C)O.CCN=C=NCCCN(C)C.CN(C)C1=CC=NC=C1.COC(=O)/C=C/C(=O)O.Cl.ClCCl,CCN(CC)C(=O)[C@H](C)OC(=O)/C=C/C(=O)OC,Predict the outcome of the reaction given the reactants CCN(CC)C(=O)[C@H](C)O.CCN=C=NCCCN(C)C.CN(C)C1=CC=NC=C1.COC(=O)/C=C/C(=O)O.Cl.ClCCl.,forward reaction prediction,train
CC1=CC=C(C2=CN(C)N=C2)C(C(=O)N2CCC[C@@H](C)[C@H]2CN)=C1.CC1=NC(C(=O)O)=C(C2=CC=CC(F)=C2)S1,CC1=NC(C(=O)N2CCC[C@@H](C)[C@H]2CN)=C(C2=CC=CC(F)=C2)S1,"For the reactants CC1=CC=C(C2=CN(C)N=C2)C(C(=O)N2CCC[C@@H](C)[C@H]2CN)=C1.CC1=NC(C(=O)O)=C(C2=CC=CC(F)=C2)S1, predict the final product of the chemical reaction.",forward reaction prediction,train
C1CCOC1.CC(C)O.CC1=NC(Cl)=CC(Cl)=C1C(=O)OC(C)C.[Cu]I.[H-].[Na+],CC1=NC(Cl)=CC(OC(C)C)=C1C(=O)OC(C)C,"Using the input C1CCOC1.CC(C)O.CC1=NC(Cl)=CC(Cl)=C1C(=O)OC(C)C.[Cu]I.[H-].[Na+], provide your prediction for the product of the reaction.",forward reaction prediction,train
C1CCOC1.CC1=CC(Br)=CC=C1C(=O)NCC(F)(F)F.CN(C)C=O.Cl.O.[Li]CCCC,CC1=CC(C=O)=CC=C1C(=O)NCC(F)(F)F,Analyze the reactant(s) C1CCOC1.CC1=CC(Br)=CC=C1C(=O)NCC(F)(F)F.CN(C)C=O.Cl.O.[Li]CCCC and predict the expected product. Explain your reasoning.,forward reaction prediction,train
COC1=CN=C(OC2=CC=CC=C2)C(N)=N1.COC1=CN=C(OC2=CC=CC=C2)C(O)=N1.O=N[O-].O=P(Cl)(Cl)Cl.[Na+],COC1=CN=C(OC2=CC=CC=C2)C(Cl)=N1,"Using the input COC1=CN=C(OC2=CC=CC=C2)C(N)=N1.COC1=CN=C(OC2=CC=CC=C2)C(O)=N1.O=N[O-].O=P(Cl)(Cl)Cl.[Na+], provide your prediction for the product of the reaction.",forward reaction prediction,train
CC1(C)CCC(C)(C)C2=CC=CC=C21.ClCCl.O=C(Cl)CCl.[Al+3].[Cl-],CC1(C)CCC(C)(C)C2=CC(C(=O)CCl)=CC=C21,"Given the reactant(s) CC1(C)CCC(C)(C)C2=CC=CC=C21.ClCCl.O=C(Cl)CCl.[Al+3].[Cl-], predict the product of the chemical reaction.",forward reaction prediction,train
CC(C)[C@H]1CC[C@H](C)C[C@@H]1OC(=O)C1CCCNC1=O.CCO.O=S(=O)(C1=CC=CC=C1)N(F)S(=O)(=O)C1=CC=CC=C1,CC(C)[C@H]1CC[C@H](C)C[C@@H]1OC(=O)[C@]1(F)CCCNC1=O,Analyze the reactant(s) CC(C)[C@H]1CC[C@H](C)C[C@@H]1OC(=O)C1CCCNC1=O.CCO.O=S(=O)(C1=CC=CC=C1)N(F)S(=O)(=O)C1=CC=CC=C1 and predict the expected product. Explain your reasoning.,forward reaction prediction,train
C1=CC=NC=C1.CC(C)(C)OC(=O)N1CCC(C)(C(=O)O)CC1.CCN=C=NCCCN(C)C.COC(=O)C1=CC=C2C=CN(CC3=CC=CC(N)=C3)C(=O)C2=C1.Cl,COC(=O)C1=CC=C2C=CN(CC3=CC=CC(NC(=O)C4(C)CCN(C(=O)OC(C)(C)C)CC4)=C3)C(=O)C2=C1,"For the reactants C1=CC=NC=C1.CC(C)(C)OC(=O)N1CCC(C)(C(=O)O)CC1.CCN=C=NCCCN(C)C.COC(=O)C1=CC=C2C=CN(CC3=CC=CC(N)=C3)C(=O)C2=C1.Cl, predict the final product of the chemical reaction.",forward reaction prediction,train
CC(C)CS(=O)(=O)Cl.C[Si](C)(C)CCOCN1C=CC2=NC(C3=CC=CN=C3N[C@@H]3CCNC3)=CN=C21,CC(C)CS(=O)(=O)N1CC[C@@H](NC2=NC=CC=C2C2=CN=C3C(=N2)C=CN3COCC[Si](C)(C)C)C1,Analyze the reactant(s) CC(C)CS(=O)(=O)Cl.C[Si](C)(C)CCOCN1C=CC2=NC(C3=CC=CN=C3N[C@@H]3CCNC3)=CN=C21 and predict the expected product. Explain your reasoning.,forward reaction prediction,train
CCN(C[C@@H](N)C1=CC=C(Cl)C(C(F)(F)F)=C1)S(=O)(=O)C1=CC=C([N+](=O)[O-])C=C1.Cl.NC(=O)C1=CC=NC2=C(O)N=CN=C12,CCNC[C@@H](NC1=NC=NC2=C(C(N)=O)C=CN=C12)C1=CC=C(Cl)C(C(F)(F)F)=C1,Predict the outcome of the reaction given the reactants CCN(C[C@@H](N)C1=CC=C(Cl)C(C(F)(F)F)=C1)S(=O)(=O)C1=CC=C([N+](=O)[O-])C=C1.Cl.NC(=O)C1=CC=NC2=C(O)N=CN=C12.,forward reaction prediction,train
COC1=CC(OC)=CC(C(=O)N2CCCCC2C(C)=O)=C1.ClC(Cl)(Cl)Cl.O=C(O)C(F)(F)F,COC1=CC(OC)=C2C(C)=C3CCCCN3C(=O)C2=C1,"Using the reactants COC1=CC(OC)=CC(C(=O)N2CCCCC2C(C)=O)=C1.ClC(Cl)(Cl)Cl.O=C(O)C(F)(F)F, determine the product of the chemical reaction.",forward reaction prediction,train
CC#N.C[C@@H](CO[Si](C)(C)C(C)(C)C)N1C=CC2=CN=CN=C21.O=C1CCC(=O)N1I.O=S([O-])([O-])=S.[Na+],C[C@@H](CO[Si](C)(C)C(C)(C)C)N1C=C(I)C2=CN=CN=C21,"Based on the molecular input CC#N.C[C@@H](CO[Si](C)(C)C(C)(C)C)N1C=CC2=CN=CN=C21.O=C1CCC(=O)N1I.O=S([O-])([O-])=S.[Na+], predict the product of the reaction.",forward reaction prediction,train
CC(=O)O.CO.Cl.O=C1NC2=CC(C3=CC=CO3)=CC=C2C2=C1CCC2.[MgH2],O=C1NC2=CC(C3=CC=CO3)=CC=C2C2CCCC12,Predict the outcome of the reaction given the reactants CC(=O)O.CO.Cl.O=C1NC2=CC(C3=CC=CO3)=CC=C2C2=C1CCC2.[MgH2].,forward reaction prediction,train
C[C@@H]1CN(C(=O)OC(C)(C)C)C[C@H](C)N1CCNC(=O)[C@@H]1CCCCN1C1=NC2=CC=CC=C2O1.ClCCl.O=C(O)C(F)(F)F,C[C@@H]1CNC[C@H](C)N1CCNC(=O)[C@@H]1CCCCN1C1=NC2=CC=CC=C2O1,Predict the outcome of the reaction given the reactants C[C@@H]1CN(C(=O)OC(C)(C)C)C[C@H](C)N1CCNC(=O)[C@@H]1CCCCN1C1=NC2=CC=CC=C2O1.ClCCl.O=C(O)C(F)(F)F.,forward reaction prediction,train
C1=CC=C([PH](C2=CC=CC=C2)(C2=CC=CC=C2)[Pd]([PH](C2=CC=CC=C2)(C2=CC=CC=C2)C2=CC=CC=C2)([PH](C2=CC=CC=C2)(C2=CC=CC=C2)C2=CC=CC=C2)[PH](C2=CC=CC=C2)(C2=CC=CC=C2)C2=CC=CC=C2)C=C1.C1COCCO1.CC(C)N1C(=O)NC2=CC(B(O)O)=CC=C21.FC1=CC=C2C(=CBr)C3=CC=CC=C3COC2=C1.O=C([O-])[O-].[Na+],CC(C)N1C(=O)NC2=CC(C=C3C4=CC=CC=C4COC4=CC(F)=CC=C34)=CC=C21,Analyze the structure of C1=CC=C([PH](C2=CC=CC=C2)(C2=CC=CC=C2)[Pd]([PH](C2=CC=CC=C2)(C2=CC=CC=C2)C2=CC=CC=C2)([PH](C2=CC=CC=C2)(C2=CC=CC=C2)C2=CC=CC=C2)[PH](C2=CC=CC=C2)(C2=CC=CC=C2)C2=CC=CC=C2)C=C1.C1COCCO1.CC(C)N1C(=O)NC2=CC(B(O)O)=CC=C21.FC1=CC=C2C(=CBr)C3=CC=CC=C3COC2=C1.O=C([O-])[O-].[Na+] and predict what product it will yield.,forward reaction prediction,train
CC1=CC=C([N+](=O)[O-])C=C1C.CCC(=O)CC.O=C(O)C1=CC=CC=C1.[H][H].[Pd],CCCN(CC)C1=CC=C(C)C(C)=C1,"Given the following reactant(s) CC1=CC=C([N+](=O)[O-])C=C1C.CCC(=O)CC.O=C(O)C1=CC=CC=C1.[H][H].[Pd], predict the most likely product.",forward reaction prediction,train
CC(C)(O)CC1=CN(N)C2=CC=C(F)C=C12.CC1=CC=CC=C1.CC1=NC(C2=CC=CC(F)=C2)=NC=C1C(=O)O.CN(C)C1=CC=NC=C1.CN(C)C=O.ClCCl.O=C(Cl)C(=O)Cl.O=C([O-])[O-].[Na+],CC1=NC(C2=CC=CC(F)=C2)=NC=C1C(=O)NN1C=C(CC(C)(C)O)C2=CC(F)=CC=C21,"Given the following reactant(s) CC(C)(O)CC1=CN(N)C2=CC=C(F)C=C12.CC1=CC=CC=C1.CC1=NC(C2=CC=CC(F)=C2)=NC=C1C(=O)O.CN(C)C1=CC=NC=C1.CN(C)C=O.ClCCl.O=C(Cl)C(=O)Cl.O=C([O-])[O-].[Na+], predict the most likely product.",forward reaction prediction,train
COC(=O)C1=CC=CN=C1NC(=O)C(C)CSC(C)=O.COC(=O)C1=CN=CC=C1NC(=O)C(C)CSC(C)=O,COC(=O)C1=CN=CC=C1NC(=O)C(C)CS,Analyze the reactant(s) COC(=O)C1=CC=CN=C1NC(=O)C(C)CSC(C)=O.COC(=O)C1=CN=CC=C1NC(=O)C(C)CSC(C)=O and predict the expected product. Explain your reasoning.,forward reaction prediction,train
C1=CNC=N1.CC(C)(C)[Si](C)(C)Cl.ClCCl.OCC1(CCOCC2=CC=CC=C2)CCC1.[Cl-].[NH4+],CC(C)(C)[Si](C)(C)OCC1(CCO)CCC1,Predict the outcome of the reaction given the reactants C1=CNC=N1.CC(C)(C)[Si](C)(C)Cl.ClCCl.OCC1(CCOCC2=CC=CC=C2)CCC1.[Cl-].[NH4+].,forward reaction prediction,train
C=CC(C)=O.CO.O=C(OCC1=CC=CC=C1)N1CCC[C@@H]1CC1=CNC2=CC=C(Br)C=C12,CC(=O)C=CC1=CC=C2NC=C(C[C@H]3CCCN3C(=O)OCC3=CC=CC=C3)C2=C1,"For the reactants C=CC(C)=O.CO.O=C(OCC1=CC=CC=C1)N1CCC[C@@H]1CC1=CNC2=CC=C(Br)C=C12, predict the final product of the chemical reaction.",forward reaction prediction,train
C=CCN(CC1=CC=C(OC(F)(F)F)C=C1)C1=CC=C(C(C)=O)C=N1.CC#N.CC(=O)[O-].CC1=CC=CC=C1P(C1=CC=CC=C1C)C1=CC=CC=C1C.CCN(C(C)C)C(C)C.COC1=CC=C(Br)C=C1.[Pd+2],COC1=CC=C(/C=C/CN(CC2=CC=C(OC(F)(F)F)C=C2)C2=CC=C(C(C)=O)C=N2)C=C1,"Using the reactants C=CCN(CC1=CC=C(OC(F)(F)F)C=C1)C1=CC=C(C(C)=O)C=N1.CC#N.CC(=O)[O-].CC1=CC=CC=C1P(C1=CC=CC=C1C)C1=CC=CC=C1C.CCN(C(C)C)C(C)C.COC1=CC=C(Br)C=C1.[Pd+2], determine the product of the chemical reaction.",forward reaction prediction,train
C1=CC=CC=C1.CC1=CC=C(S(=O)(=O)O)C=C1.CCOC(=O)C(C#N)CC(=O)CC.O.OCCO,CCOC(=O)C(C#N)CC1(CC)OCCO1,Predict the outcome of the reaction given the reactants C1=CC=CC=C1.CC1=CC=C(S(=O)(=O)O)C=C1.CCOC(=O)C(C#N)CC(=O)CC.O.OCCO.,forward reaction prediction,train
CC(=O)OC[C@@H](O)[C@@H](OCC1=CC=CC=C1)[C@H](OC(C)=O)[C@@H](O)C=O.CCO.[H][H].[Pd],CC(=O)OC[C@@H](O)[C@@H](O)[C@H](OC(C)=O)[C@@H](O)C=O,What is the expected product for the reaction with the reactants CC(=O)OC[C@@H](O)[C@@H](OCC1=CC=CC=C1)[C@H](OC(C)=O)[C@@H](O)C=O.CCO.[H][H].[Pd]? Explain.,forward reaction prediction,train
CC1=CC=C(S(=O)(=O)OCCOCCOCC2=CC=CC=C2)C=C1.OC1CCOCC1,C1=CC=C(COCCOCCOC2CCOCC2)C=C1,What is the expected product for the reaction with the reactants CC1=CC=C(S(=O)(=O)OCCOCCOCC2=CC=CC=C2)C=C1.OC1CCOCC1? Explain.,forward reaction prediction,train
CSC1=C(C)N(C2=C(Cl)C=C(C(F)(F)F)C=C2Cl)N=C1C=NO.O=C(O)C(F)(F)F.OO,CC1=C(S(C)=O)C(C=NO)=NN1C1=C(Cl)C=C(C(F)(F)F)C=C1Cl,Analyze the reactant(s) CSC1=C(C)N(C2=C(Cl)C=C(C(F)(F)F)C=C2Cl)N=C1C=NO.O=C(O)C(F)(F)F.OO and predict the expected product. Explain your reasoning.,forward reaction prediction,train
CCN(CC)S(F)(F)F.CS(=O)C1=CC=C([C@H]2OC(C)(C)N(C(=O)OC(C)(C)C)[C@@H]2CF)C=C1.ClCCl.Cl[Sb](Cl)Cl.O=C([O-])O.[Na+],CC(C)(C)OC(=O)N1[C@H](CF)[C@@H](C2=CC=C(SCF)C=C2)OC1(C)C,"Using the input CCN(CC)S(F)(F)F.CS(=O)C1=CC=C([C@H]2OC(C)(C)N(C(=O)OC(C)(C)C)[C@@H]2CF)C=C1.ClCCl.Cl[Sb](Cl)Cl.O=C([O-])O.[Na+], provide your prediction for the product of the reaction.",forward reaction prediction,train
CCO.CCOCC.CCOCOC1=CC2=C(C=C1CN1C(=O)C3=CC=CC=C3C1=O)OCCO2.NN,CCOCOC1=CC2=C(C=C1CN)OCCO2,Analyze the reactant(s) CCO.CCOCC.CCOCOC1=CC2=C(C=C1CN1C(=O)C3=CC=CC=C3C1=O)OCCO2.NN and predict the expected product. Explain your reasoning.,forward reaction prediction,train
C1CCOC1.NC1=CC(Cl)=NC(Cl)=N1.OCC1=CC=CC2=CC=CC=C12.[H-].[Na+],NC1=CC(Cl)=NC(OCC2=CC=CC3=CC=CC=C23)=N1,What is the expected product for the reaction with the reactants C1CCOC1.NC1=CC(Cl)=NC(Cl)=N1.OCC1=CC=CC2=CC=CC=C12.[H-].[Na+]? Explain.,forward reaction prediction,train
CCN(CC)CC.CCO.CCOC1=CC=C(N)C=C1.ClC1=NN2C(Br)=CN=C2C(Br)=C1,CCOC1=CC=C(NC2=CC(Cl)=NN3C(Br)=CN=C23)C=C1,"Based on the molecular input CCN(CC)CC.CCO.CCOC1=CC=C(N)C=C1.ClC1=NN2C(Br)=CN=C2C(Br)=C1, predict the product of the reaction.",forward reaction prediction,train
CON=C1C[C@@H](C(=O)O)N(C(=O)OC(C)(C)C)C1.NCCCO.O=S(=O)(Cl)C1=CC=C(C2=CC=CC=C2)C=C1,CON=C1C[C@@H](C(=O)NCCCO)N(S(=O)(=O)C2=CC=C(C3=CC=CC=C3)C=C2)C1,Analyze the reactant(s) CON=C1C[C@@H](C(=O)O)N(C(=O)OC(C)(C)C)C1.NCCCO.O=S(=O)(Cl)C1=CC=C(C2=CC=CC=C2)C=C1 and predict the expected product. Explain your reasoning.,forward reaction prediction,train
CN(C)CCCN.COC(=O)CN1N=C(C2=CC=C(NS(=O)(=O)C3=CC=CC(Cl)=C3Cl)C(F)=C2)C2=C(N)N=CN=C21,CN(C)CCCNC(=O)CN1N=C(C2=CC=C(NS(=O)(=O)C3=CC=CC(Cl)=C3Cl)C(F)=C2)C2=C(N)N=CN=C21,"Given the reactant(s) CN(C)CCCN.COC(=O)CN1N=C(C2=CC=C(NS(=O)(=O)C3=CC=CC(Cl)=C3Cl)C(F)=C2)C2=C(N)N=CN=C21, predict the product of the chemical reaction.",forward reaction prediction,train
C1=CC=NC=C1.CC1=CC=C(S(=O)(=O)Cl)C=C1.ClCCl.OC[C@@H]1CCCO1,CC1=CC=C(S(=O)(=O)OC[C@@H]2CCCO2)C=C1,Predict the outcome of the reaction given the reactants C1=CC=NC=C1.CC1=CC=C(S(=O)(=O)Cl)C=C1.ClCCl.OC[C@@H]1CCCO1.,forward reaction prediction,train
CC1=CC=CC=C1.CCOCC.NC1=NC=CC=C1OCC1=CC=C(Cl)C=C1.S=C=NC1=CC=CC=C1,S=C(NC1=CC=CC=C1)NC1=NC=CC=C1OCC1=CC=C(Cl)C=C1,"Using the reactants CC1=CC=CC=C1.CCOCC.NC1=NC=CC=C1OCC1=CC=C(Cl)C=C1.S=C=NC1=CC=CC=C1, determine the product of the chemical reaction.",forward reaction prediction,train
BrCC#CC1=CC=CC=C1.C1CCOC1.C1CNCCN1,C(#CC1=CC=CC=C1)CN1CCNCC1,"Using the input BrCC#CC1=CC=CC=C1.C1CCOC1.C1CNCCN1, provide your prediction for the product of the reaction.",forward reaction prediction,train
C1CCOC1.CCO.CCOC(=O)C1=C(C)ON=C1C1=NC=CC=C1F.Cl.O.[Na+].[OH-],CC1=C(C(=O)O)C(C2=NC=CC=C2F)=NO1,"Using the input C1CCOC1.CCO.CCOC(=O)C1=C(C)ON=C1C1=NC=CC=C1F.Cl.O.[Na+].[OH-], provide your prediction for the product of the reaction.",forward reaction prediction,train
COC(=O)C1=C(CBr)NC(C2=NC=CS2)=N[C@H]1C1=CC=C(F)C=C1Cl.O=CC1=CC=CC(F)=C1Br,COC(=O)C1=C(CBr)NC(C2=NC=CS2)=N[C@H]1C1=CC=CC(F)=C1Br,Analyze the structure of COC(=O)C1=C(CBr)NC(C2=NC=CS2)=N[C@H]1C1=CC=C(F)C=C1Cl.O=CC1=CC=CC(F)=C1Br and predict what product it will yield.,forward reaction prediction,train
C1CCCCC1.C1CCOC1.C[Si]1(C)CC[Si](C)(C)N1C1=CC=CC(F)=C1.O=C([O-])[O-].O=C1CN(C(C2=CC=CC=C2)C2=CC=CC=C2)C1.[K+].[Li]C(C)CC,NC1=CC=C(C2(O)CN(C(C3=CC=CC=C3)C3=CC=CC=C3)C2)C(F)=C1,Analyze the structure of C1CCCCC1.C1CCOC1.C[Si]1(C)CC[Si](C)(C)N1C1=CC=CC(F)=C1.O=C([O-])[O-].O=C1CN(C(C2=CC=CC=C2)C2=CC=CC=C2)C1.[K+].[Li]C(C)CC and predict what product it will yield.,forward reaction prediction,train
CCN(CC)CC.CS(=O)(=O)Cl.ClCCl.OCC1=COC(Cl)=N1.[Cl-].[NH4+],CS(=O)(=O)OCC1=COC(Cl)=N1,Analyze the structure of CCN(CC)CC.CS(=O)(=O)Cl.ClCCl.OCC1=COC(Cl)=N1.[Cl-].[NH4+] and predict what product it will yield.,forward reaction prediction,train
C=CC(=O)OC.CC(=O)[O-].CC1(C)CCC(C)(C)C2=CC(C(=O)C3=CC=CC(I)=C3)=CC=C21.CCCC[N+](CCCC)(CCCC)CCCC.CN(C)C=O.O.O=C([O-])[O-].[Cl-].[K+].[Pd+2],COC(=O)C=CC1=CC=CC(C(=O)C2=CC=C3C(=C2)C(C)(C)CCC3(C)C)=C1,Analyze the structure of C=CC(=O)OC.CC(=O)[O-].CC1(C)CCC(C)(C)C2=CC(C(=O)C3=CC=CC(I)=C3)=CC=C21.CCCC[N+](CCCC)(CCCC)CCCC.CN(C)C=O.O.O=C([O-])[O-].[Cl-].[K+].[Pd+2] and predict what product it will yield.,forward reaction prediction,train
C1CCOC1.C=CC(=O)O.CCN(CC)CC.Cl.SC1=CC=CC=C1,O=C(O)CCSC1=CC=CC=C1,Predict the outcome of the reaction given the reactants C1CCOC1.C=CC(=O)O.CCN(CC)CC.Cl.SC1=CC=CC=C1.,forward reaction prediction,train
CC[C@@H]1CN(C(=O)OC(C)(C)C)CC[C@H]1NC1=C(C(N)=O)C=NN2C=C(Br)C=C12.ClCCl.O=C(O)C(F)(F)F,CC[C@@H]1CNCC[C@H]1NC1=C(C(N)=O)C=NN2C=C(Br)C=C12,Analyze the reactant(s) CC[C@@H]1CN(C(=O)OC(C)(C)C)CC[C@H]1NC1=C(C(N)=O)C=NN2C=C(Br)C=C12.ClCCl.O=C(O)C(F)(F)F and predict the expected product. Explain your reasoning.,forward reaction prediction,train
C1CCOC1.CCCCCC.NC1=NC=CC=C1C1=CC=C(OC2=CC=CC=C2)C=C1.O.O=S(=O)(Cl)CCCl.[H-].[Na+],O=S1(=O)CCN2C=CC=C(C3=CC=C(OC4=CC=CC=C4)C=C3)C2=N1,"Based on the molecular input C1CCOC1.CCCCCC.NC1=NC=CC=C1C1=CC=C(OC2=CC=CC=C2)C=C1.O.O=S(=O)(Cl)CCCl.[H-].[Na+], predict the product of the reaction.",forward reaction prediction,train
CCC[N+](CCC)(CCC)CCC.C[N+]1([O-])CCOCC1.ClCCl.O=C1COC2=C(F)C=C(CO)C=C2N1.O=[Ru](=O)(=O)[O-],O=CC1=CC(F)=C2OCC(=O)NC2=C1,"Using the reactants CCC[N+](CCC)(CCC)CCC.C[N+]1([O-])CCOCC1.ClCCl.O=C1COC2=C(F)C=C(CO)C=C2N1.O=[Ru](=O)(=O)[O-], determine the product of the chemical reaction.",forward reaction prediction,train
COC(=O)C1=C(C)C2=C(NC3=CC=C(F)C=C3OC(C)C(=O)OC(C)(C)C)N=CN=C2S1.ClCCl.O=C(O)C(F)(F)F,COC(=O)C1=C(C)C2=C(NC3=CC=C(F)C=C3OC(C)C(=O)O)N=CN=C2S1,"Using the input COC(=O)C1=C(C)C2=C(NC3=CC=C(F)C=C3OC(C)C(=O)OC(C)(C)C)N=CN=C2S1.ClCCl.O=C(O)C(F)(F)F, provide your prediction for the product of the reaction.",forward reaction prediction,train
CC(=O)C(Cl)Cl.ClC(Cl)Cl.SCCCS,CC1(C(Cl)Cl)SCCCS1,What is the expected product for the reaction with the reactants CC(=O)C(Cl)Cl.ClC(Cl)Cl.SCCCS? Explain.,forward reaction prediction,train
CP(=O)(O)CC1=CC=C(CP(C)(=O)O)C=C1.O=C(Cl)Cl,CP1(=O)CC2=CC=C(C=C2)CP(C)(=O)O1,Predict the outcome of the reaction given the reactants CP(=O)(O)CC1=CC=C(CP(C)(=O)O)C=C1.O=C(Cl)Cl.,forward reaction prediction,train
C1CCOC1.CC(C)(C)OC(=O)N1CC[C@@H](O)C1.CC(C)OC(=O)/N=N/C(=O)OC(C)C.O=C(OCC1=CC=CC=C1)C1=CC=C(O)C=C1,CC(C)(C)OC(=O)N1CC[C@H](OC2=CC=C(C(=O)OCC3=CC=CC=C3)C=C2)C1,What is the expected product for the reaction with the reactants C1CCOC1.CC(C)(C)OC(=O)N1CC[C@@H](O)C1.CC(C)OC(=O)/N=N/C(=O)OC(C)C.O=C(OCC1=CC=CC=C1)C1=CC=C(O)C=C1? Explain.,forward reaction prediction,train
C1CCOC1.CC(C)O[Si](C)(C)C[C@](O)(C1=CC=C(F)C=C1F)[C@@H](C)N1C=CN(C2=CC=C(OC(F)(F)C(F)F)C=C2)C1=O.CO.O=C([O-])O.OO.[Na+],C[C@@H](N1C=CN(C2=CC=C(OC(F)(F)C(F)F)C=C2)C1=O)[C@](O)(CO)C1=CC=C(F)C=C1F,"Using the reactants C1CCOC1.CC(C)O[Si](C)(C)C[C@](O)(C1=CC=C(F)C=C1F)[C@@H](C)N1C=CN(C2=CC=C(OC(F)(F)C(F)F)C=C2)C1=O.CO.O=C([O-])O.OO.[Na+], determine the product of the chemical reaction.",forward reaction prediction,train
C1=CC=NC=C1.CC1=CC=C(S(=O)(=O)Cl)C=C1.CC1=NN(C)C(C(=O)NC2=CC(OC3=CC=C(N)N=C3)=CC=C2C)=C1,CC1=CC=C(S(=O)(=O)NC2=CC=C(OC3=CC=C(C)C(NC(=O)C4=CC(C)=NN4C)=C3)C=N2)C=C1,Predict the outcome of the reaction given the reactants C1=CC=NC=C1.CC1=CC=C(S(=O)(=O)Cl)C=C1.CC1=NN(C)C(C(=O)NC2=CC(OC3=CC=C(N)N=C3)=CC=C2C)=C1.,forward reaction prediction,train
CCCCCCCCCCCC(=O)O[C@H](C)C(CCC)C(=O)OC(C)(C)C.CO.O.O=S(=O)(O)O,CCCC(C(=O)OC)[C@@H](C)O,Analyze the structure of CCCCCCCCCCCC(=O)O[C@H](C)C(CCC)C(=O)OC(C)(C)C.CO.O.O=S(=O)(O)O and predict what product it will yield.,forward reaction prediction,train
CC1=CC=C(S(=O)(=O)O)C=C1.CO.COC(C)(C)OC.O.OC[C@H]1C[C@@H](NC2=CC(Cl)=NC=N2)[C@H](O)[C@@H]1O,CC1(C)O[C@@H]2[C@@H](CO)C[C@@H](NC3=CC(Cl)=NC=N3)[C@@H]2O1,What is the expected product for the reaction with the reactants CC1=CC=C(S(=O)(=O)O)C=C1.CO.COC(C)(C)OC.O.OC[C@H]1C[C@@H](NC2=CC(Cl)=NC=N2)[C@H](O)[C@@H]1O? Explain.,forward reaction prediction,train
CN(C)C=O.C[C@@]1(O)[C@H](O)[C@@H](CO)O[C@H]1N1C=CC2=C(NO)N=CN=C21.O=C1CCC(=O)N1Cl,C[C@@]1(O)[C@H](O)[C@@H](CO)O[C@H]1N1C=C(Cl)C2=C(NO)N=CN=C21,"Given the following reactant(s) CN(C)C=O.C[C@@]1(O)[C@H](O)[C@@H](CO)O[C@H]1N1C=CC2=C(NO)N=CN=C21.O=C1CCC(=O)N1Cl, predict the most likely product.",forward reaction prediction,train
CCO.CCOC(=O)COC1=CC=C(Br)C=C1C(C)=O.CC[O-].CO.ClCCl.[Na+],CC1=C(C(=O)O)OC2=CC=C(Br)C=C12,What is the expected product for the reaction with the reactants CCO.CCOC(=O)COC1=CC=C(Br)C=C1C(C)=O.CC[O-].CO.ClCCl.[Na+]? Explain.,forward reaction prediction,train
CC1=CC=CC=C1.CCOC(=O)N=C=S.NC1=NNC(C2=CC=CC=C2)=C1,CCOC(=O)NC(=S)NC1=CC(C2=CC=CC=C2)=NN1,"Using the input CC1=CC=CC=C1.CCOC(=O)N=C=S.NC1=NNC(C2=CC=CC=C2)=C1, provide your prediction for the product of the reaction.",forward reaction prediction,train
CC(C)CN(C)C1=CC(NC(=O)OC(C)(C)C)=C(NC(=O)CC(=O)C2=CC=CC(N3N=NC=C3COC3CCCCO3)=C2)C=C1Cl.ClCCl.O=C(O)C(F)(F)F,CC(C)CN(C)C1=CC2=C(C=C1Cl)NC(=O)CC(C1=CC=CC(N3N=NC=C3CO)=C1)=N2,"Based on the molecular input CC(C)CN(C)C1=CC(NC(=O)OC(C)(C)C)=C(NC(=O)CC(=O)C2=CC=CC(N3N=NC=C3COC3CCCCO3)=C2)C=C1Cl.ClCCl.O=C(O)C(F)(F)F, predict the product of the reaction.",forward reaction prediction,train
CC(=O)[O-].CC1(C)OB(B2OC(C)(C)C(C)(C)O2)OC1(C)C.CS(C)=O.ClCCl.FC(F)(F)C1=CC=CN=C1N1N=CC2=C(I)C=CN=C21.[K+],OB(O)C1=CC=NC2=C1C=NN2C1=NC=CC=C1C(F)(F)F,"Given the reactant(s) CC(=O)[O-].CC1(C)OB(B2OC(C)(C)C(C)(C)O2)OC1(C)C.CS(C)=O.ClCCl.FC(F)(F)C1=CC=CN=C1N1N=CC2=C(I)C=CN=C21.[K+], predict the product of the chemical reaction.",forward reaction prediction,train
C=C1CCCCC1.CC1CCCCC1.CCOC(=O)C=[N+]=[N-].[Cu],CCOC(=O)C1CC12CCCCC2,"For the reactants C=C1CCCCC1.CC1CCCCC1.CCOC(=O)C=[N+]=[N-].[Cu], predict the final product of the chemical reaction.",forward reaction prediction,train
C=CCN1CC(=O)N2[C@@H](CC3=CC=C(OCC4=CC=CC=C4)C=C3F)C(=O)N(CC3=CC=CC(F)=N3)C[C@@H]2N1C(=O)NCC1=CC=CC=C1.CSC1=CC=CC=C1.O=C(O)C(F)(F)F,C=CCN1CC(=O)N2[C@@H](CC3=CC=C(O)C=C3F)C(=O)N(CC3=CC=CC(F)=N3)C[C@@H]2N1C(=O)NCC1=CC=CC=C1,"Using the input C=CCN1CC(=O)N2[C@@H](CC3=CC=C(OCC4=CC=CC=C4)C=C3F)C(=O)N(CC3=CC=CC(F)=N3)C[C@@H]2N1C(=O)NCC1=CC=CC=C1.CSC1=CC=CC=C1.O=C(O)C(F)(F)F, provide your prediction for the product of the reaction.",forward reaction prediction,train
CN(C)S(=O)(=O)Cl.N#CC1=CC([N+](=O)[O-])=CC=C1C1=CC=C(O)C=C1,CN(C)S(=O)(=O)OC1=CC=C(C2=CC=C([N+](=O)[O-])C=C2C#N)C=C1,Predict the outcome of the reaction given the reactants CN(C)S(=O)(=O)Cl.N#CC1=CC([N+](=O)[O-])=CC=C1C1=CC=C(O)C=C1.,forward reaction prediction,train
COC1=CC(C=CC=O)=CC=C1OCC1=C(C)OC(C2=CC=CO2)=N1.O=C1CSC(=O)N1,COC1=CC(CCCC2SC(=O)NC2=O)=CC=C1OCC1=C(C)OC(C2=CC=CO2)=N1,What is the expected product for the reaction with the reactants COC1=CC(C=CC=O)=CC=C1OCC1=C(C)OC(C2=CC=CO2)=N1.O=C1CSC(=O)N1? Explain.,forward reaction prediction,train
CN(C)C=O.ClCC1=CSC(C2=CC=C(Cl)C=C2)=N1.N#CC1=C(Cl)N=C2NC(=O)NC(=O)C2=C1C1=CC=CC=C1.O.O=C([O-])O.[Na+].[S-2],N#CC1=C(SCC2=CSC(C3=CC=C(Cl)C=C3)=N2)N=C2NC(=O)NC(=O)C2=C1C1=CC=CC=C1,"Given the following reactant(s) CN(C)C=O.ClCC1=CSC(C2=CC=C(Cl)C=C2)=N1.N#CC1=C(Cl)N=C2NC(=O)NC(=O)C2=C1C1=CC=CC=C1.O.O=C([O-])O.[Na+].[S-2], predict the most likely product.",forward reaction prediction,train
CC(O)C1=NC=CS1.O.O=C(O)CBr,CC(O)C1SC=CN1CC(=O)O,"Given the following reactant(s) CC(O)C1=NC=CS1.O.O=C(O)CBr, predict the most likely product.",forward reaction prediction,train
CCOC(C)=O.CN1C(=O)C(C2=C(Cl)C=CC=C2Cl)=CC2=CN=C(S(C)(=O)=O)N=C21.NC1=CC=C2OCOC2=C1,CN1C(=O)C(C2=C(Cl)C=CC=C2Cl)=CC2=CN=C(NC3=CC=C4OCOC4=C3)N=C21,"Given the following reactant(s) CCOC(C)=O.CN1C(=O)C(C2=C(Cl)C=CC=C2Cl)=CC2=CN=C(S(C)(=O)=O)N=C21.NC1=CC=C2OCOC2=C1, predict the most likely product.",forward reaction prediction,train
C=CCCCC(Br)CCC.CN1C=CC(=O)NC1=O.CS(C)=O.O.[H-].[Na+],C=CCCCCCCCN1C(=O)C=CN(C)C1=O,"Using the input C=CCCCC(Br)CCC.CN1C=CC(=O)NC1=O.CS(C)=O.O.[H-].[Na+], provide your prediction for the product of the reaction.",forward reaction prediction,train
CC(C)C[AlH]CC(C)C.CCOC(=O)[C@H](C)O[Si](C)(C)C(C)(C)C.CO.ClCCl.O=C([O-])C(O)C(O)C(=O)[O-].[K+].[Na+],C[C@@H](C=O)O[Si](C)(C)C(C)(C)C,What is the expected product for the reaction with the reactants CC(C)C[AlH]CC(C)C.CCOC(=O)[C@H](C)O[Si](C)(C)C(C)(C)C.CO.ClCCl.O=C([O-])C(O)C(O)C(=O)[O-].[K+].[Na+]? Explain.,forward reaction prediction,valid
CN1N=NN=C1SCCCCS(=O)(=O)C1=NN=NN1C.O.O=CO.OO,CN1N=NN=C1S(=O)CCCCS(=O)(=O)C1=NN=NN1C,"Given the following reactant(s) CN1N=NN=C1SCCCCS(=O)(=O)C1=NN=NN1C.O.O=CO.OO, predict the most likely product.",forward reaction prediction,valid
CC(=O)CCl.CC(C)=O.O=C([O-])[O-].O=C1C=C2CCC3=CC=C(F)C=C3C2=NN1C1=CC=C(O)C=C1.[K+],CC(=O)COC1=CC=C(N2N=C3C(=CC2=O)CCC2=CC=C(F)C=C23)C=C1,Analyze the structure of CC(=O)CCl.CC(C)=O.O=C([O-])[O-].O=C1C=C2CCC3=CC=C(F)C=C3C2=NN1C1=CC=C(O)C=C1.[K+] and predict what product it will yield.,forward reaction prediction,valid
COC(=O)C1(NC(=O)OC(C)(C)C)CCNCC1.OB(O)C1=CN=C(Cl)N=C1,COC(=O)C1(NC(=O)OC(C)(C)C)CCN(C2=NC=C(B(O)O)C=N2)CC1,What is the expected product for the reaction with the reactants COC(=O)C1(NC(=O)OC(C)(C)C)CCNCC1.OB(O)C1=CN=C(Cl)N=C1? Explain.,forward reaction prediction,valid
CCN(CC)CC.CS(=O)(=O)Cl.ClCCl.O=CC1=CC=C2C=CC(CO)=CC2=C1.[Cl-].[NH4+],CS(=O)(=O)OCC1=CC=C2C=CC(C=O)=CC2=C1,What is the expected product for the reaction with the reactants CCN(CC)CC.CS(=O)(=O)Cl.ClCCl.O=CC1=CC=C2C=CC(CO)=CC2=C1.[Cl-].[NH4+]? Explain.,forward reaction prediction,valid
C=C(C#N)C(=O)OCC.COCN(CC1=CC=CC=C1)C[Si](C)(C)C.ClCCl.O=C(O)C(F)(F)F,CCOC(=O)C1(C#N)CCN(CC2=CC=CC=C2)C1,Analyze the reactant(s) C=C(C#N)C(=O)OCC.COCN(CC1=CC=CC=C1)C[Si](C)(C)C.ClCCl.O=C(O)C(F)(F)F and predict the expected product. Explain your reasoning.,forward reaction prediction,valid
C1=CSC=N1.C1CCOC1.CC(=O)C1CCN(C(=O)OC(C)(C)C)CC1.[Li]CCCC,CC(C)(C)OC(=O)N1CCC(C(C)(O)C2=NC=CS2)CC1,What is the expected product for the reaction with the reactants C1=CSC=N1.C1CCOC1.CC(=O)C1CCN(C(=O)OC(C)(C)C)CC1.[Li]CCCC? Explain.,forward reaction prediction,valid
COC1=CC(C(=O)O)=CC=C1C1=CC=CC=N1.C[Si](C)(C)OP(=O)=O.NC1=CN=CC=C1O,COC1=CC(C2=NC3=CN=CC=C3O2)=CC=C1C1=CC=CC=N1,Analyze the reactant(s) COC1=CC(C(=O)O)=CC=C1C1=CC=CC=N1.C[Si](C)(C)OP(=O)=O.NC1=CN=CC=C1O and predict the expected product. Explain your reasoning.,forward reaction prediction,valid
CC(=O)O.CCOCC.COC(=O)C1CCC(OC)=N1.O=C([O-])[O-].[K+].[N-]=[N+]=[N-].[Na+],COC(=O)C1CCC2=NN=NN21,"Using the input CC(=O)O.CCOCC.COC(=O)C1CCC(OC)=N1.O=C([O-])[O-].[K+].[N-]=[N+]=[N-].[Na+], provide your prediction for the product of the reaction.",forward reaction prediction,valid
C1=CC=C([PH](C2=CC=CC=C2)(C2=CC=CC=C2)[Pd]([PH](C2=CC=CC=C2)(C2=CC=CC=C2)C2=CC=CC=C2)([PH](C2=CC=CC=C2)(C2=CC=CC=C2)C2=CC=CC=C2)[PH](C2=CC=CC=C2)(C2=CC=CC=C2)C2=CC=CC=C2)C=C1.CC(C)(C)OC(=O)N1C=C(I)C2=CC([N+](=O)[O-])=CC=C21.CCCC[Sn](CCCC)(CCCC)C1=CN=CC(N2CCC(NC(=O)OC(C)(C)C)CC2)=N1.CN(C)C=O,CC(C)(C)OC(=O)NC1CCN(C2=CN=CC(C3=CN(C(=O)OC(C)(C)C)C4=CC=C([N+](=O)[O-])C=C34)=N2)CC1,"Given the following reactant(s) C1=CC=C([PH](C2=CC=CC=C2)(C2=CC=CC=C2)[Pd]([PH](C2=CC=CC=C2)(C2=CC=CC=C2)C2=CC=CC=C2)([PH](C2=CC=CC=C2)(C2=CC=CC=C2)C2=CC=CC=C2)[PH](C2=CC=CC=C2)(C2=CC=CC=C2)C2=CC=CC=C2)C=C1.CC(C)(C)OC(=O)N1C=C(I)C2=CC([N+](=O)[O-])=CC=C21.CCCC[Sn](CCCC)(CCCC)C1=CN=CC(N2CCC(NC(=O)OC(C)(C)C)CC2)=N1.CN(C)C=O, predict the most likely product.",forward reaction prediction,valid
C.C1=CSC=C1.C1CCOC1.CC(=O)O.CC1=CC=C(C2=C(Cl)N=CN=C2Cl)C=C1.CCCCCC.N#CC1=C(C#N)C(=O)C(Cl)=C(Cl)C1=O.O.[Li]CCCC,CC1=CC=C(C2=C(Cl)N=C(C3=CC=CS3)N=C2Cl)C=C1,Predict the outcome of the reaction given the reactants C.C1=CSC=C1.C1CCOC1.CC(=O)O.CC1=CC=C(C2=C(Cl)N=CN=C2Cl)C=C1.CCCCCC.N#CC1=C(C#N)C(=O)C(Cl)=C(Cl)C1=O.O.[Li]CCCC.,forward reaction prediction,test
C1CCOC1.CCCCCC.CCOC(C)=O.NCCC1=CNC2=CC=CC=C12.O=C(N1C=CN=C1)N1C=CN=C1.OCC1CC1,O=C(NCCC1=CNC2=CC=CC=C12)OCC1CC1,Predict the outcome of the reaction given the reactants C1CCOC1.CCCCCC.CCOC(C)=O.NCCC1=CNC2=CC=CC=C12.O=C(N1C=CN=C1)N1C=CN=C1.OCC1CC1.,forward reaction prediction,test
C=CC=O.CCO.COC1=CC2=C(C=C1N)O[C@H](COS(=O)(=O)C1=CC=C(C)C=C1)CO2.Cl.O=C1C(Cl)=C(Cl)C(=O)C2=CC=CC=C12.[Na+].[OH-],COC1=CC2=C(OC(COS(=O)(=O)C3=CC=C(C)C=C3)CO2)C2=CC=CN=C12,"Based on the molecular input C=CC=O.CCO.COC1=CC2=C(C=C1N)O[C@H](COS(=O)(=O)C1=CC=C(C)C=C1)CO2.Cl.O=C1C(Cl)=C(Cl)C(=O)C2=CC=CC=C12.[Na+].[OH-], predict the product of the reaction.",forward reaction prediction,test
CC1=CC2=CC(Br)=CN=C2N1.ClCCl.O=C(Cl)CCl.[Al+3].[Cl-],CC1=C(C(=O)CCl)C2=CC(Br)=CN=C2N1,What is the expected product for the reaction with the reactants CC1=CC2=CC(Br)=CN=C2N1.ClCCl.O=C(Cl)CCl.[Al+3].[Cl-]? Explain.,forward reaction prediction,test
CCN(C(C)=O)C1=CC=CC(C2=CC=NC3=CC=NN23)=C1.ClCCl.ClN1N=NC2=CC=CC=C21,CCN(C(C)=O)C1=CC=CC(C2=CC=NC3=C(Cl)C=NN23)=C1,Analyze the reactant(s) CCN(C(C)=O)C1=CC=CC(C2=CC=NC3=CC=NN23)=C1.ClCCl.ClN1N=NC2=CC=CC=C21 and predict the expected product. Explain your reasoning.,forward reaction prediction,test
CC#CCOC1=NC=NC(Cl)=C1F.CN(C)C=O.O=C([O-])[O-].OC1=CC=CC=C1.[Cl-].[K+].[NH4+],CC#CCOC1=NC=NC(OC2=CC=CC=C2)=C1F,"Using the reactants CC#CCOC1=NC=NC(Cl)=C1F.CN(C)C=O.O=C([O-])[O-].OC1=CC=CC=C1.[Cl-].[K+].[NH4+], determine the product of the chemical reaction.",forward reaction prediction,test
CC1=CC=CC=C1N.ClC1=CC=C(Cl)C(Cl)=C1.O=C(OC1=CC=CC=C1)C1=CC=CC=C1O.OC1=CC=CC=C1,CC1=CC=CC=C1NC(=O)C1=CC=CC=C1O,"Using the input CC1=CC=CC=C1N.ClC1=CC=C(Cl)C(Cl)=C1.O=C(OC1=CC=CC=C1)C1=CC=CC=C1O.OC1=CC=CC=C1, provide your prediction for the product of the reaction.",forward reaction prediction,test
CC1(C)[C@@H]2CC[C@@]1(C)C1=C2C(=O)N(C2=CC=C(Cl)C=C2)N1.COS(=O)(=O)OC.[Na+].[OH-],CN1C2=C(C(=O)N1C1=CC=C(Cl)C=C1)[C@H]1CC[C@]2(C)C1(C)C,What is the expected product for the reaction with the reactants CC1(C)[C@@H]2CC[C@@]1(C)C1=C2C(=O)N(C2=CC=C(Cl)C=C2)N1.COS(=O)(=O)OC.[Na+].[OH-]? Explain.,forward reaction prediction,test
CC(C)=O.Cl.NS(=O)(=O)C1CCCC1.O=C=NC1=CC=C(Br)C=C1.[Na+].[OH-],O=C(NC1=CC=C(Br)C=C1)NS(=O)(=O)C1CCCC1,"Given the following reactant(s) CC(C)=O.Cl.NS(=O)(=O)C1CCCC1.O=C=NC1=CC=C(Br)C=C1.[Na+].[OH-], predict the most likely product.",forward reaction prediction,test
CC(C)O.CCOC(=O)C1=C(C2=CC=C(O)C=C2)C(=O)C2=C(O)C=C(O)C=C2O1.Cl,CC(C)OC(=O)C1=C(C2=CC=C(O)C=C2)C(=O)C2=C(O)C=C(O)C=C2O1,"Based on the molecular input CC(C)O.CCOC(=O)C1=C(C2=CC=C(O)C=C2)C(=O)C2=C(O)C=C(O)C=C2O1.Cl, predict the product of the reaction.",forward reaction prediction,test
CC/C(C)=N/NC1=NC(C2=CC=C(Cl)C=C2)=CS1,"The molecule is a member of the class of 1,3-thiazoles that is 2-[2-(butan-2-ylidene)hydrazino]-1,3-thiazole carrying an additional 4-chlorophenyl substituent at position 4. It has a role as an EC 2.3.1.48 (histone acetyltransferase) inhibitor. It is a member of 1,3-thiazoles, a hydrazone and a member of monochlorobenzenes.",What does the molecular structure CC/C(C)=N/NC1=NC(C2=CC=C(Cl)C=C2)=CS1 represent? Provide a description.,mol_cap,train
CC1=NC=C(C[N+]2=CSC(CCOP(=O)(O)O)=C2C)C(N)=N1,"The molecule is a thiamine phosphate that is thiamin(1+) in which the hydroxy group is replaced by a phosphate group. It has a role as a plant metabolite, a human metabolite, a Saccharomyces cerevisiae metabolite, an Escherichia coli metabolite, a mouse metabolite, an Arabidopsis thaliana metabolite and a mammalian metabolite. It is a vitamin B1 and a thiamine phosphate. It is a conjugate acid of a thiamine(1+) monophosphate(1-).",Describe the molecule represented by the following SMILES string: CC1=NC=C(C[N+]2=CSC(CCOP(=O)(O)O)=C2C)C(N)=N1.,mol_cap,train
CC[C@H](C)C(=O)C/C=C\C[C@@H](O)[C@@H](CC)C(=O)[O-],The molecule is the conjugate base of ketomycolic acid type-3 (XIII). A class of mycolic acids characterized by the presence of a proximal cis C=C double bond and a distal oxo group and a (CH-CH3) fragment of (S) stereochemistry in the meromycolic chain.,"Based on the SMILES CC[C@H](C)C(=O)C/C=C\C[C@@H](O)[C@@H](CC)C(=O)[O-], generate a molecular caption.",mol_cap,train
[NH3+]C1C(C(=O)[O-])=CC=CC1O,"The molecule is an amino acid zwitterion, obtained by transfer of a proton from the carboxylic acid group to the amino group of 2,3-dihydro-3-hydroxyanthranilic acid. It is a tautomer of a 2,3-dihydro-3-hydroxyanthranilic acid.",Analyze the structure of the molecule [NH3+]C1C(C(=O)[O-])=CC=CC1O and provide its description.,mol_cap,train
C[C@H](COC1=CC=CC=C1)N[C@H](C)[C@@H](O)C1=CC=C(O)C=C1,The molecule are greater on the arteries supplying skeletal muscle than on those supplying skin. It is used in the treatment of peripheral vascular disease and in premature labor.,"For the molecule C[C@H](COC1=CC=CC=C1)N[C@H](C)[C@@H](O)C1=CC=C(O)C=C1, provide a molecular caption highlighting its key features.",mol_cap,train
CC(N)C(=O)CCCCCC(=O)O,The molecule is the 8-amino-7-oxo derivative of nonanoic acid. It has a role as a Saccharomyces cerevisiae metabolite. It is a 7-oxo monocarboxylic acid and an amino acid. It is functionally related to a nonanoic acid. It is a conjugate acid of an 8-amino-7-oxononanoate. It is a tautomer of an 8-amino-7-oxononanoic acid zwitterion.,Describe the functional groups and structure of the molecule: CC(N)C(=O)CCCCCC(=O)O.,mol_cap,train
OC1=CC=C2C[C@H]3N(CC4CCC4)CC[C@]45C2=C1O[C@H]4[C@@H](O)CC[C@@]35O,"The molecule is an Opioid Agonist/Antagonist. The mechanism of action of it is as a Competitive Opioid Antagonist, and Partial Opioid Agonist.",Analyze the structure of the molecule OC1=CC=C2C[C@H]3N(CC4CCC4)CC[C@]45C2=C1O[C@H]4[C@@H](O)CC[C@@]35O and provide its description.,mol_cap,train
CN1C(=O)CC(C)(C2=CC=CC=C2)C1=O,"The molecule is only found in individuals that have used or taken this drug. It is an anticonvulsant medication. It is sold by Pfizer under the name Petinutin. [Wikipedia] Binds to T-type voltage sensitive calcium channels. Voltage-sensitive calcium channels (VSCC) mediate the entry of calcium ions into excitable cells and are also involved in a variety of calcium-dependent processes, including muscle contraction, hormone or neurotransmitter release, gene expression, cell motility, cell division and cell death. The isoform alpha-1G gives rise to T-type calcium currents. T-type calcium channels belong to the low-voltage activated (LVA) group and are strongly blocked by mibefradil. A particularity of this type of channels is an opening at quite negative potentials and a voltage-dependent inactivation. T-type channels serve pacemaking functions in both central neurons and cardiac nodal cells and support calcium signaling in secretory cells and vascular smooth muscle. They may also be involved in the modulation of firing patterns of neurons which is important for information processing as well as in cell growth processes.",What is the molecular description of the compound CN1C(=O)CC(C)(C2=CC=CC=C2)C1=O?,mol_cap,train
C1CCNCC1,"The molecule appears as a clear colorless liquid with a pepper-like odor. Less dense than water, but miscible in water. Will float on water. Flash point 37 °F. Melting point -15.8 °F (-9 °C). Boiling point 222.8 °F (106 °C). May severely irritate skin and eyes. May be toxic by ingestion and inhalation. Vapors heavier than air. Used to make rubber and as a solvent.",What is the molecular description of the compound C1CCNCC1?,mol_cap,train
C[C@@H]1CN(C2=NN=C(CC3=CC=CC=C3)C3=CC=C(Cl)C=C23)CCN1C1=CC=C(C#N)C=N1,"The molecule is a member of the class of piperazines that is (R)-2-methylpiperazine in which the two amino hydrogens at positions 1 and 4 are replaced by 5-cyanopyridin-2-yl and 4-benzyl-7-chlorophthalazin-1-yl groups respectively. It has a role as an EC 4.1.2.27 (sphinganine-1-phosphate aldolase) inhibitor. It is a N-arylpiperazine, a member of phthalazines, an organochlorine compound and a cyanopyridine.",Analyze the molecule C[C@@H]1CN(C2=NN=C(CC3=CC=CC=C3)C3=CC=C(Cl)C=C23)CCN1C1=CC=C(C#N)C=N1 and summarize its structural features in a caption.,mol_cap,train
CC1=NC=C(C(=O)O)C(C(=O)O)=C1O,"The molecule is a monohydroxypyridine and a member of methylpyridines. It is functionally related to a cinchomeronic acid. It is a conjugate acid of a 5-hydroxy-6-methylpyridine-3,4-dicarboxylate and a 5-oxido-6-methylpyridinium-3,4-dicarboxylate.",Analyze the structure of the molecule CC1=NC=C(C(=O)O)C(C(=O)O)=C1O and provide its description.,mol_cap,train
C=C1C[C@]23C[C@H]1CC[C@H]2[C@]1(C)CC[C@H](O)[C@@](C)(C(=O)[O-])[C@H]1[C@@H]3C(=O)[O-],The molecule is a dicarboxylic acid anion obtained by deprotonation of both carboxy groups of gibberellin A14. It is a dicarboxylic acid dianion and a gibberellin carboxylic acid anion. It is a conjugate base of a gibberellin A14.,"Using the molecular structure C=C1C[C@]23C[C@H]1CC[C@H]2[C@]1(C)CC[C@H](O)[C@@](C)(C(=O)[O-])[C@H]1[C@@H]3C(=O)[O-], provide a comprehensive description.",mol_cap,train
O=C(CCCCCCCC(=O)NCCO)NCCO,The molecule is under investigation in clinical trial NCT01420510 (Saginil in vs. Placebo for Gynecologic Oncology Patients Affected by Vaginitis).,"For the molecule O=C(CCCCCCCC(=O)NCCO)NCCO, provide a molecular caption highlighting its key features.",mol_cap,train
CCCCCCC(CCCC)COS(=O)(=O)O,The molecule is an alkyl sulfate that is the mono(2-butyloctyl) ester of sulfuric acid. It has a role as a surfactant. It derives from a 2-butyl-1-octanol. It is a conjugate acid of a 2-butyloctyl sulfate.,Analyze the molecule CCCCCCC(CCCC)COS(=O)(=O)O and summarize its structural features in a caption.,mol_cap,train
CC(O)CCCCC(=O)O,The molecule is an (omega-1)-hydroxy fatty acid that is heptanoic acid in which one of the hydrogens at position 6 is replaced by a hydroxy group. It is a medium-chain fatty acid and an (omega-1)-hydroxy fatty acid. It derives from a heptanoic acid.,Provide a detailed molecular caption for the given SMILES: CC(O)CCCCC(=O)O.,mol_cap,train
S=[Sb]S[Sb]=S,The molecule is a mineral with formula of Sb3+2S2-3 or Sb2S3. The corresponding IMA (International Mineralogical Association) number is  . The IMA symbol is Sbn.,Analyze the structure of the molecule S=[Sb]S[Sb]=S and provide its description.,mol_cap,train
COC1=CC=C(C(C)(C)O)C=C1,The molecule is a tertiary alcohol that is propan-2-ol substituted by a 4-methoxyphenyl group at position 2. Metabolite observed in cancer metabolism. It has a role as a human metabolite. It is a monomethoxybenzene and a tertiary alcohol.,Provide a detailed molecular caption for the given SMILES: COC1=CC=C(C(C)(C)O)C=C1.,mol_cap,train
COC1=C(NC(CO)CCC(=O)O)CC(O)(CO)CC1=O,The molecule is an organooxygen compound and an organonitrogen compound. It is functionally related to a gamma-amino acid.,What is the molecular description of the compound COC1=C(NC(CO)CCC(=O)O)CC(O)(CO)CC1=O?,mol_cap,train
CC(O)C(C)/C=C/C1=CC2=C(Cl)C(=O)C3(C)OC4(O)C(C)C(C)OC(=O)C4C3C2=CO1,"The molecule is an organic heterotetracyclic compound with formula C23H27ClO7 isolated from Chaetomium globosum. It is a diastereoisomer of chaetomugilin A (which has a significantly different optical rotation). It has a role as a Chaetomium metabolite. It is an enone, a lactol, a delta-lactone, an organochlorine compound and an organic heterotetracyclic compound.","For the molecule CC(O)C(C)/C=C/C1=CC2=C(Cl)C(=O)C3(C)OC4(O)C(C)C(C)OC(=O)C4C3C2=CO1, provide a molecular caption highlighting its key features.",mol_cap,train
CC[C@H](C)[C@H](N)C(=O)O,The molecule is an isomer of leucine. It is important in hemoglobin synthesis and regulation of blood sugar and energy levels.,What is the molecular description of the compound CC[C@H](C)[C@H](N)C(=O)O?,mol_cap,train
C1=CC=C2C(=C1)C=CC1=CC=CC=C12,"The molecule is a polycyclic aromatic hydrocarbon composed of three fused benzene rings which takes its name from the two terms 'phenyl' and 'anthracene.' It has a role as an environmental contaminant and a mouse metabolite. It is an ortho-fused polycyclic arene, an ortho-fused tricyclic hydrocarbon and a member of phenanthrenes.",What does the molecular structure C1=CC=C2C(=C1)C=CC1=CC=CC=C12 represent? Provide a description.,mol_cap,train
O=C1CCC[C@@H]2[C@H]3CCC[N@+]4([O-])CCC[C@@H](CN12)[C@@H]34,The molecule is under investigation in clinical trial NCT02202473 (Oxymatrine Plus Lamivudine Combination Therapy Versus Lamivudine Monotherapy for Chronic Hepatitis B Infected Subjects).,Describe the molecule represented by the following SMILES string: O=C1CCC[C@@H]2[C@H]3CCC[N@+]4([O-])CCC[C@@H](CN12)[C@@H]34.,mol_cap,train
C=CC(C)(CC/C=C(\C)CCC=C(C)C)OP(=O)(O)OP(=O)(O)O,The molecule is a polyprenyl diphosphate. It is functionally related to a nerolidol.,What does the molecular structure C=CC(C)(CC/C=C(\C)CCC=C(C)C)OP(=O)(O)OP(=O)(O)O represent? Provide a description.,mol_cap,train
O=CCCC1=CC=CC=C1,The molecule is a benzene which is substituted by a 3-oxopropyl group at position 1. It has a role as a flavouring agent and a plant metabolite. It is an aldehyde and a member of benzenes. It is functionally related to a benzene.,Provide a detailed molecular caption for the given SMILES: O=CCCC1=CC=CC=C1.,mol_cap,train
CC1=C(C)C(=O)O[C@@H]([C@@H](C)[C@H]2CC[C@H]3[C@@H]4CCC5=CC(=O)C=C[C@]5(C)[C@H]4CC[C@]23C=O)C1,"The molecule is a withanolide that is 22,26-epoxyergosta-1,4,24-triene-18-al substituted by oxo groups at positions 3 and 26. Isolated from a Formosan soft coral, Paraminabea acronocephala, it exhibits cytotoxic activity. It has a role as a coral metabolite, an antineoplastic agent and an EC 1.14.13.39 (nitric oxide synthase) inhibitor. It is an ergostanoid, a withanolide, a delta-lactone, a 3-oxo-Delta(1),Delta(4)-steroid and a steroid aldehyde.",Analyze the molecule CC1=C(C)C(=O)O[C@@H]([C@@H](C)[C@H]2CC[C@H]3[C@@H]4CCC5=CC(=O)C=C[C@]5(C)[C@H]4CC[C@]23C=O)C1 and summarize its structural features in a caption.,mol_cap,train
C[C@]12CC[C@H](O)C[C@H]1CC[C@@H]1[C@@H]2C[C@@H](O)[C@]2(C)[C@@H]([C@@H]3COC(=O)C3)CC[C@]12O,"The molecule is a hydroxy steroid that is the 20,22-dihydro derivative of digoxigenin, consisting of 5beta-cardanolide with hydroxy groups at the 3beta-, 12beta- and 14beta-positions. It is a 3beta-hydroxy steroid, a 12beta-hydroxy steroid and a 14beta-hydroxy steroid. It is functionally related to a digoxigenin.",Analyze the molecule C[C@]12CC[C@H](O)C[C@H]1CC[C@@H]1[C@@H]2C[C@@H](O)[C@]2(C)[C@@H]([C@@H]3COC(=O)C3)CC[C@]12O and summarize its structural features in a caption.,mol_cap,train
COC1=CC(O[C@@H]2O[C@H](C(=O)O)[C@@H](O)[C@H](O)[C@H]2O)=CC=C1NC(C)=O,"The molecule is a beta-D-glucosiduronic acid that is 2-methoxyacetaminophen in which the phenolic hydrogen is replaced by a beta-D-glucuronosyl group. It has a role as a drug metabolite. It is a beta-D-glucosiduronic acid, a member of acetamides and a monomethoxybenzene. It derives from a paracetamol. It is a conjugate acid of a 2-methoxyacetaminophen glucuronide(1-).",Provide a detailed molecular caption for the given SMILES: COC1=CC(O[C@@H]2O[C@H](C(=O)O)[C@@H](O)[C@H](O)[C@H]2O)=CC=C1NC(C)=O.,mol_cap,train
OC1=CC=CC=C1/C=C/C1=CC=C2C=CC=CC2=[NH+]1,The molecule is an organic cation resulting from the protonation of the nitrogen of quininib. The major species below pH 4. It is a conjugate acid of a quininib.,Analyze the molecule OC1=CC=CC=C1/C=C/C1=CC=C2C=CC=CC2=[NH+]1 and summarize its structural features in a caption.,mol_cap,train
C/C(C(=O)[O-])=C(/CC(=O)[O-])C(=O)[O-],"The molecule is tricarboxylate anion of of (2E)-but-2-ene-1,2,3-tricarboxylic acid. It is a conjugate base of a (2E)-but-2-ene-1,2,3-tricarboxylic acid.",Describe the functional groups and structure of the molecule: C/C(C(=O)[O-])=C(/CC(=O)[O-])C(=O)[O-].,mol_cap,train
CCCCC1=NN(CC2=CC=C(C3=CC=CC=C3C3=NNN=N3)N=C2)C(CCCC)=N1,"The molecule is a member of the class of pyridines that is pyridine which is substituted at positions 2 and 5 by o-(tetrazol-5-yl)phenyl and (3,5-dibutyl-1,2,4-triazol-1-yl)methyl groups, respectively. It is a nonpeptide antagonist of angiotensin II, type 1 (AT1) receptors, used for the treatment of hypertension. It has a role as an angiotensin receptor antagonist and an antihypertensive agent. It is a member of tetrazoles, a member of pyridines, a member of triazoles and a member of benzenes.",What does the molecular structure CCCCC1=NN(CC2=CC=C(C3=CC=CC=C3C3=NNN=N3)N=C2)C(CCCC)=N1 represent? Provide a description.,mol_cap,train
O=C(O)[C@H]1O[C@](O)(CO)[C@@H](O)[C@@H]1O,The molecule is the beta anomer of D-fructofuranuronic acid. It derives from a beta-D-fructofuranose. It is a conjugate acid of a beta-D-fructuronate.,Provide a detailed molecular caption for the given SMILES: O=C(O)[C@H]1O[C@](O)(CO)[C@@H](O)[C@@H]1O.,mol_cap,train
C#CCOC(=O)[C@@H](C)OC1=CC=C(OC2=NC=C(Cl)C=C2F)C=C1,The molecule is used as a herbicide for weed control in wheat.,What is the molecular description of the compound C#CCOC(=O)[C@@H](C)OC1=CC=C(OC2=NC=C(Cl)C=C2F)C=C1?,mol_cap,train
CC(C)C1=CC2=C(C=C1O)[C@]13CCC[C@](C)(CO[C@@H]1O)[C@@H]3CC2,"The molecule is an abietane diterpenoid isolated from the stem bark of Fraxinus sieboldiana. It has a role as a plant metabolite. It is a tetracyclic diterpenoid, an abietane diterpenoid and a cyclic ether.","Using the molecular structure CC(C)C1=CC2=C(C=C1O)[C@]13CCC[C@](C)(CO[C@@H]1O)[C@@H]3CC2, provide a comprehensive description.",mol_cap,train
C[C@@H](O)CCC(=O)O,"The molecule is an (omega-1)-hydroxy fatty acid that is valeric acid in which the 4-pro-R hydrogen is replaced by a hydroxy group. It is an (omega-1)-hydroxy fatty acid, a short-chain fatty acid and a 4-hydroxy monocarboxylic acid. It is functionally related to a valeric acid.","For the molecule C[C@@H](O)CCC(=O)O, provide a molecular caption highlighting its key features.",mol_cap,train
C=C1C(=O)O[C@H]2C=C(C)[C@@H]3CC[C@](C)(O)[C@@H]3C[C@H]12,"The molecule is a sesquiterpene lactone that is 3a,4,4a,5,6,7,7a,9a-octahydroazuleno[6,5-b]furan-2(3H)-one substituted by a hydroxy group at position 5, methyl groups at positions 5 and 8 and a methylidene group at position 3 (the 3aR,4aR,5S,7aR,9aS stereoisomer). It has been isolated from the aerial parts of Inula hupehensis. It has a role as a metabolite, an anti-inflammatory agent and a plant metabolite. It is a gamma-lactone, an organic heterotricyclic compound, a sesquiterpene lactone and a tertiary alcohol.","Using the molecular structure C=C1C(=O)O[C@H]2C=C(C)[C@@H]3CC[C@](C)(O)[C@@H]3C[C@H]12, provide a comprehensive description.",mol_cap,train
COC1=CC(O)=C2C(=O)C(OC)=C(C3=CC=C(O)C(OC)=C3)OC2=C1,"The molecule is a trimethoxyflavone that is quercetin in which the hydroxy groups at position 3, 7 and 3' are replaced by methoxy groups. It has been isolated from Combretum quadrangulare and Euodia elleryana. It has a role as a plant metabolite and an antiemetic. It is a dihydroxyflavone and a trimethoxyflavone. It derives from a quercetin.",Describe the functional groups and structure of the molecule: COC1=CC(O)=C2C(=O)C(OC)=C(C3=CC=C(O)C(OC)=C3)OC2=C1.,mol_cap,train
COC(=O)/C(CCC=C(C)C)=C1\[C@@H](OC(C)=O)C[C@@]2(C)[C@H]1CC[C@H]1[C@@]3(C)C=CC(=O)[C@@H](C)[C@@H]3[C@H](OC(C)=O)C(=O)[C@@]12C,"The molecule is a methyl ester resulting from the formal condensation of the carboxy group of helvolic acid with methanol. Isolated from the fermentation of endophytic fungus Fusarium sp. in Ficus carica leaves. It has a role as an antifungal agent, a fungal metabolite and an antibacterial agent. It is a 3-oxo-Delta(1) steroid, a methyl ester and an acetate ester. It derives from a helvolic acid.",Describe the functional groups and structure of the molecule: COC(=O)/C(CCC=C(C)C)=C1\[C@@H](OC(C)=O)C[C@@]2(C)[C@H]1CC[C@H]1[C@@]3(C)C=CC(=O)[C@@H](C)[C@@H]3[C@H](OC(C)=O)C(=O)[C@@]12C.,mol_cap,train
CCC(C)(O)C(=O)C(=O)O,"The molecule is a 3-hydroxylated derivative of 3-methyl-2-oxovaleric acid. It is a 2-oxo monocarboxylic acid, a 3-hydroxy monocarboxylic acid, an oxo fatty acid, a hydroxy fatty acid and a tertiary alpha-hydroxy ketone. It is functionally related to a valeric acid. It is a conjugate acid of a 3-hydroxy-3-methyl-2-oxopentanoate.",What is the molecular description of the compound CCC(C)(O)C(=O)C(=O)O?,mol_cap,train
CCCC(=O)NCCO,The molecule is an N-(saturated fatty acyl)ethanolamine that is the ethanolamide of butanoic acid. It is functionally related to a butyric acid.,"Using the molecular structure CCCC(=O)NCCO, provide a comprehensive description.",mol_cap,train
CC(=O)OOC(C)(C)C,The molecule is sensitive to heat. Storage of this material must be done so with stringent temperature control measures. Its explosion hazard is also mitigated by mixing the peroxide with an inert solid.,Describe the functional groups and structure of the molecule: CC(=O)OOC(C)(C)C.,mol_cap,train
O=C(O)C(=O)C[C@@H](O)[C@H](O)CO,The molecule is the 2-dehydro-3-deoxy derivative of D-galactonic acid. It has a role as an Escherichia coli metabolite. It is a ketoaldonic acid and a hexonic acid. It derives from a galactonic acid. It is a conjugate acid of a 2-dehydro-3-deoxy-D-galactonate. It is an enantiomer of a 2-keto-3-deoxy-L-galactonic acid.,Describe the molecule represented by the following SMILES string: O=C(O)C(=O)C[C@@H](O)[C@H](O)CO.,mol_cap,train
OC[C@H]1O[C@@H](O)[C@H](O)[C@@H](O)[C@H]1O,The molecule is often attached to a Cer aglycon.,Describe the molecule represented by the following SMILES string: OC[C@H]1O[C@@H](O)[C@H](O)[C@@H](O)[C@H]1O.,mol_cap,train
CC(C)(O)CC(=O)OC(CC(=O)[O-])C[N+](C)(C)C,The molecule is an O-acylcarnitine having 3-hydroxyisovaleryl as the acyl substituent. It has a role as a human metabolite. It derives from a 3-hydroxyisovaleric acid.,"For the molecule CC(C)(O)CC(=O)OC(CC(=O)[O-])C[N+](C)(C)C, provide a molecular caption highlighting its key features.",mol_cap,train
O=C1C=C(N2CCOCC2)OC2=C(C3=CC=CC=C3)C=CC=C12,"The molecule is a morpholine-based inhibitor of phosphatidylinositol 3-kinase (PI3K) and the bromodomain and extra-terminal (BET) family of proteins, with potential antineoplastic activity. Upon administration, the PI3K/BET inhibitor LY294002 specifically targets and binds to both PI3K and the acetylated lysine recognition motifs in the bromodomains of BET proteins. Inhibition of PI3K activity inhibits the PI3K/AKT kinase signaling pathway. This may result in inhibition of growth and survival for tumor cells in which the PI3K-mediated signaling pathway is overactivated. Inhibition of BET proteins prevents their interaction with acetylated histones, disrupts chromatin remodeling and inhibits the expression of oncogenic drivers that are important for cell proliferation and survival, which together may lead to an inhibition of proliferation in BET-overexpressing tumor cells. Activation of the PI3K signaling pathway is frequently associated with tumorigenesis. BET proteins, comprised of BRD2, BRD3, BRD4 and BRDT, are transcriptional regulators and play an important role during development and cellular growth. In tumor cells, BET proteins play a key role in the regulation of oncogene transcription and tumor cell proliferation.",What is the molecular description of the compound O=C1C=C(N2CCOCC2)OC2=C(C3=CC=CC=C3)C=CC=C12?,mol_cap,train
C[Si](CN1C=NC=N1)(C1=CC=C(F)C=C1)C1=CC=C(F)C=C1,"The molecule is an organosilicon compound that is dimethylsilane in which the hydrogens attached to the silicon are replaced by p-fluorophenyl groups and a hydrogen attached to one of the methyl groups is replaced by a 1H-1,2,4-triazol-1-yl group. It is a broad-sepctrum fungicide used to protect a variety of crops. It has a role as a xenobiotic, an environmental contaminant, an EC 1.14.13.70 (sterol 14alpha-demethylase) inhibitor and an antifungal agrochemical. It is a member of monofluorobenzenes, a member of triazoles, an organosilicon compound, a conazole fungicide and a triazole fungicide.",What is the molecular description of the compound C[Si](CN1C=NC=N1)(C1=CC=C(F)C=C1)C1=CC=C(F)C=C1?,mol_cap,train
CC(=O)O[C@@H]1C[C@H]2C(C)(C)C(=O)C=C[C@]2(C)[C@H]2CC[C@]3(C)C(=CC[C@H]3[C@H]3COC(=O)C3)[C@@]21C,"The molecule is a limonoid that is 20,21,22,23-tetrahydroazadirone substituted by an additional oxo group at position 23. It has been isolated from Azadirachta indica. It has a role as a metabolite and a plant metabolite. It is an acetate ester, a cyclic terpene ketone, a limonoid, a tetracyclic triterpenoid and a butan-4-olide. It derives from an azadirone.",What is the molecular description of the compound CC(=O)O[C@@H]1C[C@H]2C(C)(C)C(=O)C=C[C@]2(C)[C@H]2CC[C@]3(C)C(=CC[C@H]3[C@H]3COC(=O)C3)[C@@]21C?,mol_cap,train
NCCCC[C@H](N[C@@H](CCC1=CC=CC=C1)C(=O)O)C(=O)N1CCC[C@H]1C(=O)O,The molecule is an Angiotensin Converting Enzyme Inhibitor. The mechanism of action of it is as an Angiotensin-converting Enzyme Inhibitor.,Provide a detailed molecular caption for the given SMILES: NCCCC[C@H](N[C@@H](CCC1=CC=CC=C1)C(=O)O)C(=O)N1CCC[C@H]1C(=O)O.,mol_cap,train
NC1=NC(NC2CC2)=C2N=CN([C@H]3C=C[C@@H](COP(=O)(O)O)C3)C2=N1,"The molecule is the organic phosphate that is the 5'-monophosphate of abacavir. It has a role as a metabolite. It is a member of 2,6-diaminopurines and an organic phosphate. It derives from an abacavir.","Using the molecular structure NC1=NC(NC2CC2)=C2N=CN([C@H]3C=C[C@@H](COP(=O)(O)O)C3)C2=N1, provide a comprehensive description.",mol_cap,train
[BeH2],"The molecule is a hard, grayish metal naturally found in mineral rocks, coal, soil, and volcanic dust. Beryllium compounds are commercially mined, and the Beryllium is purified for use in nuclear weapons and reactors, aircraft and space vehicle structures, instruments, x-ray machines, and mirrors. Beryllium ores are used to make speciality ceramics for electrical and high-technology applications. Beryllium alloys are used in automobiles, computers, sports equipment (golf clubs and bicycle frames), and dental bridges.","For the molecule [BeH2], provide a molecular caption highlighting its key features.",mol_cap,train
COC1=C(C)C(O)=CC2=C1C(=O)C1=CC=C(O)C=C1C2=O,"The molecule is a member of the class of hydroxyanthraquinones that is anthracene-9,10-dione substituted by hydroxy groups at positions 3 and 6, a methoxy group at position 1 and a methyl group at position 2. It has been isolated from the roots of Rubia yunnanensis. It has a role as a plant metabolite. It is an aromatic ether and a dihydroxyanthraquinone.","Based on the SMILES COC1=C(C)C(O)=CC2=C1C(=O)C1=CC=C(O)C=C1C2=O, generate a molecular caption.",mol_cap,train
CN(C)CCC(O)(C1=CC=CC=C1)C1=CC=CC=C1Cl,The molecule is a centrally-acting cough suppressant available in Canada under the trade name Ulone. It is not available in the United States.,Provide a detailed molecular caption for the given SMILES: CN(C)CCC(O)(C1=CC=CC=C1)C1=CC=CC=C1Cl.,mol_cap,train
CCCCNC(=O)[C@H](CO)NC(=O)CC1=CC=CS1,"The molecule is a L-serine derivative obtained by formal condensation between N-butyl-L-serinamide and 2-thienylacetic acid. It is a member of thiophenes, a monocarboxylic acid amide and a L-serine derivative.",Describe the functional groups and structure of the molecule: CCCCNC(=O)[C@H](CO)NC(=O)CC1=CC=CS1.,mol_cap,train
CCC(=O)OC[C@H]1O[C@@H](N2C=NC3=C(N)N=CN=C32)[C@H](O)[C@@H]1O,The molecule is a member of the class of adenosines that is adenosine with the hydrogen on the 5'-hydroxy group replaced with a propanoyl group. It derives from an adenosine.,What does the molecular structure CCC(=O)OC[C@H]1O[C@@H](N2C=NC3=C(N)N=CN=C32)[C@H](O)[C@@H]1O represent? Provide a description.,mol_cap,train
O=C([O-])C1=CC2=CC([O-])=C([O-])C=C2N1,"The molecule is a dihydroxyindole and an indolecarboxylate. It is a conjugate base of a 5,6-dihydroxyindole-2-carboxylate.",Analyze the structure of the molecule O=C([O-])C1=CC2=CC([O-])=C([O-])C=C2N1 and provide its description.,mol_cap,train
COC1=CC=C(C2CC(=O)C3=C(C=C(OC)C(OC)=C3OC)O2)C=C1,"The molecule is a methoxyflavanone that is flavanone substituted by methoxy groups at positions 5, 6, 7 and 4'. It has a role as a plant metabolite. It derives from a flavanone.",What is the molecular description of the compound COC1=CC=C(C2CC(=O)C3=C(C=C(OC)C(OC)=C3OC)O2)C=C1?,mol_cap,train
CCCCCCCCCCCC[C@H](O)C(=O)O,The molecule is a 2-hydroxymyristic acid having 2S-configuration. It is a 2-hydroxymyristic acid and a (2S)-2-hydroxy monocarboxylic acid. It is a conjugate acid of a (2S)-2-hydroxytetradecanoate. It is an enantiomer of a (2R)-2-hydroxytetradecanoic acid.,Describe the molecule represented by the following SMILES string: CCCCCCCCCCCC[C@H](O)C(=O)O.,mol_cap,train
CC[C@H](C)C(=O)O[C@H]1C[C@@H](C)C=C2C=C[C@H](C)[C@H](CC[C@@H]3C[C@@H](O)CC(=O)O3)[C@H]21,"The molecule is a lactone metabolite isolated from the fungus Aspergillus terreus with cholesterol-lowering and potential antineoplastic activities. Lovastatin is hydrolyzed to the active beta-hydroxyacid form, which competitively inhibits 3-hydroxyl-3-methylgutarylcoenzyme A (HMG-CoA) reductase, an enzyme involved in cholesterol biosynthesis. In addition, this agent may induce tumor cell apoptosis and inhibit tumor cell invasiveness, possibly by inhibiting protein farnesylation and protein geranylgeranylation, and may arrest cells in the G1 phase of the cell cycle. The latter effect sensitizes tumor cells to the cytotoxic effects of ionizing radiation.",Describe the molecule represented by the following SMILES string: CC[C@H](C)C(=O)O[C@H]1C[C@@H](C)C=C2C=C[C@H](C)[C@H](CC[C@@H]3C[C@@H](O)CC(=O)O3)[C@H]21.,mol_cap,train
O=C1C2=CC=CC=C2N2C(=NC3=CC=CC=C3C2=O)[C@@H]2C[C@]3(O)C4=CC=CC=C4N[C@@H]3N12,"The molecule is a member of the class of asperlicins that is asperlicin C in which the lactam nitrogen of the benzodiazepineone moiety has undergone addition to the 2-position of the 2-3 double bond of the indole moeity, and in which the hydrogen at the 3-position of the indole moiety has been replaced by a hydroxy group. It is a cholecystokinin antagonist. It has a role as a cholecystokinin antagonist and an Aspergillus metabolite. It is a member of asperlicins, an organic heteroheptacyclic compound, an aminal and a tertiary alcohol.",What does the molecular structure O=C1C2=CC=CC=C2N2C(=NC3=CC=CC=C3C2=O)[C@@H]2C[C@]3(O)C4=CC=CC=C4N[C@@H]3N12 represent? Provide a description.,mol_cap,train
COC1=C(C)C(=O)C2=C(O)C=C(OC/C=C(\C)CCC=C(C)C)C=C2C1=O,"The molecule is a hydroxy-1,4-naphthoquinone that is 3-methylflaviolin in which the hydroxyl hydrogens at positions 2 and 7 are replaced by methyl and geranyl groups respectively. It has a role as a bacterial metabolite. It is an olefinic compound, a member of phenols, an enol ether and a hydroxy-1,4-naphthoquinone. It is functionally related to a flaviolin.",Analyze the molecule COC1=C(C)C(=O)C2=C(O)C=C(OC/C=C(\C)CCC=C(C)C)C=C2C1=O and summarize its structural features in a caption.,mol_cap,train
N#CC1=C(N2C[C@@H]3NCCO[C@H]3C2)C(F)=CC2=C1N(C1CC1)C=C(C(=O)O)C2=O,"The molecule is a fluoroquinolone antibiotic indicated in the treatment of acute otitis externa (swimmer's ear) caused by the bacteria Pseudomonas aeruginosa and Staphylococcus aureus. Finafloxacin is marketed by Novartis under the brand Xtoro?, and was approved by the FDA in December 2014.",What does the molecular structure N#CC1=C(N2C[C@@H]3NCCO[C@H]3C2)C(F)=CC2=C1N(C1CC1)C=C(C(=O)O)C2=O represent? Provide a description.,mol_cap,train
O=C(O)[C@@H](O)[C@@H](O)COP(=O)(O)O,The molecule is a 4-phosphoerythronic acid. It is functionally related to a L-erythronic acid. It is an enantiomer of a 4-phospho-D-erythronic acid.,Provide a detailed molecular caption for the given SMILES: O=C(O)[C@@H](O)[C@@H](O)COP(=O)(O)O.,mol_cap,train
CCC(C)C(=O)C1=C(O)C=C(OC)C(C)=C1O,The molecule is a carboxylic ester. It has a role as a metabolite. It is functionally related to a phloroglucinol.,"Using the molecular structure CCC(C)C(=O)C1=C(O)C=C(OC)C(C)=C1O, provide a comprehensive description.",mol_cap,train
COC1=CC=C(O)C=C1,The molecule is a Skin Lightening Agent. The mechanism of action of it is by means of Depigmenting Activity.,Analyze the structure of the molecule COC1=CC=C(O)C=C1 and provide its description.,mol_cap,train
CCC/C=C/C=C\C(=O)O[C@@H]1[C@@H](C)[C@]2(O)[C@@H]3C=C(C)C(=O)[C@@H]3CC(CO)=C[C@H]2[C@@H]2C(C)(C)[C@]12OC(C)=O,"The molecule is a phorbol ester that is 4-deoxyphorbol in which the hydroxy groups at positions 12 and 13 have been replaced by octa-2,4-dienoyloxy and acetyloxy groups respectively. It has a role as a plant metabolite. It is a phorbol ester, an acetate ester and a primary allylic alcohol.",Describe the molecule represented by the following SMILES string: CCC/C=C/C=C\C(=O)O[C@@H]1[C@@H](C)[C@]2(O)[C@@H]3C=C(C)C(=O)[C@@H]3CC(CO)=C[C@H]2[C@@H]2C(C)(C)[C@]12OC(C)=O.,mol_cap,train
COC1=C(C)C(O)=C(C)C2=C1C(=O)C(C1=CC=CC=C1)=CO2,"The molecule is a methoxyisoflavone that is isoflavone substituted by a methoxy group at position 5, a hydroxy group at position 7 and methyl groups at positions 6 and 8. It has been isolated from the buds of Cleistocalyx operculatus and has been shown to exhibit inhibitory effects on the viral neuraminidases from two influenza viral strains,H1N1 and H9N2. It has a role as a plant metabolite and an EC 3.2.1.18 (exo-alpha-sialidase) inhibitor. It is a methoxyisoflavone and a hydroxyisoflavone. It is functionally related to an isoflavone.",What is the molecular description of the compound COC1=C(C)C(O)=C(C)C2=C1C(=O)C(C1=CC=CC=C1)=CO2?,mol_cap,train
CC1=CC=CC(C(=O)O)=C1,The molecule is a methylbenzoic acid carrying a methyl substituent at position 3. It has a role as a human xenobiotic metabolite. It is a conjugate acid of a m-toluate.,Describe the functional groups and structure of the molecule: CC1=CC=CC(C(=O)O)=C1.,mol_cap,train
CC[C@]12C=CC[NH+]3CC[C@]4(C(=C(C(=O)OC)C1)NC1=CC(OC)=CC=C14)[C@@H]32,The molecule is conjugate acid of 16-methoxytabersonine arising from protonation of the endocyclic tertiary amino group. It is a conjugate acid of a 16-methoxytabersonine.,Analyze the structure of the molecule CC[C@]12C=CC[NH+]3CC[C@]4(C(=C(C(=O)OC)C1)NC1=CC(OC)=CC=C14)[C@@H]32 and provide its description.,mol_cap,train
CN1CC[C@@H](C2=C(O)C=C(O)C3=C2OC(C2=CC=C(C(F)(F)F)C=C2Cl)=CC3=O)[C@@H]1CO,"The molecule is a cyclin-dependent kinase (CDK) inhibitor with potential antineoplastic activity. Upon administration, voruciclib selectively inhibits cyclin-dependent kinase 4 (CDK4) and 6 (CDK6). This inhibits retinoblastoma (Rb) protein phosphorylation early in the G1 phase, which prevents CDK-mediated G1-S phase transition and leads to cell cycle arrest. This suppresses DNA replication and decreases tumor cell proliferation. CDK4 and 6 are serine/threonine kinases that are upregulated in many tumor cell types and play a key role in the regulation of cell cycle progression.",Analyze the structure of the molecule CN1CC[C@@H](C2=C(O)C=C(O)C3=C2OC(C2=CC=C(C(F)(F)F)C=C2Cl)=CC3=O)[C@@H]1CO and provide its description.,mol_cap,train
ClC1=CC=CC(Cl)=C1CSC1=NN=C(C2=CN=CC=N2)S1,"The molecule is a member of the class of thiadiazoles that is 1,3,4-thiadiazole substituted by pyrazin-2-yl and (2,6-dichlorobenzyl)sulfanediyl groups at positions 2 and 5, respectively. It is a selective activator of mechanosensitive channel piezo1. It has a role as a glycine transporter 2 inhibitor and a piezo1 agonist. It is an aromatic compound, a member of pyrazines, a member of thiadiazoles, an organic sulfide and a dichlorobenzene.",Analyze the molecule ClC1=CC=CC(Cl)=C1CSC1=NN=C(C2=CN=CC=N2)S1 and summarize its structural features in a caption.,mol_cap,train
CC(=O)C1=CC=C(S(=O)(=O)NC(=O)NC2CCCCC2)C=C1,"The molecule is an intermediate-acting, first-generation sulfonylurea with hypoglycemic activity. Acetohexamide is metabolized in the liver to its active metabolite hydroxyhexamide.",Analyze the molecule CC(=O)C1=CC=C(S(=O)(=O)NC(=O)NC2CCCCC2)C=C1 and summarize its structural features in a caption.,mol_cap,train
[Ne],"The molecule is a chemical element with a chemical symbol Ne and atomic number 10. It is a noble gas that is colorless, odorless, inert and monatomic. It is the fifth most abundant chemical element in the universe by mass but a rare element on Earth. It displays a reddish-orange light, and is commonly used in low-voltage neon glow lamps, high-voltage discharge tubes, and signs with fluorescent lighting. It is also used in vacuum tubes, high-voltage indicators, lightning arresters, wave meter tubes, television tubes, and helium–neon lasers. Neon may be used in the clinical setting as a diagnostic tracer gas in a gas analyzer for a lung diffusion test. Other clinical applications of neon, such as a radiotherapy in various cancers, have been studied.",Analyze the structure of the molecule [Ne] and provide its description.,mol_cap,train
CC(C)[C@@H](C)C[C@H](OS(=O)(=O)O)[C@@H](C)[C@H]1CC[C@H]2[C@@H]3CC(=O)[C@H]4C[C@@H](O)CC[C@]4(C)[C@H]3CC[C@]12C,"The molecule is a brassinosteroid that is 24-epi-cathasterone on which the hydroxy hydrogen at position 22 has been replaced by a sulfo group. It has a role as a Brassica napus metabolite. It is a 3alpha-hydroxy steroid, a brassinosteroid, a 6-oxo steroid and a steroid sulfate.",What does the molecular structure CC(C)[C@@H](C)C[C@H](OS(=O)(=O)O)[C@@H](C)[C@H]1CC[C@H]2[C@@H]3CC(=O)[C@H]4C[C@@H](O)CC[C@]4(C)[C@H]3CC[C@]12C represent? Provide a description.,mol_cap,train
O=C([O-])C1=CC=C(S(=O)(=O)[O-])C=C1,The molecule is a doubly-charged sulfonatobenzoate consisting of benzoate having a sufonato group at the 4-position. It is functionally related to a benzoate. It is a conjugate base of a 4-sulfobenzoic acid.,"For the molecule O=C([O-])C1=CC=C(S(=O)(=O)[O-])C=C1, provide a molecular caption highlighting its key features.",mol_cap,train
O=CNC1=CC=CC=C1,The molecule is a member of the class of formamides that is formamide in which one of the amino hydrogens is replaced by a phenyl group. It is a member of formamides and an aromatic amide. It derives from a formamide.,"Using the molecular structure O=CNC1=CC=CC=C1, provide a comprehensive description.",mol_cap,train
C=C(C)[C@H]1C/C=C(/C)CC/C=C(\C)CC1,The molecule is the (-)-isomer of helminthogermacrene. It has a role as an animal metabolite. It is an enantiomer of a (+)-helminthogermacrene.,Describe the molecule represented by the following SMILES string: C=C(C)[C@H]1C/C=C(/C)CC/C=C(\C)CC1.,mol_cap,train
C=CC(N)CCC(=O)O,"The molecule is an analog of gamma-aminobutyric acid ([GABA]), the main inhibitory neurotransmitter in the central nervous system, used in the treatment of refractory seizures and infantile spasms. It irreversibly inhibits the enzyme responsible for GABA metabolism, thereby increasing levels of circulating GABA. Although administered as a racemic mixture, only the S(+) enantiomer is pharmacologically active.  It was first introduced as an antiepileptic agent in the United Kingdom in 1989 and was used extensively until 1997, when an association with vision loss became apparent. Its use is now generally reserved for patients who have failed alternative therapies, and its US approval by the FDA in 2009 mandated the creation of a drug registry to monitor patients for visual deficits.",Provide a detailed molecular caption for the given SMILES: C=CC(N)CCC(=O)O.,mol_cap,train
CC1=NC=C(COP(=O)([O-])[O-])C(CO)=C1O,The molecule is dianion of pyridoxine 5'-phosphate. It has a role as a human metabolite and a Saccharomyces cerevisiae metabolite. It is a conjugate base of a pyridoxine 5'-phosphate.,Describe the molecule represented by the following SMILES string: CC1=NC=C(COP(=O)([O-])[O-])C(CO)=C1O.,mol_cap,train
N#CC1=C(N)N(N)C=N1,"The molecule is an aminoimidazole that is 1H-imidazole which is substituted by amino groups at positions 1 and 5, and by a cyano group at position 4. It is an aminoimidazole, a nitrile and a primary amino compound.","Based on the SMILES N#CC1=C(N)N(N)C=N1, generate a molecular caption.",mol_cap,train
C=C(C)[C@]12C[C@@H](C)[C@@]34O[C@](CC5=CC=CC=C5)(O[C@@H]1[C@@H]3C=C(COC(=O)CC1=CC=C(O)C=C1)C[C@]1(O)C(=O)C(C)=C[C@@H]41)O2,"The molecule is a heteropentacyclic compound found in Euphorbia poissonii with molecular formula C36H38O8. It is an agonist of the transient receptor potential cation channel subfamily V member 1 (TrpV1). It has a role as a plant metabolite, a neurotoxin and a TRPV1 agonist. It is a diterpenoid, an ortho ester, an organic heteropentacyclic compound, an enone, a member of phenols, a carboxylic ester and a tertiary alpha-hydroxy ketone.",Describe the molecule represented by the following SMILES string: C=C(C)[C@]12C[C@@H](C)[C@@]34O[C@](CC5=CC=CC=C5)(O[C@@H]1[C@@H]3C=C(COC(=O)CC1=CC=C(O)C=C1)C[C@]1(O)C(=O)C(C)=C[C@@H]41)O2.,mol_cap,train
COC(=O)C1=CC=C(O)C(O)=C1,"The molecule is a methyl ester resulting from the formal condensation of the carboxy group of 3,4-dihydroxybenzoic acid with methanol. It has a role as an antioxidant, a neuroprotective agent and a plant metabolite. It is a methyl ester and a member of catechols. It derives from a 3,4-dihydroxybenzoic acid.","For the molecule COC(=O)C1=CC=C(O)C(O)=C1, provide a molecular caption highlighting its key features.",mol_cap,train
CC(C)C1=C[C@]23CC[C@H]4[C@]5(C)CCC[C@@]4(C2=CC1=O)[C@@H](OC5)O3,"The molecule is an abietane diterpenoid isolated from the stem bark of Fraxinus sieboldiana. It has a role as a plant metabolite. It is an abietane diterpenoid, a bridged compound and a cyclic terpene ketone.",Analyze the structure of the molecule CC(C)C1=C[C@]23CC[C@H]4[C@]5(C)CCC[C@@]4(C2=CC1=O)[C@@H](OC5)O3 and provide its description.,mol_cap,valid
CN(C)C1=CC=C(C(=N)C2=CC=C(N(C)C)C=C2)C=C1,"The molecule is a member of the class of imines that is benzophenone imine carrying two dimethylamino substituents at positions 4 and 4'. The hydrochloride salt is the biological stain 'auramine O' It has a role as a fluorochrome and a histological dye. It is an imine, a tertiary amino compound and a substituted aniline. It is a conjugate base of an auramine O(1+).",What does the molecular structure CN(C)C1=CC=C(C(=N)C2=CC=C(N(C)C)C=C2)C=C1 represent? Provide a description.,mol_cap,valid
CC[C@H]1OC(=O)C[C@@H](O)[C@H](C)[C@@H](O[C@@H]2O[C@H](C)[C@@H](O)[C@H](N(C)C)[C@H]2O)[C@@H](CC=O)C[C@@H](C)C(=O)/C=C/C(C)=C/[C@@H]1CO,"The molecule is a macrolide antibiotic that is tylonolide having a beta-D-mycaminosyl residue attached at position 5. It is a macrolide antibiotic, a monosaccharide derivative, an enone and an aldehyde. It derives from a tylactone. It is a conjugate base of a 5-O-mycaminosyltylonolide(1+).","Using the molecular structure CC[C@H]1OC(=O)C[C@@H](O)[C@H](C)[C@@H](O[C@@H]2O[C@H](C)[C@@H](O)[C@H](N(C)C)[C@H]2O)[C@@H](CC=O)C[C@@H](C)C(=O)/C=C/C(C)=C/[C@@H]1CO, provide a comprehensive description.",mol_cap,valid
CC(=O)O[C@@H]1O[C@@H]([C@@H]2C3=CC=CC(O)=C3C(=O)C3=C(O)C=C(C)C=C32)[C@H](O)[C@@H](OC(=O)C=C(C)C)[C@H]1O,"The molecule is a C-glycosyl compound that is 1,8-dihydroxy-3-methylanthracen-9(10H)-one substituted by a 1-O-acetyl-3-O-senecioyl-alpha-L-lyxopyranosyl moiety at position 10 via a C-glycosidic linkage (the 10R stereoisomer). It is isolated from the leaves of Alvaradoa haitiensis and exhibits cytotoxicity against human oral epidermoid carcinoma. It has a role as a metabolite and an antineoplastic agent. It is a C-glycosyl compound, an acetate ester, a member of anthracenes and a polyphenol. It is functionally related to a 3-methylbut-2-enoic acid.",Analyze the molecule CC(=O)O[C@@H]1O[C@@H]([C@@H]2C3=CC=CC(O)=C3C(=O)C3=C(O)C=C(C)C=C32)[C@H](O)[C@@H](OC(=O)C=C(C)C)[C@H]1O and summarize its structural features in a caption.,mol_cap,valid
O=C(O)C1=CC(C2=CC=C(F)C=C2F)=CC=C1O,"The molecule is an organofluorine compound comprising salicylic acid having a 2,4-difluorophenyl group at the 5-position. It has a role as a non-steroidal anti-inflammatory drug and a non-narcotic analgesic. It is an organofluorine compound and a monohydroxybenzoic acid. It is functionally related to a salicylic acid and a 1,3-difluorobenzene.",Describe the molecule represented by the following SMILES string: O=C(O)C1=CC(C2=CC=C(F)C=C2F)=CC=C1O.,mol_cap,valid
CCC(C(=O)O)C(O)C(=O)O,The molecule is the 2-hydroxy-3-ethyl derivative of succinic acid. It derives from a succinic acid. It is a conjugate acid of a 3-ethylmalate(2-).,What does the molecular structure CCC(C(=O)O)C(O)C(=O)O represent? Provide a description.,mol_cap,valid
CC(C)(CO)[C@@H](O)C(=O)NCCCC(=O)O,The molecule is an organooxygen compound and an organonitrogen compound. It is functionally related to a gamma-amino acid.,Describe the molecule represented by the following SMILES string: CC(C)(CO)[C@@H](O)C(=O)NCCCC(=O)O.,mol_cap,valid
O=C(O)[C@@H]1O[C@H]1C(=O)O,"The molecule is the trans-2,3-epoxy derivative of succinic acid. It is an epoxide and a C4-dicarboxylic acid. It derives from a succinic acid. It is a conjugate acid of a trans-2,3-epoxysuccinate(2-).",What is the molecular description of the compound O=C(O)[C@@H]1O[C@H]1C(=O)O?,mol_cap,valid
C=C/C(C)=C\CC=C(C)C,"The molecule is a beta-ocimene that consists of octa-1,3,6-triene bearing two methyl substituents at positions 3 and 7 (the 3Z-isomer). It has a role as a plant metabolite.",What is the molecular description of the compound C=C/C(C)=C\CC=C(C)C?,mol_cap,valid
CC(=O)O[C@H]1[C@H](C(C)C)[C@@H]2[C@@H]([C@H]3C[C@](C)(O)[C@@H](OC=O)CC[C@@](C)(OC(C)=O)[C@@H]2O3)[C@]2(CO2)[C@H]1OC(C)=O,"The molecule is an eunicellin diterpenoid isolated from the soft coral Klyxum molle. It has a role as an anti-inflammatory agent and a coral metabolite. It is an acetate ester, an epoxide, a eunicellin diterpenoid, a macrocycle, an oxacycle and a formate ester.",Analyze the molecule CC(=O)O[C@H]1[C@H](C(C)C)[C@@H]2[C@@H]([C@H]3C[C@](C)(O)[C@@H](OC=O)CC[C@@](C)(OC(C)=O)[C@@H]2O3)[C@]2(CO2)[C@H]1OC(C)=O and summarize its structural features in a caption.,mol_cap,valid
NC(=O)CC(=O)C(=O)O,The molecule is a dicarboxylic acid monoamide that is succinamic acid substituted by an oxo group at position 2. It is an oxo carboxylic acid and a dicarboxylic acid monoamide. It derives from a succinamic acid. It is a conjugate acid of a 2-oxosuccinamate.,Describe the molecule represented by the following SMILES string: NC(=O)CC(=O)C(=O)O.,mol_cap,test
CCC(CC)[C@H](NC(C)=O)[C@@H]1[C@H](O)[C@@H](C(=O)O)C[C@H]1N=C(N)N,"The molecule is a member of the class of guanidines that is used (as its trihydrate) for the treatment of acute uncomplicated influenza in patients 18 years and older who have been symptomatic for no more than two days. It has a role as an antiviral drug and an EC 3.2.1.18 (exo-alpha-sialidase) inhibitor. It is a member of cyclopentanols, a member of acetamides, a member of guanidines and a 3-hydroxy monocarboxylic acid. It contains a peramivir hydrate.",What is the molecular description of the compound CCC(CC)[C@H](NC(C)=O)[C@@H]1[C@H](O)[C@@H](C(=O)O)C[C@H]1N=C(N)N?,mol_cap,test
C/C=C(\N)C(=O)O,"The molecule is a non-proteinogenic alpha-amino acid. It derives from a 2-butenoic acid. It is a conjugate acid of a 2-aminobut-2-enoate. It is a tautomer of a 2-aminobut-2-enoic acid zwitterion, a 2-iminobutanoic acid and a 2-iminobutanoic acid zwitterion.",What does the molecular structure C/C=C(\N)C(=O)O represent? Provide a description.,mol_cap,test
CN(C)C1=NC(=O)N(C2CCCCC2)C(=O)N1C,The molecule is a white crystalline solid. Corrosive eye irritant. Used as an herbicide.,Describe the functional groups and structure of the molecule: CN(C)C1=NC(=O)N(C2CCCCC2)C(=O)N1C.,mol_cap,test
O=C1C2=CC=C3C=C(CO)C=C(O)C3=C2C(=O)C2=CC=CC(O)=C12,The molecule is a member of tetraphenes. It is functionally related to a tetrangulol.,"Based on the SMILES O=C1C2=CC=C3C=C(CO)C=C(O)C3=C2C(=O)C2=CC=CC(O)=C12, generate a molecular caption.",mol_cap,test
CC(C)=CCC/C(C)=C/C[C@]12O[C@@]1(C)C(=O)C1=C(O)C=C(O)C=C1C2=O,"The molecule is an organic heterotricyclic compound resulting from the formal epoxidation of the 2-3 double bond of the 1,4-naphthoquinone moiety of phosphatoquinone B. It is isolated from the culture broth of Streptomyces sp.TC-0363 and exhibits inhibitory activity against the enzyme protein tyrosine phosphatase. It has a role as a metabolite, an antimicrobial agent and an EC 3.1.3.48 (protein-tyrosine-phosphatase) inhibitor. It is a member of phenols, an epoxide, a cyclic ketone and an organic heterotricyclic compound.",Describe the molecule represented by the following SMILES string: CC(C)=CCC/C(C)=C/C[C@]12O[C@@]1(C)C(=O)C1=C(O)C=C(O)C=C1C2=O.,mol_cap,test
CC(C)C1=CC(NCC2=NC(C(N)=O)=NO2)=[NH+]C(N)=N1,"The molecule is an aminopyrimidine, protonated on N-1, substituted with an isopropyl group at C-6 and carrying a (3-carbamoyl-1,2,4-oxadiazol-5-yl)methyl substituent on the amino group at C-4. One of a series of mucosal-associated invariant T (MAIT) cell agonists. It has a role as a MAIT cell agonist. It is functionally related to a pyrimidine-2,4-diamine.",Provide a detailed molecular caption for the given SMILES: CC(C)C1=CC(NCC2=NC(C(N)=O)=NO2)=[NH+]C(N)=N1.,mol_cap,test
O=C(O)C1=CC=C([O-])C(O)=C1,"The molecule is a dihydroxybenzoate having the two hydroxy groups located at the 3- and 4-positions. It derives from a benzoate. It is a conjugate base of a 3,4-dihydroxybenzoic acid.","For the molecule O=C(O)C1=CC=C([O-])C(O)=C1, provide a molecular caption highlighting its key features.",mol_cap,test
NC1=NC(N2CC(F)C2)=C2N=CN([C@H]3C=C[C@@H](CO)C3)C2=N1,"The molecule is a 2,6-diaminopurine that is an analogue of abacavir in which the cyclopropylamino group at position 6 of the purine moiety is replaced by a 3-fluoroazetidin-1-yl group. One of a series of synthesised abacavir analogues with antiviral activity found to stimulate IFN-gamma secretion in abacavir-responsive clones. It has a role as an antiviral agent. It is functionally related to an abacavir.",Provide a detailed molecular caption for the given SMILES: NC1=NC(N2CC(F)C2)=C2N=CN([C@H]3C=C[C@@H](CO)C3)C2=N1.,mol_cap,test
CC1=CC=CC(NCC(=O)NNC(=S)NC2=CC=CC=C2)=C1,The molecule is an organooxygen compound and an organonitrogen compound. It is functionally related to an alpha-amino acid.,Analyze the molecule CC1=CC=CC(NCC(=O)NNC(=S)NC2=CC=CC=C2)=C1 and summarize its structural features in a caption.,mol_cap,test
"The molecule is a 6-oxo monocarboxylic acid anion and a hydroxy monocarboxylic acid anion. It is functionally related to an octa-2,4,7-trienoate.",C=CC(=O)/C=C\C=C(\[O-])C(=O)O,"Using the description The molecule is a 6-oxo monocarboxylic acid anion and a hydroxy monocarboxylic acid anion. It is functionally related to an octa-2,4,7-trienoate., generate the appropriate molecule in SMILES notation.",mol_gen,train
"The molecule is a 4-O-(1H-indol-3-ylcarbonyl)ascaroside derived from (2E)-10-hydroxydec-2-enoic acid. It is a metabolite of the nematode Caenorhabditis elegans. It has a role as a Caenorhabditis elegans metabolite. It is a 4-O-(1H-indol-3-ylcarbonyl)ascaroside, an alpha,beta-unsaturated monocarboxylic acid and an omega-hydroxy fatty acid ascaroside. It is functionally related to an (E)-10-hydroxydec-2-enoic acid and an oscr#15.",C[C@@H]1O[C@@H](OCCCCCCC/C=C/C(=O)O)[C@H](O)C[C@H]1OC(=O)C1=CNC2=CC=CC=C12,"Using the description The molecule is a 4-O-(1H-indol-3-ylcarbonyl)ascaroside derived from (2E)-10-hydroxydec-2-enoic acid. It is a metabolite of the nematode Caenorhabditis elegans. It has a role as a Caenorhabditis elegans metabolite. It is a 4-O-(1H-indol-3-ylcarbonyl)ascaroside, an alpha,beta-unsaturated monocarboxylic acid and an omega-hydroxy fatty acid ascaroside. It is functionally related to an (E)-10-hydroxydec-2-enoic acid and an oscr#15., generate the appropriate molecule in SMILES notation.",mol_gen,train
"The molecule is an estradiol that is estra-1,3,5(10)-triene substituted by hydroxy groups at positions 3 and 17 (the 17alpha stereoisomer). It is a 17alpha-hydroxy steroid, a 3-hydroxy steroid and an estradiol.",C[C@]12CC[C@@H]3C4=CC=C(O)C=C4CC[C@H]3[C@@H]1CC[C@H]2O,"Provide the SMILES string that corresponds to the molecule described as: The molecule is an estradiol that is estra-1,3,5(10)-triene substituted by hydroxy groups at positions 3 and 17 (the 17alpha stereoisomer). It is a 17alpha-hydroxy steroid, a 3-hydroxy steroid and an estradiol..",mol_gen,train
"The molecule is a nitrile that is acetonitrile in which the methyl hydrogens have been replaced by o-trifluoromethylbenzoyl, p-tert-butylphenyl, and (2-methoxyethoxy)carbonyl groups. It is a nitrile, a beta-ketoester, a member of (trifluoromethyl)benzenes and a 2-methoxyethyl ester.",COCCOC(=O)C(C#N)(C(=O)C1=CC=CC=C1C(F)(F)F)C1=CC=C(C(C)(C)C)C=C1,"Generate a molecular structure in SMILES for the description: The molecule is a nitrile that is acetonitrile in which the methyl hydrogens have been replaced by o-trifluoromethylbenzoyl, p-tert-butylphenyl, and (2-methoxyethoxy)carbonyl groups. It is a nitrile, a beta-ketoester, a member of (trifluoromethyl)benzenes and a 2-methoxyethyl ester..",mol_gen,train
The molecule is the L-lysyl ester formed by conjugating L-lysine with methanol.,COC(=O)[C@@H](N)CCCCN,What molecule in SMILES format matches the following description: The molecule is the L-lysyl ester formed by conjugating L-lysine with methanol.?,mol_gen,train
"The molecule is a tetramethoxyflavone that is flavone substituted by am ethoxy group at position 4' and methoxy groups at positions 5, 6, 7 and 8. It is functionally related to a flavone.",CCOC1=CC=C(C2=CC(=O)C3=C(OC)C(OC)=C(OC)C(OC)=C3O2)C=C1,"What is the SMILES representation for the molecule with the following description: The molecule is a tetramethoxyflavone that is flavone substituted by am ethoxy group at position 4' and methoxy groups at positions 5, 6, 7 and 8. It is functionally related to a flavone.?",mol_gen,train
"The molecule is a member of the class of 1-benzofurans that is 1-benzofuran-4,7-dione bearing additional methyl and methoxy substituents at positions 2 and 7 respectively. It is a member of 1-benzofurans and a member of p-quinones.",COC1=CC(=O)C2=C(OC(C)=C2)C1=O,"Based on the description The molecule is a member of the class of 1-benzofurans that is 1-benzofuran-4,7-dione bearing additional methyl and methoxy substituents at positions 2 and 7 respectively. It is a member of 1-benzofurans and a member of p-quinones., generate the corresponding molecule in SMILES format.",mol_gen,train
"The molecule is a fluoroquinolone antibiotic that is 7-oxo-2,3-dihydro-7H-[1,3,4]oxadiazino[6,5,4-ij]quinoline substituted at positions 6, 9 and 10 by carboxy, fluoro and 4-methylpiperazin-1-yl groups, respectively. A synthetic, broad spectrum bactericidal agent, it is used in veterinary medicine, although its mechanism of action is not thoroughly understood. It has a role as an antibacterial drug. It is a fluoroquinolone antibiotic, a member of monofluorobenzenes, a N-alkylpiperazine and a monocarboxylic acid.",CN1CCN(C2=C(F)C=C3C(=O)C(C(=O)O)=CN4NCOC2=C34)CC1,"Generate a molecular structure in SMILES for the description: The molecule is a fluoroquinolone antibiotic that is 7-oxo-2,3-dihydro-7H-[1,3,4]oxadiazino[6,5,4-ij]quinoline substituted at positions 6, 9 and 10 by carboxy, fluoro and 4-methylpiperazin-1-yl groups, respectively. A synthetic, broad spectrum bactericidal agent, it is used in veterinary medicine, although its mechanism of action is not thoroughly understood. It has a role as an antibacterial drug. It is a fluoroquinolone antibiotic, a member of monofluorobenzenes, a N-alkylpiperazine and a monocarboxylic acid..",mol_gen,train
"The molecule appears as a colorless crystalline solid, or a dark-brown liquid. Strongly irritating to skin and eyes. Toxic by ingestion and inhalation. Used as a military poison gas.",Cl[As](C1=CC=CC=C1)C1=CC=CC=C1,"Convert the given molecular description The molecule appears as a colorless crystalline solid, or a dark-brown liquid. Strongly irritating to skin and eyes. Toxic by ingestion and inhalation. Used as a military poison gas. into a SMILES string.",mol_gen,train
The molecule is an N-substituted amine that is a derivative of aniline in which one of the amino hydrogen atoms is replaced with a hydroxy substituent.,ONC1=CC=CC=C1,What is the SMILES representation for the molecule with the following description: The molecule is an N-substituted amine that is a derivative of aniline in which one of the amino hydrogen atoms is replaced with a hydroxy substituent.?,mol_gen,train
"The molecule is a cardenolide glycoside that is the 2'-acetyl derivative of neriifolin. It has a role as an antineoplastic agent and a metabolite. It is a cardenolide glycoside, a monosaccharide derivative and an acetate ester. It derives from a neriifolin.",CO[C@@H]1[C@@H](O)[C@H](C)O[C@@H](O[C@H]2CC[C@@]3(C)[C@H](CC[C@@H]4[C@@H]3CC[C@]3(C)[C@@H](C5=CC(=O)OC5)CC[C@]43O)C2)[C@H]1OC(C)=O,"Provide the SMILES string that corresponds to the molecule described as: The molecule is a cardenolide glycoside that is the 2'-acetyl derivative of neriifolin. It has a role as an antineoplastic agent and a metabolite. It is a cardenolide glycoside, a monosaccharide derivative and an acetate ester. It derives from a neriifolin..",mol_gen,train
"The molecule is a member of the class of anthracenes that is 9,10-dihydroanthracene carrying an oxo group at C-9. It has a role as a radical scavenger. It is a tautomer of a 9-anthrol.",O=C1C2=CC=CC=C2CC2=CC=CC=C12,"Generate a molecular structure in SMILES for the description: The molecule is a member of the class of anthracenes that is 9,10-dihydroanthracene carrying an oxo group at C-9. It has a role as a radical scavenger. It is a tautomer of a 9-anthrol..",mol_gen,train
"The molecule is a dibenzooxepine resulting from the demethylation of the antidepressant doxepin. It is the active metabolite of doxepin. It has a role as an antidepressant and a drug metabolite. It is a cyclic ether, a dibenzooxepine and a secondary amino compound.",CNCC/C=C1/C2=CC=CC=C2COC2=CC=CC=C12,"Translate the following description The molecule is a dibenzooxepine resulting from the demethylation of the antidepressant doxepin. It is the active metabolite of doxepin. It has a role as an antidepressant and a drug metabolite. It is a cyclic ether, a dibenzooxepine and a secondary amino compound. into a valid SMILES string.",mol_gen,train
"The molecule is an oral prostacyclin and a metabolite of arachidonic acid with antihypertensive and platelet inhibitory properties. Epoprostenol binds to prostacyclin receptors on platelet surfaces, subsequently activating platelet membrane adenyl cyclase and resulting in increased cAMP levels. The elevated cAMP triggers signal transduction that leads to vasodilations. In addition, this agent also functions as an antagonist of thromboxane A2, thereby resulting in direct vasodilation of pulmonary and systemic arterial vascular beds, and inhibition of platelet aggregation.",CCCCC[C@H](O)/C=C/[C@@H]1[C@H]2C/C(=C/CCCC(=O)O)O[C@H]2C[C@H]1O,"What molecule in SMILES format matches the following description: The molecule is an oral prostacyclin and a metabolite of arachidonic acid with antihypertensive and platelet inhibitory properties. Epoprostenol binds to prostacyclin receptors on platelet surfaces, subsequently activating platelet membrane adenyl cyclase and resulting in increased cAMP levels. The elevated cAMP triggers signal transduction that leads to vasodilations. In addition, this agent also functions as an antagonist of thromboxane A2, thereby resulting in direct vasodilation of pulmonary and systemic arterial vascular beds, and inhibition of platelet aggregation.?",mol_gen,train
"The molecule is a monocarboxylic acid that is (sulfoamino)acetic acid substituted by a heptadecafluorooctyl group at the sulfur atom. It has a role as a xenobiotic and an environmental contaminant. It is an organofluorine compound, a sulfonamide and a monocarboxylic acid. It derives from a perfluorooctane-1-sulfonic acid and a perfluorooctanesulfonamide.",O=C(O)CNS(=O)(=O)C(F)(F)C(F)(F)C(F)(F)C(F)(F)C(F)(F)C(F)(F)C(F)(F)C(F)(F)F,"Generate a SMILES representation for the molecule described as: The molecule is a monocarboxylic acid that is (sulfoamino)acetic acid substituted by a heptadecafluorooctyl group at the sulfur atom. It has a role as a xenobiotic and an environmental contaminant. It is an organofluorine compound, a sulfonamide and a monocarboxylic acid. It derives from a perfluorooctane-1-sulfonic acid and a perfluorooctanesulfonamide..",mol_gen,train
"The molecule is a phosphonic acid in which the hydrogen attached to phosphorous is substituted by a 1-{[(7-bromo-2,3-dioxo-1,2,3,4-tetrahydroquinoxalin-5-yl)methyl]amino}ethyl group. Potent and selective NMDA antagonist that acts through the glycine site (IC50 = 5 nM). Displays >500-fold selectivity over kainate and AMPA receptors (IC50 values are 2.7 and 3 muM respectively). Anticonvulsant in vivo following systemic administration. It has a role as a NMDA receptor antagonist and an anticonvulsant. It is a quinoxaline derivative, an organobromine compound, a secondary amino compound and a member of phosphonic acids. It contains a CGP 78608(1+).",C[C@@H](NCC1=CC(Br)=CC2=C1NC(=O)C(=O)N2)P(=O)(O)O,"Translate the following description The molecule is a phosphonic acid in which the hydrogen attached to phosphorous is substituted by a 1-{[(7-bromo-2,3-dioxo-1,2,3,4-tetrahydroquinoxalin-5-yl)methyl]amino}ethyl group. Potent and selective NMDA antagonist that acts through the glycine site (IC50 = 5 nM). Displays >500-fold selectivity over kainate and AMPA receptors (IC50 values are 2.7 and 3 muM respectively). Anticonvulsant in vivo following systemic administration. It has a role as a NMDA receptor antagonist and an anticonvulsant. It is a quinoxaline derivative, an organobromine compound, a secondary amino compound and a member of phosphonic acids. It contains a CGP 78608(1+). into a valid SMILES string.",mol_gen,train
"The molecule is an analogue of vandetanib where the N-methylpiperidin-4-yl group is replaced by 4-aminomethyl. It is an aromatic ether, an organobromine compound, an organofluorine compound and a member of quinazolines. It is functionally related to a vandetanib.",COC1=CC2=C(NC3=CC=C(Br)C=C3F)N=CN=C2C=C1OCCCCN,"Using the description The molecule is an analogue of vandetanib where the N-methylpiperidin-4-yl group is replaced by 4-aminomethyl. It is an aromatic ether, an organobromine compound, an organofluorine compound and a member of quinazolines. It is functionally related to a vandetanib., generate the appropriate molecule in SMILES notation.",mol_gen,train
"The molecule is a colourless solid intermediate in the isolation of thallium from its ores. It is created from the treatment of thallium(I) sulfate with hydrochloric acid. This solid crystallizes in the caesium chloride motif. It is used as a diagnostic radiopharmaceutical. It is used for diagnosis of heart and parathyroid problems. The following are among the possible side effects: Blurred vision, chest pain or discomfort, chills, confusion, cough, difficulty with breathing, difficulty with swallowing, and dizziness.",Cl[TlH2],"Based on the input The molecule is a colourless solid intermediate in the isolation of thallium from its ores. It is created from the treatment of thallium(I) sulfate with hydrochloric acid. This solid crystallizes in the caesium chloride motif. It is used as a diagnostic radiopharmaceutical. It is used for diagnosis of heart and parathyroid problems. The following are among the possible side effects: Blurred vision, chest pain or discomfort, chills, confusion, cough, difficulty with breathing, difficulty with swallowing, and dizziness., provide the corresponding SMILES notation.",mol_gen,train
The molecule is a dicarboxylic acid monoester comprising succinic acid having an oxo group at the 2-position and the methyl ester at the 4-position. It derives from an oxaloacetic acid. It is a conjugate acid of an oxaloacetate 4-methyl ester.,COC(=O)CC(=O)C(=O)O,Provide the SMILES string that corresponds to the molecule described as: The molecule is a dicarboxylic acid monoester comprising succinic acid having an oxo group at the 2-position and the methyl ester at the 4-position. It derives from an oxaloacetic acid. It is a conjugate acid of an oxaloacetate 4-methyl ester..,mol_gen,train
The molecule is an N-monosubstituted putrescine where the N-substituent is methyl. It has a role as a mouse metabolite. It is a conjugate base of a N-methylputrescinium(2+).,CNCCCCN,Translate the following description The molecule is an N-monosubstituted putrescine where the N-substituent is methyl. It has a role as a mouse metabolite. It is a conjugate base of a N-methylputrescinium(2+). into a valid SMILES string.,mol_gen,train
"The molecule is used for vaccines, tissue grafts, surgical instruments, and enzymes, as a sterilant of blood plasma, water, milk, and nutrient broth, and as a vapor-phase disinfectant in enclosed spaces. Acute (short-term) inhalation exposure to beta-propiolactone causes severe irritation of the eyes, nose, throat, and respiratory tract in humans. Acute dermal exposure may cause irritation of the skin, blistering, or burns in humans. Contact with the eyes may cause permanent corneal opacification. Burns of the mouth and stomach may occur in humans following acute exposure via ingestion. No information is available on the chronic (long-term), reproductive, developmental, or carcinogenic effects of beta-propiolactone in humans. Squamous cell carcinomas of the forestomach have been reported in orally exposed rats. In dermally exposed rodents, skin tumors have been observed. The International Agency for Research on Cancer (IARC) has classified beta-propiolactone as a Group 2B, possible human carcinogen.",O=C1CCO1,"Generate a SMILES representation for the molecule described as: The molecule is used for vaccines, tissue grafts, surgical instruments, and enzymes, as a sterilant of blood plasma, water, milk, and nutrient broth, and as a vapor-phase disinfectant in enclosed spaces. Acute (short-term) inhalation exposure to beta-propiolactone causes severe irritation of the eyes, nose, throat, and respiratory tract in humans. Acute dermal exposure may cause irritation of the skin, blistering, or burns in humans. Contact with the eyes may cause permanent corneal opacification. Burns of the mouth and stomach may occur in humans following acute exposure via ingestion. No information is available on the chronic (long-term), reproductive, developmental, or carcinogenic effects of beta-propiolactone in humans. Squamous cell carcinomas of the forestomach have been reported in orally exposed rats. In dermally exposed rodents, skin tumors have been observed. The International Agency for Research on Cancer (IARC) has classified beta-propiolactone as a Group 2B, possible human carcinogen..",mol_gen,train
The molecule is an isocyanate having a 2-methoxy-4-nitrophenyl group attached to the nitrogen. It has a role as a hapten. It is a member of isocyanates and a member of 3-nitroanisoles.,COC1=CC([N+](=O)[O-])=CC=C1N=C=O,"Based on the description The molecule is an isocyanate having a 2-methoxy-4-nitrophenyl group attached to the nitrogen. It has a role as a hapten. It is a member of isocyanates and a member of 3-nitroanisoles., generate the corresponding molecule in SMILES format.",mol_gen,train
The molecule is a member of the class of furans that is furan which is substituted by aminomethyl and pyridy-3-yl groups at positions 2 and 5 respectively. It is a member of furans and a member of pyridines.,NCC1=CC=C(C2=CC=CN=C2)O1,Provide the SMILES string that corresponds to the molecule described as: The molecule is a member of the class of furans that is furan which is substituted by aminomethyl and pyridy-3-yl groups at positions 2 and 5 respectively. It is a member of furans and a member of pyridines..,mol_gen,train
The molecule is an amidoalkyl phosphate. It is functionally related to a (R)-pantothenic acid. It is a conjugate base of a (R)-4'-phosphopantothenate(1-). It is a conjugate acid of a (R)-4'-phosphonatopantothenate(3-).,CC(C)(COP(=O)([O-])O)[C@@H](O)C(=O)NCCC(=O)[O-],Provide the SMILES string that corresponds to the molecule described as: The molecule is an amidoalkyl phosphate. It is functionally related to a (R)-pantothenic acid. It is a conjugate base of a (R)-4'-phosphopantothenate(1-). It is a conjugate acid of a (R)-4'-phosphonatopantothenate(3-)..,mol_gen,train
"The molecule is an alcohol derivative of pantothenic acid, a component of the B complex vitamins and an essential component of a normally functioning epithelium. Dexpanthenol is enzymatically cleaved to form pantothenic acid, which is an essential component of Coenzyme A, which acts as a cofactor in many enzymatic reactions that are important for protein metabolism in the epithelium.   Due to its good penetration and high local concentrations, dexpanthanol is used in many topical products, such as ointments and lotions for treatment of dermatological conditions to relieve itching or promote healing. Dermatological effects of the topical use of dexpanthenol include increased fibroblast proliferation and accelerated re-epithelialization in wound healing. Furthermore, it acts as a topical protectant, moisturizer, and has demonstrated anti-inflammatory properties.  Dexpanthenol is also available as a racemic mixture containing both the dextrorotatory form (dexpanthenol) and the levorotatory form (levopanthenol) as [DB11204]. While pantothenic acid is optically active, only the dextrorotatory form (dexpanthenol) is biologically active.",CC(C)(CO)[C@@H](O)C(=O)NCCCO,"What is the SMILES representation for the molecule with the following description: The molecule is an alcohol derivative of pantothenic acid, a component of the B complex vitamins and an essential component of a normally functioning epithelium. Dexpanthenol is enzymatically cleaved to form pantothenic acid, which is an essential component of Coenzyme A, which acts as a cofactor in many enzymatic reactions that are important for protein metabolism in the epithelium.   Due to its good penetration and high local concentrations, dexpanthanol is used in many topical products, such as ointments and lotions for treatment of dermatological conditions to relieve itching or promote healing. Dermatological effects of the topical use of dexpanthenol include increased fibroblast proliferation and accelerated re-epithelialization in wound healing. Furthermore, it acts as a topical protectant, moisturizer, and has demonstrated anti-inflammatory properties.  Dexpanthenol is also available as a racemic mixture containing both the dextrorotatory form (dexpanthenol) and the levorotatory form (levopanthenol) as [DB11204]. While pantothenic acid is optically active, only the dextrorotatory form (dexpanthenol) is biologically active.?",mol_gen,train
"The molecule is a cinnamate ester obtained by formal condensation of the carboxy group of trans-ferulic acid with one of the hydroxy groups of L-tartaric acid. It has a role as a metabolite. It is functionally related to a ferulic acid and a L-tartaric acid. It is an enantiomer of a (2S,3S)-trans-fertaric acid.",COC1=CC(/C=C/C(=O)O[C@@H](C(=O)O)[C@@H](O)C(=O)O)=CC=C1O,"Based on the description The molecule is a cinnamate ester obtained by formal condensation of the carboxy group of trans-ferulic acid with one of the hydroxy groups of L-tartaric acid. It has a role as a metabolite. It is functionally related to a ferulic acid and a L-tartaric acid. It is an enantiomer of a (2S,3S)-trans-fertaric acid., generate the corresponding molecule in SMILES format.",mol_gen,train
"The molecule is an aminobenzoic acid in which the the amino group is ortho- to the carboxylic acid group, and which is substituted para- to the amino group by a nitro group. It is a conjugate acid of a 5-nitroanthranilate.",NC1=CC=C([N+](=O)[O-])C=C1C(=O)O,"Based on the input The molecule is an aminobenzoic acid in which the the amino group is ortho- to the carboxylic acid group, and which is substituted para- to the amino group by a nitro group. It is a conjugate acid of a 5-nitroanthranilate., provide the corresponding SMILES notation.",mol_gen,train
The molecule is a monosaccharide sulfate that is D-glucopyranose carrying a single sulfo substituent at position 6. It is functionally related to a D-glucopyranose. It is a conjugate acid of a D-glucopyranose 6-sulfate(1-).,O=S(=O)(O)OC[C@H]1OC(O)[C@H](O)[C@@H](O)[C@@H]1O,Convert the given molecular description The molecule is a monosaccharide sulfate that is D-glucopyranose carrying a single sulfo substituent at position 6. It is functionally related to a D-glucopyranose. It is a conjugate acid of a D-glucopyranose 6-sulfate(1-). into a SMILES string.,mol_gen,train
The molecule is a monocarboxylic acid anion arising from deprotonation of the carboxy group of oxamic acid. It is a conjugate base of an oxamic acid.,NC(=O)C(=O)[O-],Provide the SMILES string that corresponds to the molecule described as: The molecule is a monocarboxylic acid anion arising from deprotonation of the carboxy group of oxamic acid. It is a conjugate base of an oxamic acid..,mol_gen,train
The molecule is a dicarboxylic acid that is malonic acid substituted by a hydroxy group at position 2. It has a role as a plant metabolite. It derives from a malonic acid. It is a conjugate acid of a hydroxymalonate(1-) and a hydroxymalonate.,O=C(O)C(O)C(=O)O,"Based on the description The molecule is a dicarboxylic acid that is malonic acid substituted by a hydroxy group at position 2. It has a role as a plant metabolite. It derives from a malonic acid. It is a conjugate acid of a hydroxymalonate(1-) and a hydroxymalonate., generate the corresponding molecule in SMILES format.",mol_gen,train
The molecule is a trihydroxyflavone that is apigenin substituted by a methoxy group at position 3. It has a role as a plant metabolite. It is a trihydroxyflavone and a monomethoxyflavone. It is functionally related to an apigenin.,COC1=C(C2=CC=C(O)C=C2)OC2=CC(O)=CC(O)=C2C1=O,Translate the following description The molecule is a trihydroxyflavone that is apigenin substituted by a methoxy group at position 3. It has a role as a plant metabolite. It is a trihydroxyflavone and a monomethoxyflavone. It is functionally related to an apigenin. into a valid SMILES string.,mol_gen,train
"The molecule is a member of the class of quinolines that is the carboxamide of 4-{3-chloro-4-[(cyclopropylcarbamoyl)amino]phenoxy}-7-methoxyquinoline-6-carboxylic acid. A multi-kinase inhibitor and orphan drug used (as its mesylate salt) for the treatment of various types of thyroid cancer that do not respond to radioiodine. It has a role as a vascular endothelial growth factor receptor antagonist, an orphan drug, an antineoplastic agent, an EC 2.7.10.1 (receptor protein-tyrosine kinase) inhibitor and a fibroblast growth factor receptor antagonist. It is a member of quinolines, an aromatic ether, a monocarboxylic acid amide, an aromatic amide, a member of monochlorobenzenes, a member of cyclopropanes and a member of phenylureas. It is a conjugate base of a lenvatinib(1+).",COC1=CC2=NC=CC(OC3=CC=C(NC(=O)NC4CC4)C(Cl)=C3)=C2C=C1C(N)=O,"Based on the input The molecule is a member of the class of quinolines that is the carboxamide of 4-{3-chloro-4-[(cyclopropylcarbamoyl)amino]phenoxy}-7-methoxyquinoline-6-carboxylic acid. A multi-kinase inhibitor and orphan drug used (as its mesylate salt) for the treatment of various types of thyroid cancer that do not respond to radioiodine. It has a role as a vascular endothelial growth factor receptor antagonist, an orphan drug, an antineoplastic agent, an EC 2.7.10.1 (receptor protein-tyrosine kinase) inhibitor and a fibroblast growth factor receptor antagonist. It is a member of quinolines, an aromatic ether, a monocarboxylic acid amide, an aromatic amide, a member of monochlorobenzenes, a member of cyclopropanes and a member of phenylureas. It is a conjugate base of a lenvatinib(1+)., provide the corresponding SMILES notation.",mol_gen,train
"The molecule is a trimer of cyanamide, with a 1,3,5-triazine skeleton. It has a role as a xenobiotic metabolite. It derives from a cyanamide. It is a conjugate base of a melamine(1+).",NC1=NC(N)=NC(N)=N1,"Provide the SMILES string that corresponds to the molecule described as: The molecule is a trimer of cyanamide, with a 1,3,5-triazine skeleton. It has a role as a xenobiotic metabolite. It derives from a cyanamide. It is a conjugate base of a melamine(1+)..",mol_gen,train
"The molecule is an anticonvulsant drug used in the treatment of epilepsy and bipolar disorder. For epilepsy it is used to treat partial seizures, primary and secondary tonic-clonic seizures, and seizures associated with Lennox-Gastaut syndrome. Lamotrigine also acts as a mood stabilizer. It is the first medication since lithium granted Food and Drug Administration (FDA) approval for the maintenance treatment of bipolar type I. Chemically unrelated to other anticonvulsants, lamotrigine has relatively few side-effects and does not require blood monitoring. The exact way lamotrigine works is unknown.",NC1=NN=C(C2=CC=CC(Cl)=C2Cl)C(N)=N1,"Provide the SMILES string that corresponds to the molecule described as: The molecule is an anticonvulsant drug used in the treatment of epilepsy and bipolar disorder. For epilepsy it is used to treat partial seizures, primary and secondary tonic-clonic seizures, and seizures associated with Lennox-Gastaut syndrome. Lamotrigine also acts as a mood stabilizer. It is the first medication since lithium granted Food and Drug Administration (FDA) approval for the maintenance treatment of bipolar type I. Chemically unrelated to other anticonvulsants, lamotrigine has relatively few side-effects and does not require blood monitoring. The exact way lamotrigine works is unknown..",mol_gen,train
"The molecule is a 1,4-benzodiazepinone, a member of monofluorobenzenes, an organochlorine compound and a tertiary amino compound. It has a role as a human urinary metabolite, a human xenobiotic metabolite and a sedative. It derives from a flurazepam.",CCN(CCO)CCN1C(=O)CN=C(C2=CC=CC=C2F)C2=CC(Cl)=CC=C21,"Provide the SMILES string that corresponds to the molecule described as: The molecule is a 1,4-benzodiazepinone, a member of monofluorobenzenes, an organochlorine compound and a tertiary amino compound. It has a role as a human urinary metabolite, a human xenobiotic metabolite and a sedative. It derives from a flurazepam..",mol_gen,train
"The molecule is an antifungal medication of the Imidazole class used to treat infections caused by a fungus or yeast. Tioconazole topical (skin) preparations are also available for ringworm, jock itch, athlete's foot, and tinea versicolor or ""sun fungus"". Tioconazole interacts with 14-alpha demethylase, a cytochrome P-450 enzyme that converts lanosterol to ergosterol, an essential component of the yeast membrane. In this way, tioconazole inhibits ergosterol synthesis, resulting in increased cellular permeability.",ClC1=CC=C(C(CN2C=CN=C2)OCC2=C(Cl)SC=C2)C(Cl)=C1,"What is the SMILES representation for the molecule with the following description: The molecule is an antifungal medication of the Imidazole class used to treat infections caused by a fungus or yeast. Tioconazole topical (skin) preparations are also available for ringworm, jock itch, athlete's foot, and tinea versicolor or ""sun fungus"". Tioconazole interacts with 14-alpha demethylase, a cytochrome P-450 enzyme that converts lanosterol to ergosterol, an essential component of the yeast membrane. In this way, tioconazole inhibits ergosterol synthesis, resulting in increased cellular permeability.?",mol_gen,train
The molecule is a pyrimidine having keto groups at the 2- and 4-positions and a bromo group at the 5-position. Used mainly as an experimental mutagen. It has a role as a mutagen. It is a member of pyrimidines and a nucleobase analogue. It is functionally related to a uracil.,O=C1NC=C(Br)C(=O)N1,Translate the following description The molecule is a pyrimidine having keto groups at the 2- and 4-positions and a bromo group at the 5-position. Used mainly as an experimental mutagen. It has a role as a mutagen. It is a member of pyrimidines and a nucleobase analogue. It is functionally related to a uracil. into a valid SMILES string.,mol_gen,train
The molecule is the acetate ester of benzyl alcohol. It has a role as a metabolite. It is an acetate ester and a benzyl ester.,CC(=O)OCC1=CC=CC=C1,Convert the given molecular description The molecule is the acetate ester of benzyl alcohol. It has a role as a metabolite. It is an acetate ester and a benzyl ester. into a SMILES string.,mol_gen,train
"The molecule is an alkylating drug. It was formerly used as a war gas. The hydrochloride is used as an antineoplastic in Hodgkin's disease and lymphomas. It causes severe gastrointestinal and bone marrow damage.  The FDA granted marketing approval for the orphan drug Valchlor (mechlorethamine) gel on August 23, 2013 for the topical treatment of stage IA and IB mycosis fungoides-type cutaneous T-cell lymphoma (CTCL) in patients who have received prior skin-directed therapy. Each tube of Valchlor contains 0.016% of mechlorethamine which is equivalent to 0.02% mechlorethamine HCl.",CN(CCCl)CCCl,"Based on the input The molecule is an alkylating drug. It was formerly used as a war gas. The hydrochloride is used as an antineoplastic in Hodgkin's disease and lymphomas. It causes severe gastrointestinal and bone marrow damage.  The FDA granted marketing approval for the orphan drug Valchlor (mechlorethamine) gel on August 23, 2013 for the topical treatment of stage IA and IB mycosis fungoides-type cutaneous T-cell lymphoma (CTCL) in patients who have received prior skin-directed therapy. Each tube of Valchlor contains 0.016% of mechlorethamine which is equivalent to 0.02% mechlorethamine HCl., provide the corresponding SMILES notation.",mol_gen,train
"The molecule is a Standardized Chemical Allergen. The physiologic effect of bronopol is by means of Increased Histamine Release, and Cell-mediated Immunity.",O=[N+]([O-])C(Br)(CO)CO,"Translate the following description The molecule is a Standardized Chemical Allergen. The physiologic effect of bronopol is by means of Increased Histamine Release, and Cell-mediated Immunity. into a valid SMILES string.",mol_gen,train
The molecule is a L-allopyranose with an alpha-configuration a the anomeric position. It is an enantiomer of an alpha-D-allose.,OC[C@@H]1O[C@@H](O)[C@@H](O)[C@@H](O)[C@H]1O,What molecule in SMILES format matches the following description: The molecule is a L-allopyranose with an alpha-configuration a the anomeric position. It is an enantiomer of an alpha-D-allose.?,mol_gen,train
The molecule is a cationic fluorescent dye derived from 9-phenylxanthene. It has a role as a fluorochrome. It is a xanthene dye and an organic cation.,NC1=CC=C2C(C3=CC=CC=C3C(=O)O)=C3C=CC(=[NH2+])C=C3OC2=C1,Translate the following description The molecule is a cationic fluorescent dye derived from 9-phenylxanthene. It has a role as a fluorochrome. It is a xanthene dye and an organic cation. into a valid SMILES string.,mol_gen,train
"The molecule is a tripeptide derived from methoxysuccinyl-Ala-Ala-Pro-Val by conversion of the terminal carboxy group to the corresponding chloromethyl ketone. It has a role as an EC 3.4.21.37 (leukocyte elastase) inhibitor. It is an alpha-chloroketone, a tripeptide and a methyl ester. It is functionally related to a succinic acid.",COC(=O)CCC(=O)N[C@@H](C)C(=O)N[C@@H](C)C(=O)N1CCC[C@H]1C(=O)N[C@H](C(=O)CCl)C(C)C,"What molecule in SMILES format matches the following description: The molecule is a tripeptide derived from methoxysuccinyl-Ala-Ala-Pro-Val by conversion of the terminal carboxy group to the corresponding chloromethyl ketone. It has a role as an EC 3.4.21.37 (leukocyte elastase) inhibitor. It is an alpha-chloroketone, a tripeptide and a methyl ester. It is functionally related to a succinic acid.?",mol_gen,train
"The molecule is an orally bioavailable stimulator of soluble guanylate cyclase (sGC), with potential anti-inflammatory and vasodilating activities.  Upon oral administration, olinciguat targets, allosterically binds to and enhances the nitric oxide (NO)-dependent catalytic activity of sGC. This enhances NO-sGC signaling and increases the formation of the intracellular second messenger cyclic guanosine monophosphate (cGMP), which is derived from guanosine triphosphate (GTP). This enhances NO/cGMP-mediated muscle relaxation, suppresses leukocyte-endothelial interactions and promotes vascular anti-inflammatory effects. The NO/sGC/cGMP signaling pathway plays an important role in vasodilation, blood flow and inflammatory processes. sGC, a heme-containing cytoplasmic signaling enzyme, catalyzes the formation of cGMP from GTP in response to NO binding to heme.",NC(=O)[C@](O)(CNC1=NC(C2=NN(CC3=CC=CC=C3F)C(C3=NOC=C3)=C2)=NC=C1F)C(F)(F)F,"Based on the input The molecule is an orally bioavailable stimulator of soluble guanylate cyclase (sGC), with potential anti-inflammatory and vasodilating activities.  Upon oral administration, olinciguat targets, allosterically binds to and enhances the nitric oxide (NO)-dependent catalytic activity of sGC. This enhances NO-sGC signaling and increases the formation of the intracellular second messenger cyclic guanosine monophosphate (cGMP), which is derived from guanosine triphosphate (GTP). This enhances NO/cGMP-mediated muscle relaxation, suppresses leukocyte-endothelial interactions and promotes vascular anti-inflammatory effects. The NO/sGC/cGMP signaling pathway plays an important role in vasodilation, blood flow and inflammatory processes. sGC, a heme-containing cytoplasmic signaling enzyme, catalyzes the formation of cGMP from GTP in response to NO binding to heme., provide the corresponding SMILES notation.",mol_gen,train
"The molecule is a monohydroxybenzoic acid that is benzoic acid substituted by a hydroxy group at position 6 and a 2-phenylethenyl group at position 2 which in turn is attached to a beta-D-glucopyranosyloxy group at position 4. It has been isolated from the roots of Scorzonera judaica. It has a role as a metabolite and a plant metabolite. It is a monohydroxybenzoic acid, a monosaccharide derivative and a beta-D-glucoside.",O=C(O)C1=C(O)C=CC=C1/C=C/C1=CC=C(O[C@@H]2O[C@H](CO)[C@@H](O)[C@H](O)[C@H]2O)C=C1,"What is the SMILES representation for the molecule with the following description: The molecule is a monohydroxybenzoic acid that is benzoic acid substituted by a hydroxy group at position 6 and a 2-phenylethenyl group at position 2 which in turn is attached to a beta-D-glucopyranosyloxy group at position 4. It has been isolated from the roots of Scorzonera judaica. It has a role as a metabolite and a plant metabolite. It is a monohydroxybenzoic acid, a monosaccharide derivative and a beta-D-glucoside.?",mol_gen,train
"The molecule is a member of the class of thiazolidenediones that is 1,3-thiazolidine-2,4-dione substituted by a benzyl group at position 5 which in turn is substituted by a 2-(5-ethylpyridin-2-yl)ethoxy group at position 4 of the phenyl ring. It exhibits hypoglycemic activity. It has a role as an insulin-sensitizing drug, an EC 2.7.1.33 (pantothenate kinase) inhibitor, a xenobiotic, an EC 6.2.1.3 (long-chain-fatty-acid--CoA ligase) inhibitor, a ferroptosis inhibitor, a cardioprotective agent, a PPARgamma agonist, an antidepressant, a geroprotector and a hypoglycemic agent. It is a member of thiazolidinediones, an aromatic ether and a member of pyridines.",CCC1=CC=C(CCOC2=CC=C(CC3SC(=O)NC3=O)C=C2)N=C1,"Provide the SMILES string that corresponds to the molecule described as: The molecule is a member of the class of thiazolidenediones that is 1,3-thiazolidine-2,4-dione substituted by a benzyl group at position 5 which in turn is substituted by a 2-(5-ethylpyridin-2-yl)ethoxy group at position 4 of the phenyl ring. It exhibits hypoglycemic activity. It has a role as an insulin-sensitizing drug, an EC 2.7.1.33 (pantothenate kinase) inhibitor, a xenobiotic, an EC 6.2.1.3 (long-chain-fatty-acid--CoA ligase) inhibitor, a ferroptosis inhibitor, a cardioprotective agent, a PPARgamma agonist, an antidepressant, a geroprotector and a hypoglycemic agent. It is a member of thiazolidinediones, an aromatic ether and a member of pyridines..",mol_gen,train
The molecule is an N-hydroxy-L-polyhomomethionine in which there are six methylene groups between the alpha-carbon and sulfur atoms. It is a N-hydroxy-L-polyhomomethionine and a N-hydroxytetrahomomethionine. It is a conjugate acid of a N-hydroxy-L-tetrahomomethioninate.,CSCCCCCC[C@H](NO)C(=O)O,Provide the SMILES string that corresponds to the molecule described as: The molecule is an N-hydroxy-L-polyhomomethionine in which there are six methylene groups between the alpha-carbon and sulfur atoms. It is a N-hydroxy-L-polyhomomethionine and a N-hydroxytetrahomomethionine. It is a conjugate acid of a N-hydroxy-L-tetrahomomethioninate..,mol_gen,train
The molecule is a carboxylic ester. It has a role as an anticoronaviral agent. It is functionally related to a 2-furoic acid.,O=C(OC1=CN=CC(Br)=C1)C1=CC=CO1,What is the SMILES representation for the molecule with the following description: The molecule is a carboxylic ester. It has a role as an anticoronaviral agent. It is functionally related to a 2-furoic acid.?,mol_gen,train
"The molecule is an extended flavonoid that is 4H,8H-pyrano[2,3-f]chromen-4-one substituted by a 3,4-dihydroxyphenyl group at position 2, hydroxy group at position 5 and geminal methyl groups at position 8. It is isolated from the roots of Artocarpus chama and exhibits cytotoxicity against a panel of human tumour cell lines like breast adenocarcinoma, ovarian carcinoma, ileocecal carcinoma and melanoma. It has a role as a metabolite and an antineoplastic agent. It is a trihydroxyflavone, an extended flavonoid and a pyranochromane.",CC1(C)C=CC2=C(C=C(O)C3=C2OC(C2=CC=C(O)C(O)=C2)=CC3=O)O1,"Generate a SMILES representation for the molecule described as: The molecule is an extended flavonoid that is 4H,8H-pyrano[2,3-f]chromen-4-one substituted by a 3,4-dihydroxyphenyl group at position 2, hydroxy group at position 5 and geminal methyl groups at position 8. It is isolated from the roots of Artocarpus chama and exhibits cytotoxicity against a panel of human tumour cell lines like breast adenocarcinoma, ovarian carcinoma, ileocecal carcinoma and melanoma. It has a role as a metabolite and an antineoplastic agent. It is a trihydroxyflavone, an extended flavonoid and a pyranochromane..",mol_gen,train
"The molecule is a sesquiterpene lactone that is isolated from several Streptomyces species and exhibits antibiotic activity. It has a role as an antimicrobial agent, an EC 1.2.1.12 [glyceraldehyde-3-phosphate dehydrogenase (phosphorylating)] inhibitor and a bacterial metabolite. It is a sesquiterpene lactone, an alpha,beta-unsaturated monocarboxylic acid, a spiro-epoxide and an organic heterotricyclic compound. It is a conjugate acid of a pentalenolactone(1-).",CC1=C[C@@]23[C@H](C=C(C(=O)O)[C@@H]2COC(=O)[C@]32CO2)[C@@H]1C,"Generate a molecular structure in SMILES for the description: The molecule is a sesquiterpene lactone that is isolated from several Streptomyces species and exhibits antibiotic activity. It has a role as an antimicrobial agent, an EC 1.2.1.12 [glyceraldehyde-3-phosphate dehydrogenase (phosphorylating)] inhibitor and a bacterial metabolite. It is a sesquiterpene lactone, an alpha,beta-unsaturated monocarboxylic acid, a spiro-epoxide and an organic heterotricyclic compound. It is a conjugate acid of a pentalenolactone(1-)..",mol_gen,train
"The molecule is a 6,8-difluoro-4-(pyridin-3-yl)-3a,4,5,9b-tetrahydro-3H-cyclopenta[c]quinoline that has 3aS,4S,9bR configuration. It is an enantiomer of a (3aR,4R,9bS)-golgicide A.",FC1=CC(F)=C2N[C@H](C3=CC=CN=C3)[C@H]3CC=C[C@H]3C2=C1,"Based on the input The molecule is a 6,8-difluoro-4-(pyridin-3-yl)-3a,4,5,9b-tetrahydro-3H-cyclopenta[c]quinoline that has 3aS,4S,9bR configuration. It is an enantiomer of a (3aR,4R,9bS)-golgicide A., provide the corresponding SMILES notation.",mol_gen,train
"The molecule is an ammonium ion derivative that is the conjugate acid of 3',4'-difluoro-N-{4'-fluoro-6-[(3S)-pyrrolidin-3-yloxy][biphenyl]-3-yl}-6-[(3S)-pyrrolidin-3-yloxy][biphenyl]-3-carboxamide, obtained by the protonation of the two pyrrolidine moieties. It is the major microspecies at pH 7.3. It is a conjugate acid of a 3',4'-difluoro-N-{4'-fluoro-6-[(3S)-pyrrolidin-3-yloxy][biphenyl]-3-yl}-6-[(3S)-pyrrolidin-3-yloxy][biphenyl]-3-carboxamide.",O=C(NC1=CC=C(O[C@H]2CC[NH2+]C2)C(C2=CC=C(F)C=C2)=C1)C1=CC=C(O[C@H]2CC[NH2+]C2)C(C2=CC=C(F)C(F)=C2)=C1,"Based on the description The molecule is an ammonium ion derivative that is the conjugate acid of 3',4'-difluoro-N-{4'-fluoro-6-[(3S)-pyrrolidin-3-yloxy][biphenyl]-3-yl}-6-[(3S)-pyrrolidin-3-yloxy][biphenyl]-3-carboxamide, obtained by the protonation of the two pyrrolidine moieties. It is the major microspecies at pH 7.3. It is a conjugate acid of a 3',4'-difluoro-N-{4'-fluoro-6-[(3S)-pyrrolidin-3-yloxy][biphenyl]-3-yl}-6-[(3S)-pyrrolidin-3-yloxy][biphenyl]-3-carboxamide., generate the corresponding molecule in SMILES format.",mol_gen,train
"The molecule is a drug approved for the treatment of advanced renal cell carcinoma (primary kidney cancer). It has also received 'Fast Track' designation by the FDA for the treatment of advanced hepatocellular carcinoma (primary liver cancer), and has since performed well in Phase III trials.
Sorafenib is a small molecular inhibitor of Raf kinase, PDGF (platelet-derived growth factor), VEGF receptor 2 & 3 kinases and c Kit the receptor for Stem cell factor. A growing number of drugs target most of these pathways. The originality of Sorafenib lays in its simultaneous targeting of the Raf/Mek/Erk pathway.",CNC(=O)C1=CC(OC2=CC=C(NC(=O)NC3=CC=C(Cl)C(C(F)(F)F)=C3)C=C2)=CC=N1,"Provide the SMILES string that corresponds to the molecule described as: The molecule is a drug approved for the treatment of advanced renal cell carcinoma (primary kidney cancer). It has also received 'Fast Track' designation by the FDA for the treatment of advanced hepatocellular carcinoma (primary liver cancer), and has since performed well in Phase III trials.
Sorafenib is a small molecular inhibitor of Raf kinase, PDGF (platelet-derived growth factor), VEGF receptor 2 & 3 kinases and c Kit the receptor for Stem cell factor. A growing number of drugs target most of these pathways. The originality of Sorafenib lays in its simultaneous targeting of the Raf/Mek/Erk pathway..",mol_gen,train
The molecule is the alpha-anomer of D-mannose 6-phosphate. It has a role as an epitope. It is functionally related to an alpha-D-mannose. It is a conjugate acid of an alpha-D-mannose 6-phosphate(2-).,O=P(O)(O)OC[C@H]1O[C@H](O)[C@@H](O)[C@@H](O)[C@@H]1O,"Based on the description The molecule is the alpha-anomer of D-mannose 6-phosphate. It has a role as an epitope. It is functionally related to an alpha-D-mannose. It is a conjugate acid of an alpha-D-mannose 6-phosphate(2-)., generate the corresponding molecule in SMILES format.",mol_gen,train
"The molecule is a meso-tartrate(1-). It is an enantiomer of a (2R,3S)-3-carboxy-2,3-dihydroxypropanoate.",O=C([O-])[C@@H](O)[C@@H](O)C(=O)O,"Convert the given molecular description The molecule is a meso-tartrate(1-). It is an enantiomer of a (2R,3S)-3-carboxy-2,3-dihydroxypropanoate. into a SMILES string.",mol_gen,train
The molecule is an aromatic ketone that is acetophenone in which one of the ortho hydrogens of the phenyl group has been replaced by an amino group. It has a role as a bacterial metabolite. It is a substituted aniline and a member of acetophenones.,CC(=O)C1=CC=CC=C1N,Convert the given molecular description The molecule is an aromatic ketone that is acetophenone in which one of the ortho hydrogens of the phenyl group has been replaced by an amino group. It has a role as a bacterial metabolite. It is a substituted aniline and a member of acetophenones. into a SMILES string.,mol_gen,train
The molecule is a selective serotonin and norepinephrine reuptake inhibitor widely used as an antidepressant and for neuropathic pain. Duloxetine therapy can be associated with transient asymptomatic elevations in serum aminotransferase levels and has been linked to rare instances of clinically apparent acute liver injury.,CNCC[C@H](OC1=CC=CC2=CC=CC=C12)C1=CC=CS1,Generate a molecular structure in SMILES for the description: The molecule is a selective serotonin and norepinephrine reuptake inhibitor widely used as an antidepressant and for neuropathic pain. Duloxetine therapy can be associated with transient asymptomatic elevations in serum aminotransferase levels and has been linked to rare instances of clinically apparent acute liver injury..,mol_gen,train
The molecule is a methoxybenzoic acid substituted with a methoxy group at position C-4. It has a role as a plant metabolite. It is functionally related to a benzoic acid. It is a conjugate acid of a 4-methoxybenzoate.,COC1=CC=C(C(=O)O)C=C1,What is the SMILES representation for the molecule with the following description: The molecule is a methoxybenzoic acid substituted with a methoxy group at position C-4. It has a role as a plant metabolite. It is functionally related to a benzoic acid. It is a conjugate acid of a 4-methoxybenzoate.?,mol_gen,train
The molecule is the beta-anomer of L-fucose 1-phosphate. It derives from a beta-L-fucose. It is a conjugate acid of a beta-L-fucose 1-phosphate(2-).,C[C@@H]1O[C@H](OP(=O)(O)O)[C@@H](O)[C@H](O)[C@@H]1O,What molecule in SMILES format matches the following description: The molecule is the beta-anomer of L-fucose 1-phosphate. It derives from a beta-L-fucose. It is a conjugate acid of a beta-L-fucose 1-phosphate(2-).?,mol_gen,train
"The molecule is a broad-spectrum, intravenous beta-lactam antibiotic of the carbapenem subgroup. It has a role as an antibacterial drug. It is a beta-lactam antibiotic allergen and a member of carbapenems. It is a tautomer of an imipenem zwitterion.",C[C@@H](O)[C@H]1C(=O)N2C(C(=O)O)=C(SCCN=CN)C[C@H]12,"Provide the SMILES string that corresponds to the molecule described as: The molecule is a broad-spectrum, intravenous beta-lactam antibiotic of the carbapenem subgroup. It has a role as an antibacterial drug. It is a beta-lactam antibiotic allergen and a member of carbapenems. It is a tautomer of an imipenem zwitterion..",mol_gen,train
The molecule is a piperidinecarboxylate that is the conjugate base of 1-piperideine-2-carboxylic acid. It has a role as a human metabolite. It is a conjugate base of a 1-piperideine-2-carboxylic acid.,O=C([O-])C1=NCCCC1,Generate a SMILES representation for the molecule described as: The molecule is a piperidinecarboxylate that is the conjugate base of 1-piperideine-2-carboxylic acid. It has a role as a human metabolite. It is a conjugate base of a 1-piperideine-2-carboxylic acid..,mol_gen,train
The molecule is the acetate ester of octan-1-ol. It has a role as a plant metabolite. It derives from an octan-1-ol.,CCCCCCCCOC(C)=O,"Based on the input The molecule is the acetate ester of octan-1-ol. It has a role as a plant metabolite. It derives from an octan-1-ol., provide the corresponding SMILES notation.",mol_gen,train
"The molecule is a chemical compound of cyanide and an aromatic diisocyanate with the formula CH3C6H3(NCO)2. It is used in the manufacture of polyurethane. (L577) Two of the six possible isomers are commercially important: 2,4-TDI (CAS: 584-84-9) and 2,6-TDI (CAS: 91-08-7). 2,4-TDI is produced in the pure state, but TDI is often marketed as 80/20 and 65/35 mixtures of the 2,4 and 2,6 isomers respectively. It is produced on a large scale, accounting for 34.1% of the global isocyanate market in 2000, second only to MDI.",CC1=CC=C(N=C=O)C=C1N=C=O,"Provide the SMILES string that corresponds to the molecule described as: The molecule is a chemical compound of cyanide and an aromatic diisocyanate with the formula CH3C6H3(NCO)2. It is used in the manufacture of polyurethane. (L577) Two of the six possible isomers are commercially important: 2,4-TDI (CAS: 584-84-9) and 2,6-TDI (CAS: 91-08-7). 2,4-TDI is produced in the pure state, but TDI is often marketed as 80/20 and 65/35 mixtures of the 2,4 and 2,6 isomers respectively. It is produced on a large scale, accounting for 34.1% of the global isocyanate market in 2000, second only to MDI..",mol_gen,train
"The molecule is a dialdehyde that is propane substituted by two oxo groups at the terminal carbon atoms respectively. A biomarker of oxidative damage to lipids caused by smoking, it exists in vivo mainly in the enol form. It has a role as a biomarker.",O=CCC=O,"What molecule in SMILES format matches the following description: The molecule is a dialdehyde that is propane substituted by two oxo groups at the terminal carbon atoms respectively. A biomarker of oxidative damage to lipids caused by smoking, it exists in vivo mainly in the enol form. It has a role as a biomarker.?",mol_gen,train
"The molecule is a 1,2-benzoxazole compound having a sulfamoylmethyl substituent at the 3-position. It has a role as an anticonvulsant, an antioxidant, a central nervous system drug and a protective agent. It is a member of 1,2-benzoxazoles and a sulfonamide.",NS(=O)(=O)CC1=NOC2=CC=CC=C12,"Based on the input The molecule is a 1,2-benzoxazole compound having a sulfamoylmethyl substituent at the 3-position. It has a role as an anticonvulsant, an antioxidant, a central nervous system drug and a protective agent. It is a member of 1,2-benzoxazoles and a sulfonamide., provide the corresponding SMILES notation.",mol_gen,train
The molecule is the acetate ester of isoamylol. It has a role as a metabolite and a Saccharomyces cerevisiae metabolite. It derives from an isoamylol.,CC(=O)OCCC(C)C,"Based on the description The molecule is the acetate ester of isoamylol. It has a role as a metabolite and a Saccharomyces cerevisiae metabolite. It derives from an isoamylol., generate the corresponding molecule in SMILES format.",mol_gen,train
The molecule is a Calculi Dissolution Agent and Anti-coagulant. The mechanism of action of it is by means of Decreased Coagulation Factor Activity.,O=C(O)CC(O)(CC(=O)O)C(=O)O,What molecule in SMILES format matches the following description: The molecule is a Calculi Dissolution Agent and Anti-coagulant. The mechanism of action of it is by means of Decreased Coagulation Factor Activity.?,mol_gen,train
The molecule is a colorless to off-white crystalline solid. Odor threshold 1 ppm. Taste threshold 0.001 mg/L.,CC1=CC(C)=CC(O)=C1,"Based on the description The molecule is a colorless to off-white crystalline solid. Odor threshold 1 ppm. Taste threshold 0.001 mg/L., generate the corresponding molecule in SMILES format.",mol_gen,train
"The molecule is a polycyclic cage with a 3-methoxy-3-oxopropyl side chain. It is isolated from Streptomyces platensis. It has a role as a metabolite. It is a cyclic ketone, a secondary alcohol, a polycyclic cage and a methyl ester.",C=C1C[C@@]23C=CC(=O)[C@@](C)(CCC(=O)OC)[C@@H]2C[C@@H]1C[C@H]3O,"Generate a SMILES representation for the molecule described as: The molecule is a polycyclic cage with a 3-methoxy-3-oxopropyl side chain. It is isolated from Streptomyces platensis. It has a role as a metabolite. It is a cyclic ketone, a secondary alcohol, a polycyclic cage and a methyl ester..",mol_gen,train
The molecule is a first generation antihistamine that is used for symptoms of allergic rhinitis and the common cold. It is also commonly used as a mild sleeping aid. Diphenhydramine has not been linked to instances of clinically apparent acute liver injury.,CN(C)CCOC(C1=CC=CC=C1)C1=CC=CC=C1,Translate the following description The molecule is a first generation antihistamine that is used for symptoms of allergic rhinitis and the common cold. It is also commonly used as a mild sleeping aid. Diphenhydramine has not been linked to instances of clinically apparent acute liver injury. into a valid SMILES string.,mol_gen,train
The molecule is a nitrile and a hydrazone. It is functionally related to an oxomalononitrile.,N#CC(C#N)=NN,Provide the SMILES string that corresponds to the molecule described as: The molecule is a nitrile and a hydrazone. It is functionally related to an oxomalononitrile..,mol_gen,train
"The molecule is a hydroxamic acid obtained by formal condensation of the carboxy group of indometacin with the amino group of hydroxylamine. It has a role as a non-steroidal anti-inflammatory drug, an EC 1.14.99.1 (prostaglandin-endoperoxide synthase) inhibitor and a non-narcotic analgesic. It is an organochlorine compound, a N-acylindole, an aromatic ether and a hydroxamic acid. It is functionally related to an indometacin.",COC1=CC=C2C(=C1)C(CC(=O)NO)=C(C)N2C(=O)C1=CC=C(Cl)C=C1,"Convert the given molecular description The molecule is a hydroxamic acid obtained by formal condensation of the carboxy group of indometacin with the amino group of hydroxylamine. It has a role as a non-steroidal anti-inflammatory drug, an EC 1.14.99.1 (prostaglandin-endoperoxide synthase) inhibitor and a non-narcotic analgesic. It is an organochlorine compound, a N-acylindole, an aromatic ether and a hydroxamic acid. It is functionally related to an indometacin. into a SMILES string.",mol_gen,train
The molecule is any methoxyflavanone having a methoxy substituent located at position 3'.,COC1=CC=CC(C2CC(=O)C3=CC=CC=C3O2)=C1,"Based on the input The molecule is any methoxyflavanone having a methoxy substituent located at position 3'., provide the corresponding SMILES notation.",mol_gen,train
The molecule is a ketoaldonic acid and a hexonic acid. It has a role as an Escherichia coli metabolite. It derives from a D-gluconic acid. It is a conjugate acid of a 5-dehydro-D-gluconate. It is an enantiomer of a 5-dehydro-L-gluconic acid.,O=C(CO)[C@@H](O)[C@H](O)[C@@H](O)C(=O)O,Generate a SMILES representation for the molecule described as: The molecule is a ketoaldonic acid and a hexonic acid. It has a role as an Escherichia coli metabolite. It derives from a D-gluconic acid. It is a conjugate acid of a 5-dehydro-D-gluconate. It is an enantiomer of a 5-dehydro-L-gluconic acid..,mol_gen,train
"The molecule is a member of the class of 1-benzothiophenes that is 1-benzothiophene-1,1-dioxide substituted at position 6 by a nitro group. Used as a radiosensitising agent for esophageal squamous cell carcinoma. It has a role as an antineoplastic agent, a STAT3 inhibitor and a radiosensitizing agent. It is a member of 1-benzothiophenes, a C-nitro compound and a sulfone.",O=[N+]([O-])C1=CC=C2C=CS(=O)(=O)C2=C1,"Convert the given molecular description The molecule is a member of the class of 1-benzothiophenes that is 1-benzothiophene-1,1-dioxide substituted at position 6 by a nitro group. Used as a radiosensitising agent for esophageal squamous cell carcinoma. It has a role as an antineoplastic agent, a STAT3 inhibitor and a radiosensitizing agent. It is a member of 1-benzothiophenes, a C-nitro compound and a sulfone. into a SMILES string.",mol_gen,train
The molecule is a non-proteinogenic alpha-amino acid that is histidine in which the methyl group is located at the Calpha-position. It has a role as a human urinary metabolite. It is functionally related to a histidine.,CC(N)(CC1=CN=CN1)C(=O)O,"Using the description The molecule is a non-proteinogenic alpha-amino acid that is histidine in which the methyl group is located at the Calpha-position. It has a role as a human urinary metabolite. It is functionally related to a histidine., generate the appropriate molecule in SMILES notation.",mol_gen,train
The molecule is a monocarboxylic acid comprising uracil having a carboxymethyl substituent at the 6-position. It is functionally related to a uracil and an acetic acid.,O=C(O)CC1=CC(=O)NC(=O)N1,Convert the given molecular description The molecule is a monocarboxylic acid comprising uracil having a carboxymethyl substituent at the 6-position. It is functionally related to a uracil and an acetic acid. into a SMILES string.,mol_gen,train
The molecule is the furanose form of D-idose. It is an enantiomer of a L-idofuranose.,OC[C@@H](O)[C@@H]1OC(O)[C@@H](O)[C@@H]1O,Translate the following description The molecule is the furanose form of D-idose. It is an enantiomer of a L-idofuranose. into a valid SMILES string.,mol_gen,train
"The molecule is a cadinene sesquiterpene that consists of 1-(propan-2-yl)-1,2,4a,5,6,8a-hexahydronaphthalene having two methyl substituents at positions 1 and 4 (the 1S,4aS,8aS-configuration). It has a role as a volatile oil component. It is a cadinene and a member of hexahydronaphthalenes.",CC1=C[C@@H]2[C@@H](CC1)C(C)=CC[C@H]2C(C)C,"Provide the SMILES string that corresponds to the molecule described as: The molecule is a cadinene sesquiterpene that consists of 1-(propan-2-yl)-1,2,4a,5,6,8a-hexahydronaphthalene having two methyl substituents at positions 1 and 4 (the 1S,4aS,8aS-configuration). It has a role as a volatile oil component. It is a cadinene and a member of hexahydronaphthalenes..",mol_gen,train
"The molecule is an N-acyl-amino acid obtained by formal condensation of the carboxy group of (2R)-2-[2-(hydroxyamino)-2-oxoethyl]-4-methylpentanoic acid with the amino group of N-methyl-L-tryptophanamide. A cell permeable broad-spectrum matrix metalloproteinase (MMP) inhibitor It has a role as an EC 3.4.24.24 (gelatinase A) inhibitor, a neuroprotective agent, an anti-inflammatory agent, an antibacterial agent and an antineoplastic agent. It is a L-tryptophan derivative, a hydroxamic acid and a N-acyl-amino acid.",CNC(=O)[C@H](CC1=CNC2=CC=CC=C12)NC(=O)[C@@H](CC(=O)NO)CC(C)C,"Translate the following description The molecule is an N-acyl-amino acid obtained by formal condensation of the carboxy group of (2R)-2-[2-(hydroxyamino)-2-oxoethyl]-4-methylpentanoic acid with the amino group of N-methyl-L-tryptophanamide. A cell permeable broad-spectrum matrix metalloproteinase (MMP) inhibitor It has a role as an EC 3.4.24.24 (gelatinase A) inhibitor, a neuroprotective agent, an anti-inflammatory agent, an antibacterial agent and an antineoplastic agent. It is a L-tryptophan derivative, a hydroxamic acid and a N-acyl-amino acid. into a valid SMILES string.",mol_gen,train
"The molecule is a trimethoxyflavone that is flavone substituted by methoxy groups at positions 5, 6 and 7 and a hydroxy group at position 4'. It is a trimethoxyflavone and a monohydroxyflavone. It derives from a flavone.",COC1=CC2=C(C(OC)=C1OC)C(=O)C=C(C1=CC=C(O)C=C1)O2,"Based on the description The molecule is a trimethoxyflavone that is flavone substituted by methoxy groups at positions 5, 6 and 7 and a hydroxy group at position 4'. It is a trimethoxyflavone and a monohydroxyflavone. It derives from a flavone., generate the corresponding molecule in SMILES format.",mol_gen,valid
"The molecule is a phenylacetic acid derivative and non-steroidal anti-inflammatory drug (NSAID). NSAIDs inhibit cyclooxygenase (COX)-1 and-2 which are the enzyme responsible for producing prostaglandins (PGs). PGs contribute to inflammation and pain signalling. Diclofenac, like other NSAIDs, is often used as first line therapy for acute and chronic pain and inflammation from a variety of causes. Diclofenac was the product of rational drug design based on the structures of [phenylbutazone], [mefenamic acid], and [indomethacin]. The addition of two chlorine groups in the ortho position of the phenyl ring locks the ring in maximal torsion which appears to be related to increased potency. It is often used in combination with [misoprostol] to prevent NSAID-induced gastric ulcers. Diclofenac was first approved by the FDA in July 1988 under the trade name Voltaren, marketed by Novartis (previously Ciba-Geigy).",O=C(O)CC1=CC=CC=C1NC1=C(Cl)C=CC=C1Cl,"Translate the following description The molecule is a phenylacetic acid derivative and non-steroidal anti-inflammatory drug (NSAID). NSAIDs inhibit cyclooxygenase (COX)-1 and-2 which are the enzyme responsible for producing prostaglandins (PGs). PGs contribute to inflammation and pain signalling. Diclofenac, like other NSAIDs, is often used as first line therapy for acute and chronic pain and inflammation from a variety of causes. Diclofenac was the product of rational drug design based on the structures of [phenylbutazone], [mefenamic acid], and [indomethacin]. The addition of two chlorine groups in the ortho position of the phenyl ring locks the ring in maximal torsion which appears to be related to increased potency. It is often used in combination with [misoprostol] to prevent NSAID-induced gastric ulcers. Diclofenac was first approved by the FDA in July 1988 under the trade name Voltaren, marketed by Novartis (previously Ciba-Geigy). into a valid SMILES string.",mol_gen,valid
"The molecule is a broad spectrum anthelmintic agent used predominantly in treatment of intestinal pinworm and strongyloides infection, which recently has been replaced by better tolerated agents. Thiabendazole therapy has been shown to cause clinically apparent cholestatic liver injury which is rare, but can be severe.",C1=CC=C2NC(C3=CSC=N3)=NC2=C1,"Provide the SMILES string that corresponds to the molecule described as: The molecule is a broad spectrum anthelmintic agent used predominantly in treatment of intestinal pinworm and strongyloides infection, which recently has been replaced by better tolerated agents. Thiabendazole therapy has been shown to cause clinically apparent cholestatic liver injury which is rare, but can be severe..",mol_gen,valid
"The molecule is the phosphate ester of metronidazole, a synthetic nitroimidazole derivative with antiprotozoal and antibacterial activities.",CC1=NC=C([N+](=O)[O-])N1CCOP(=O)(O)O,"Convert the given molecular description The molecule is the phosphate ester of metronidazole, a synthetic nitroimidazole derivative with antiprotozoal and antibacterial activities. into a SMILES string.",mol_gen,valid
The molecule is a diterpenoid. It derives from a hydride of an atisane.,C=C1C[C@]23CC(=O)[C@H]4[C@]56CCC[C@@]4(C)C4OCCN4[C@@H]5C2C[C@H]1C(=O)[C@H]36,"Based on the input The molecule is a diterpenoid. It derives from a hydride of an atisane., provide the corresponding SMILES notation.",mol_gen,valid
"The molecule is an indole alkaloid with a tetracyclic skeleton that is isolated from Penicillium chrysogenum. It has a role as a mycotoxin and an antibacterial agent. It is an enol, an indole alkaloid, a member of imidazoles, a lactam, an organic heterotetracyclic compound and an olefinic compound.",C=CC(C)(C)[C@]12C=C(O)C(=O)N3/C(=C/C4=CN=CN4)C(=O)N[C@@]31N(O)C1=CC=CC=C12,"Provide the SMILES string that corresponds to the molecule described as: The molecule is an indole alkaloid with a tetracyclic skeleton that is isolated from Penicillium chrysogenum. It has a role as a mycotoxin and an antibacterial agent. It is an enol, an indole alkaloid, a member of imidazoles, a lactam, an organic heterotetracyclic compound and an olefinic compound..",mol_gen,valid
"The molecule is a 1,3-thiazole in which the only substituent is an aminocarbonyl group at position 5. It is a member of 1,3-thiazoles and a monocarboxylic acid amide.",NC(=O)C1=CN=CS1,"Translate the following description The molecule is a 1,3-thiazole in which the only substituent is an aminocarbonyl group at position 5. It is a member of 1,3-thiazoles and a monocarboxylic acid amide. into a valid SMILES string.",mol_gen,valid
"The molecule is a member of the class of quinoline N-oxides that is 2-methyl-1-oxo-4-3,4-dihydroquinoline-3,4-diol carrying an additional (2E,6E)-farnesyl group at position 4. It has a role as a bacterial metabolite. It is a quinoline N-oxide, a tertiary alcohol, a secondary alcohol and an olefinic compound.",CC(C)=CCC/C(C)=C/CC/C(C)=C/CC1(O)C2=CC=CC=C2[N+]([O-])=C(C)C1O,"Using the description The molecule is a member of the class of quinoline N-oxides that is 2-methyl-1-oxo-4-3,4-dihydroquinoline-3,4-diol carrying an additional (2E,6E)-farnesyl group at position 4. It has a role as a bacterial metabolite. It is a quinoline N-oxide, a tertiary alcohol, a secondary alcohol and an olefinic compound., generate the appropriate molecule in SMILES notation.",mol_gen,valid
"The molecule is an alkaloid, a methyl ester and an organic heteropentacyclic compound. It has a role as a metabolite.",COC(=O)C1=C2NC3=C(O)C=CC=C3[C@@]23CCN2C[C@@H](C(C)=O)[C@@H]1C[C@H]23,"Provide the SMILES string that corresponds to the molecule described as: The molecule is an alkaloid, a methyl ester and an organic heteropentacyclic compound. It has a role as a metabolite..",mol_gen,valid
The molecule is under investigation in clinical trial NCT03224351 (A Study Evaluating the Safety and Efficacy of VX-659 Combination Therapy in Subjects With Cystic Fibrosis).,C[C@@H]1CN(C2=NC(N3C=CC(OCCC4(C(F)(F)F)CC4)=N3)=CC=C2C(=O)NS(=O)(=O)C2=CC=CC=C2)C(C)(C)C1,Convert the given molecular description The molecule is under investigation in clinical trial NCT03224351 (A Study Evaluating the Safety and Efficacy of VX-659 Combination Therapy in Subjects With Cystic Fibrosis). into a SMILES string.,mol_gen,valid
"The molecule is a hydroxyflavan that is (2S)-flavan substituted by hydroxy groups at positions 7 and 3', a methoxy group at position 4' and a methyl group at position 8. It has a role as a plant metabolite. It is a hydroxyflavan and a methoxyflavan. It derives from a hydride of a (2S)-flavan.",COC1=CC=C([C@@H]2CCC3=CC=C(O)C(C)=C3O2)C=C1O,"Generate a SMILES representation for the molecule described as: The molecule is a hydroxyflavan that is (2S)-flavan substituted by hydroxy groups at positions 7 and 3', a methoxy group at position 4' and a methyl group at position 8. It has a role as a plant metabolite. It is a hydroxyflavan and a methoxyflavan. It derives from a hydride of a (2S)-flavan..",mol_gen,test
The molecule is a hydroxyether that is ethanol substituted by a methoxy group at position 2. It has a role as a protic solvent and a solvent.,COCCO,Convert the given molecular description The molecule is a hydroxyether that is ethanol substituted by a methoxy group at position 2. It has a role as a protic solvent and a solvent. into a SMILES string.,mol_gen,test
"The molecule is a tertiary amino compound that is N,N-dimethylethanamine substituted at position 1 by a 1-hydroxycyclohexyl and 4-methoxyphenyl group. It has a role as an antidepressant, a serotonin uptake inhibitor, an adrenergic uptake inhibitor, a dopamine uptake inhibitor, an analgesic, an environmental contaminant and a xenobiotic. It is a member of cyclohexanols, a tertiary alcohol, a tertiary amino compound and a monomethoxybenzene.",COC1=CC=C(C(CN(C)C)C2(O)CCCCC2)C=C1,"Generate a SMILES representation for the molecule described as: The molecule is a tertiary amino compound that is N,N-dimethylethanamine substituted at position 1 by a 1-hydroxycyclohexyl and 4-methoxyphenyl group. It has a role as an antidepressant, a serotonin uptake inhibitor, an adrenergic uptake inhibitor, a dopamine uptake inhibitor, an analgesic, an environmental contaminant and a xenobiotic. It is a member of cyclohexanols, a tertiary alcohol, a tertiary amino compound and a monomethoxybenzene..",mol_gen,test
The molecule is a butan-4-olide that is dihydrofuran-2(3H)-one substituted by a hydroxy group at position 3 and two methyl groups at position 4 (the R-stereoisomer). It has a role as a Saccharomyces cerevisiae metabolite. It is functionally related to a (R)-pantoic acid.,CC1(C)COC(=O)[C@@H]1O,Generate a SMILES representation for the molecule described as: The molecule is a butan-4-olide that is dihydrofuran-2(3H)-one substituted by a hydroxy group at position 3 and two methyl groups at position 4 (the R-stereoisomer). It has a role as a Saccharomyces cerevisiae metabolite. It is functionally related to a (R)-pantoic acid..,mol_gen,test
"The molecule is an 3-oxo-Delta(1),Delta(4)-steroid substituted by an oxo group at position 3 and a beta-hydroxy group at position 17. It is an anabolic androgenic steroid that has been developed for veterinary use. It is a 17beta-hydroxy steroid, an anabolic androgenic steroid and a 3-oxo-Delta(1),Delta(4)-steroid.",C[C@]12CC[C@H]3[C@@H](CCC4=CC(=O)C=C[C@@]43C)[C@@H]1CC[C@@H]2O,"What molecule in SMILES format matches the following description: The molecule is an 3-oxo-Delta(1),Delta(4)-steroid substituted by an oxo group at position 3 and a beta-hydroxy group at position 17. It is an anabolic androgenic steroid that has been developed for veterinary use. It is a 17beta-hydroxy steroid, an anabolic androgenic steroid and a 3-oxo-Delta(1),Delta(4)-steroid.?",mol_gen,test
The molecule appears as a scarlet-red odorless tasteless powder. Sensitive to light. Insoluble in water and sinks in water. At elevated temperatures turns yellow but turns back to red upon cooling. Poison.,I[Hg]I,Generate a SMILES representation for the molecule described as: The molecule appears as a scarlet-red odorless tasteless powder. Sensitive to light. Insoluble in water and sinks in water. At elevated temperatures turns yellow but turns back to red upon cooling. Poison..,mol_gen,test
"The molecule is a quassinoid isolated from Eurycoma longifolia and has been shown to exhibit antineoplastic and antimalarial activties. It has a role as a metabolite, an antimalarial and an antineoplastic agent. It is a quassinoid, a delta-lactone, a cyclic ether, an enone, an organic heteropentacyclic compound, a secondary alcohol, a tertiary alcohol, a pentol and a secondary alpha-hydroxy ketone.",C=C1[C@@H](O)[C@@]2(O)OC[C@]34[C@H]2[C@@]2(C)[C@H](O)C(=O)C=C(C)[C@@H]2C[C@H]3OC(=O)[C@H](O)[C@@]14O,"Generate a molecular structure in SMILES for the description: The molecule is a quassinoid isolated from Eurycoma longifolia and has been shown to exhibit antineoplastic and antimalarial activties. It has a role as a metabolite, an antimalarial and an antineoplastic agent. It is a quassinoid, a delta-lactone, a cyclic ether, an enone, an organic heteropentacyclic compound, a secondary alcohol, a tertiary alcohol, a pentol and a secondary alpha-hydroxy ketone..",mol_gen,test
The molecule is a dicarboxylic acid dianion which results from the removal of a proton from each of the carboxylic acid groups of N-(4-aminobenzoyl)-L-glutamic acid. It is a conjugate base of a N-(4-aminobenzoyl)-L-glutamic acid.,NC1=CC=C(C(=O)N[C@@H](CCC(=O)[O-])C(=O)[O-])C=C1,What is the SMILES representation for the molecule with the following description: The molecule is a dicarboxylic acid dianion which results from the removal of a proton from each of the carboxylic acid groups of N-(4-aminobenzoyl)-L-glutamic acid. It is a conjugate base of a N-(4-aminobenzoyl)-L-glutamic acid.?,mol_gen,test
"The molecule is a steroid ester resulting from the formal condensation of the carboxy group of acetic acid with the 17-hydroxy group of cyproterone. It is an antiandrogenic drug which has recently been recognized to promote the occurrence and growth of intracranial meningiomas. It has a role as an androgen antagonist, a progestin and a geroprotector. It is a 20-oxo steroid, a 3-oxo-Delta(4) steroid, a chlorinated steroid, a steroid ester and an acetate ester. It is functionally related to a cyproterone.",CC(=O)O[C@]1(C(C)=O)CC[C@H]2[C@@H]3C=C(Cl)C4=CC(=O)[C@@H]5C[C@@H]5[C@]4(C)[C@H]3CC[C@@]21C,"What is the SMILES representation for the molecule with the following description: The molecule is a steroid ester resulting from the formal condensation of the carboxy group of acetic acid with the 17-hydroxy group of cyproterone. It is an antiandrogenic drug which has recently been recognized to promote the occurrence and growth of intracranial meningiomas. It has a role as an androgen antagonist, a progestin and a geroprotector. It is a 20-oxo steroid, a 3-oxo-Delta(4) steroid, a chlorinated steroid, a steroid ester and an acetate ester. It is functionally related to a cyproterone.?",mol_gen,test
"The molecule is a member of the class of phenylureas that is urea in which a hydrogen attached to one of the nitrogens is replaced by a 2,6-dichloro-3,5-dimethoxyphenyl group, while the hydrogens attached to the other nitrogen are replaced by a methyl group and a 6-{[4-(4-ethylpiperazin-1-yl)phenyl]amino}pyrimidin-4-yl group. It is a potent and selective fibroblast growth factor receptor inhibitor. It has a role as a fibroblast growth factor receptor antagonist and an antineoplastic agent. It is an aminopyrimidine, a N-arylpiperazine, a N-alkylpiperazine, a dichlorobenzene and a member of phenylureas.",CCN1CCN(C2=CC=C(NC3=CC(N(C)C(=O)NC4=C(Cl)C(OC)=CC(OC)=C4Cl)=NC=N3)C=C2)CC1,"Generate a molecular structure in SMILES for the description: The molecule is a member of the class of phenylureas that is urea in which a hydrogen attached to one of the nitrogens is replaced by a 2,6-dichloro-3,5-dimethoxyphenyl group, while the hydrogens attached to the other nitrogen are replaced by a methyl group and a 6-{[4-(4-ethylpiperazin-1-yl)phenyl]amino}pyrimidin-4-yl group. It is a potent and selective fibroblast growth factor receptor inhibitor. It has a role as a fibroblast growth factor receptor antagonist and an antineoplastic agent. It is an aminopyrimidine, a N-arylpiperazine, a N-alkylpiperazine, a dichlorobenzene and a member of phenylureas..",mol_gen,test
"N-cyclopentyl-2-(2,3-dichloroanilino)-4-(trifluoromethyl)pyrimidine-5-carboxamide",O=C(NC1CCCC1)C1=CN=C(NC2=CC=CC(Cl)=C2Cl)N=C1C(F)(F)F,"For the given chemical name N-cyclopentyl-2-(2,3-dichloroanilino)-4-(trifluoromethyl)pyrimidine-5-carboxamide, generate the SMILES notation.",iupac_2_smiles,train
"N-(2,4-difluorophenyl)-8-[(3S)-3-hydroxypyrrolidine-1-carbonyl]-N-methyl-4H-thieno[3,2-c]chromene-2-carboxamide",CN(C(=O)C1=CC2=C(S1)C1=CC(C(=O)N3CCC(O)C3)=CC=C1OC2)C1=CC=C(F)C=C1F,"Using the input N-(2,4-difluorophenyl)-8-[(3S)-3-hydroxypyrrolidine-1-carbonyl]-N-methyl-4H-thieno[3,2-c]chromene-2-carboxamide, determine the corresponding SMILES structure.",iupac_2_smiles,train
(2-hexyl-3-pentylphenyl) hydrogen carbonate,CCCCCCC1=C(CCCCC)C=CC=C1OC(=O)O,Convert the IUPAC name (2-hexyl-3-pentylphenyl) hydrogen carbonate to its corresponding SMILES notation.,iupac_2_smiles,train
"(1R)-1-[2-[2-(2,2,2-trifluoroethoxy)ethoxy]phenyl]propan-1-amine",CCC(N)C1=CC=CC=C1OCCOCC(F)(F)F,"Using the input (1R)-1-[2-[2-(2,2,2-trifluoroethoxy)ethoxy]phenyl]propan-1-amine, determine the corresponding SMILES structure.",iupac_2_smiles,train
3-[furan-2-ylmethyl(methylsulfonyl)amino]-N-(3-phenylpropyl)propanamide,CS(=O)(=O)N(CCC(=O)NCCCC1=CC=CC=C1)CC1=CC=CO1,How would you convert the IUPAC name 3-[furan-2-ylmethyl(methylsulfonyl)amino]-N-(3-phenylpropyl)propanamide to SMILES?,iupac_2_smiles,train
"methyl (2S)-4-benzyl-2-[(1-methylindol-3-yl)methyl]-3,6-dioxopiperazine-1-carboxylate",COC(=O)N1C(=O)CN(CC2=CC=CC=C2)C(=O)C1CC1=CN(C)C2=CC=CC=C12,"Using the given IUPAC name methyl (2S)-4-benzyl-2-[(1-methylindol-3-yl)methyl]-3,6-dioxopiperazine-1-carboxylate, predict the correct SMILES representation.",iupac_2_smiles,train
2-[(2-chlorophenyl)methylsulfanyl]-N-[(Z)-(4-methoxy-3-nitrophenyl)methylideneamino]acetamide,COC1=CC=C(C=NNC(=O)CSCC2=CC=CC=C2Cl)C=C1[N+](=O)[O-],Provide the correct SMILES for the following IUPAC name 2-[(2-chlorophenyl)methylsulfanyl]-N-[(Z)-(4-methoxy-3-nitrophenyl)methylideneamino]acetamide.,iupac_2_smiles,train
"spiro[chromene-2,3'-cyclopentane]-1'-one",O=C1CCC2(C=CC3=CC=CC=C3O2)C1,"Provide the correct SMILES for the following IUPAC name spiro[chromene-2,3'-cyclopentane]-1'-one.",iupac_2_smiles,train
"N-[[5-(furan-2-carbonyl)thiophen-2-yl]methyl]-4-methoxy-3,5-dimethylbenzenesulfonamide",COC1=C(C)C=C(S(=O)(=O)NCC2=CC=C(C(=O)C3=CC=CO3)S2)C=C1C,"What is the SMILES representation for the molecule named N-[[5-(furan-2-carbonyl)thiophen-2-yl]methyl]-4-methoxy-3,5-dimethylbenzenesulfonamide?",iupac_2_smiles,train
tert-butyl N-cyclopropyl-N-[2-(pentylamino)ethyl]carbamate,CCCCCNCCN(C(=O)OC(C)(C)C)C1CC1,What is the SMILES representation for the molecule named tert-butyl N-cyclopropyl-N-[2-(pentylamino)ethyl]carbamate?,iupac_2_smiles,train
"ethyl 4-(2-ethoxyphenyl)-6-(4-methoxyphenyl)-2-oxo-3,4-dihydro-1H-pyrimidine-5-carboxylate",CCOC(=O)C1=C(C2=CC=C(OC)C=C2)NC(=O)NC1C1=CC=CC=C1OCC,"Predict the SMILES string for the IUPAC name ethyl 4-(2-ethoxyphenyl)-6-(4-methoxyphenyl)-2-oxo-3,4-dihydro-1H-pyrimidine-5-carboxylate.",iupac_2_smiles,train
"N-cyclopropyl-2-(2-nitrocyclohexyl)-N-(4,5,6,7-tetrahydro-1H-indazol-5-yl)-2,3-dihydrofuran-5-carboxamide",O=C(C1=CCC(C2CCCCC2[N+](=O)[O-])O1)N(C1CC1)C1CCC2=C(C=NN2)C1,"Convert the IUPAC name N-cyclopropyl-2-(2-nitrocyclohexyl)-N-(4,5,6,7-tetrahydro-1H-indazol-5-yl)-2,3-dihydrofuran-5-carboxamide to its corresponding SMILES notation.",iupac_2_smiles,train
"N-[4-[(2S)-1-acetyl-4-(cyclopropanecarbonyl)-2-methyl-2,3-dihydroquinoxalin-6-yl]phenyl]ethanesulfonamide",CCS(=O)(=O)NC1=CC=C(C2=CC=C3C(=C2)N(C(=O)C2CC2)CC(C)N3C(C)=O)C=C1,"Using the input N-[4-[(2S)-1-acetyl-4-(cyclopropanecarbonyl)-2-methyl-2,3-dihydroquinoxalin-6-yl]phenyl]ethanesulfonamide, determine the corresponding SMILES structure.",iupac_2_smiles,train
N-[[2-fluoro-5-(4-methylpyridin-3-yl)phenyl]methyl]propan-1-amine,CCCNCC1=CC(C2=CN=CC=C2C)=CC=C1F,Translate the following IUPAC name N-[[2-fluoro-5-(4-methylpyridin-3-yl)phenyl]methyl]propan-1-amine into its SMILES equivalent.,iupac_2_smiles,train
"2-hydroxy-2-(2-hydroxypropan-2-yl)cyclopent-4-ene-1,3-dione",CC(C)(O)C1(O)C(=O)C=CC1=O,"Using the input 2-hydroxy-2-(2-hydroxypropan-2-yl)cyclopent-4-ene-1,3-dione, determine the corresponding SMILES structure.",iupac_2_smiles,train
N-(1-methoxybutan-2-yl)-6-oxa-2-thiaspiro[4.5]decan-9-amine,CCC(COC)NC1CCOC2(CCSC2)C1,Predict the SMILES string for the IUPAC name N-(1-methoxybutan-2-yl)-6-oxa-2-thiaspiro[4.5]decan-9-amine.,iupac_2_smiles,train
"[1-[(3-methylimidazo[1,5-a]pyridin-1-yl)methyl]piperidin-3-yl]-phenylmethanone",CC1=NC(CN2CCCC(C(=O)C3=CC=CC=C3)C2)=C2C=CC=CN12,"Convert the IUPAC name [1-[(3-methylimidazo[1,5-a]pyridin-1-yl)methyl]piperidin-3-yl]-phenylmethanone to its corresponding SMILES notation.",iupac_2_smiles,train
N-[1-[4-(difluoromethoxy)phenyl]ethyl]-2-(oxolan-2-ylmethoxy)propanamide,CC(OCC1CCCO1)C(=O)NC(C)C1=CC=C(OC(F)F)C=C1,What is the SMILES representation for the molecule named N-[1-[4-(difluoromethoxy)phenyl]ethyl]-2-(oxolan-2-ylmethoxy)propanamide?,iupac_2_smiles,train
N-[(1S)-1-cyclopropylethyl]-6-imidazol-1-ylpyridine-3-carboxamide,CC(NC(=O)C1=CC=C(N2C=CN=C2)N=C1)C1CC1,"Using the given IUPAC name N-[(1S)-1-cyclopropylethyl]-6-imidazol-1-ylpyridine-3-carboxamide, predict the correct SMILES representation.",iupac_2_smiles,train
8-ethoxy-2-oxo-N-(2-phenoxyethyl)chromene-3-carboxamide,CCOC1=CC=CC2=C1OC(=O)C(C(=O)NCCOC1=CC=CC=C1)=C2,Translate the following IUPAC name 8-ethoxy-2-oxo-N-(2-phenoxyethyl)chromene-3-carboxamide into its SMILES equivalent.,iupac_2_smiles,train
"2-[4-(7-chloro-4,6-dimethoxy-5'-methyl-3,3'-dioxospiro[1-benzofuran-2,4'-cyclohexene]-1'-yl)piperazin-1-yl]pyridine-3-carbonitrile",COC1=CC(OC)=C2C(=O)C3(OC2=C1Cl)C(=O)C=C(N1CCN(C2=NC=CC=C2C#N)CC1)CC3C,"Given the IUPAC name 2-[4-(7-chloro-4,6-dimethoxy-5'-methyl-3,3'-dioxospiro[1-benzofuran-2,4'-cyclohexene]-1'-yl)piperazin-1-yl]pyridine-3-carbonitrile, provide the corresponding SMILES notation.",iupac_2_smiles,train
2-ethyl-2-(4-methylpentylamino)butanoic acid,CCC(CC)(NCCCC(C)C)C(=O)O,Translate the following IUPAC name 2-ethyl-2-(4-methylpentylamino)butanoic acid into its SMILES equivalent.,iupac_2_smiles,train
"3-N-[1-(4-methyl-1,2,4-triazol-3-yl)ethyl]-1H-1,2,4-triazole-3,5-diamine",CC(NC1=NNC(N)=N1)C1=NN=CN1C,"Given the IUPAC name 3-N-[1-(4-methyl-1,2,4-triazol-3-yl)ethyl]-1H-1,2,4-triazole-3,5-diamine, provide the corresponding SMILES notation.",iupac_2_smiles,train
N-[(3-fluoro-4-pyridin-3-yloxyphenyl)methyl]-N'-methyl-2-oxa-7-azaspiro[4.4]nonane-7-carboximidamide,CN=C(NCC1=CC=C(OC2=CC=CN=C2)C(F)=C1)N1CCC2(CCOC2)C1,"Given the IUPAC name N-[(3-fluoro-4-pyridin-3-yloxyphenyl)methyl]-N'-methyl-2-oxa-7-azaspiro[4.4]nonane-7-carboximidamide, provide the corresponding SMILES notation.",iupac_2_smiles,train
"(E)-3-(3,4-dimethoxyphenyl)-1-(4-imidazol-1-ylphenyl)prop-2-en-1-one",COC1=CC=C(C=CC(=O)C2=CC=C(N3C=CN=C3)C=C2)C=C1OC,"What is the SMILES representation for the molecule named (E)-3-(3,4-dimethoxyphenyl)-1-(4-imidazol-1-ylphenyl)prop-2-en-1-one?",iupac_2_smiles,train
"[5-(propan-2-yloxymethyl)-4-propyl-1,2,4-triazol-3-yl]methanol",CCCN1C(CO)=NN=C1COC(C)C,"Convert the IUPAC name [5-(propan-2-yloxymethyl)-4-propyl-1,2,4-triazol-3-yl]methanol to its corresponding SMILES notation.",iupac_2_smiles,train
1-cyclopropyl-3-[6-(4-propan-2-ylanilino)pyridazin-3-yl]urea,CC(C)C1=CC=C(NC2=CC=C(NC(=O)NC3CC3)N=N2)C=C1,"For the given chemical name 1-cyclopropyl-3-[6-(4-propan-2-ylanilino)pyridazin-3-yl]urea, generate the SMILES notation.",iupac_2_smiles,train
"1-(3-methyl-2,3,4,5-tetrahydro-1,4-benzodiazepin-1-yl)-2-(oxolan-2-yl)ethanone",CC1CN(C(=O)CC2CCCO2)C2=CC=CC=C2CN1,"Predict the SMILES string for the IUPAC name 1-(3-methyl-2,3,4,5-tetrahydro-1,4-benzodiazepin-1-yl)-2-(oxolan-2-yl)ethanone.",iupac_2_smiles,train
"N-(4-ethoxy-1,3-benzothiazol-2-yl)-N-(2-morpholin-4-ylethyl)-2-(4-phenylphenyl)acetamide",CCOC1=CC=CC2=C1N=C(N(CCN1CCOCC1)C(=O)CC1=CC=C(C3=CC=CC=C3)C=C1)S2,"How would you convert the IUPAC name N-(4-ethoxy-1,3-benzothiazol-2-yl)-N-(2-morpholin-4-ylethyl)-2-(4-phenylphenyl)acetamide to SMILES?",iupac_2_smiles,train
[(2S)-1-(2-methoxyethylamino)-1-oxopropan-2-yl] 3-[(4-chlorophenyl)sulfonylamino]propanoate,COCCNC(=O)C(C)OC(=O)CCNS(=O)(=O)C1=CC=C(Cl)C=C1,How would you convert the IUPAC name [(2S)-1-(2-methoxyethylamino)-1-oxopropan-2-yl] 3-[(4-chlorophenyl)sulfonylamino]propanoate to SMILES?,iupac_2_smiles,train
1-[(4-bromophenyl)carbamoyl]-2-ethylpyrrolidine-2-carboxylic acid,CCC1(C(=O)O)CCCN1C(=O)NC1=CC=C(Br)C=C1,Translate the following IUPAC name 1-[(4-bromophenyl)carbamoyl]-2-ethylpyrrolidine-2-carboxylic acid into its SMILES equivalent.,iupac_2_smiles,train
2-[4-[(4-hydroxybutan-2-ylamino)methyl]phenoxy]acetamide,CC(CCO)NCC1=CC=C(OCC(N)=O)C=C1,Provide the correct SMILES for the following IUPAC name 2-[4-[(4-hydroxybutan-2-ylamino)methyl]phenoxy]acetamide.,iupac_2_smiles,train
(2S)-3-(1H-indol-3-yl)-2-(2-methylpropylamino)propan-1-ol,CC(C)CNC(CO)CC1=CNC2=CC=CC=C12,What is the SMILES representation for the molecule named (2S)-3-(1H-indol-3-yl)-2-(2-methylpropylamino)propan-1-ol?,iupac_2_smiles,train
"N-[4-[[5,7-dioxo-6-[4-(trifluoromethylsulfanyl)phenyl]-4,6-diazaspiro[2.4]heptan-4-yl]methyl]pyridin-3-yl]benzamide",O=C(NC1=CN=CC=C1CN1C(=O)N(C2=CC=C(SC(F)(F)F)C=C2)C(=O)C12CC2)C1=CC=CC=C1,"Given the IUPAC name N-[4-[[5,7-dioxo-6-[4-(trifluoromethylsulfanyl)phenyl]-4,6-diazaspiro[2.4]heptan-4-yl]methyl]pyridin-3-yl]benzamide, provide the corresponding SMILES notation.",iupac_2_smiles,train
3-(4-cycloheptylphenyl)-2-hydroperoxybut-3-en-1-ol,C=C(C1=CC=C(C2CCCCCC2)C=C1)C(CO)OO,Provide the correct SMILES for the following IUPAC name 3-(4-cycloheptylphenyl)-2-hydroperoxybut-3-en-1-ol.,iupac_2_smiles,train
"3-bromo-4,5,6,7-tetrahydro-2-benzofuran-1-carboxylic acid",O=C(O)C1=C2CCCCC2=C(Br)O1,"How would you convert the IUPAC name 3-bromo-4,5,6,7-tetrahydro-2-benzofuran-1-carboxylic acid to SMILES?",iupac_2_smiles,train
"1-methylsulfonyl-N-(6-sulfamoyl-1,3-benzothiazol-2-yl)piperidine-2-carboxamide",CS(=O)(=O)N1CCCCC1C(=O)NC1=NC2=CC=C(S(N)(=O)=O)C=C2S1,"Given the IUPAC name 1-methylsulfonyl-N-(6-sulfamoyl-1,3-benzothiazol-2-yl)piperidine-2-carboxamide, provide the corresponding SMILES notation.",iupac_2_smiles,train
4-bromo-5-chloro-6-methylquinoline,CC1=CC=C2N=CC=C(Br)C2=C1Cl,Convert the IUPAC name 4-bromo-5-chloro-6-methylquinoline to its corresponding SMILES notation.,iupac_2_smiles,train
"7-bromo-4-chloro-3,3-dimethyl-1H-indol-2-one",CC1(C)C(=O)NC2=C(Br)C=CC(Cl)=C21,"Predict the SMILES string for the IUPAC name 7-bromo-4-chloro-3,3-dimethyl-1H-indol-2-one.",iupac_2_smiles,train
2-[4-(dimethylamino)phenyl]-2-(4-morpholin-4-ylphenyl)propanoic acid,CN(C)C1=CC=C(C(C)(C(=O)O)C2=CC=C(N3CCOCC3)C=C2)C=C1,Convert the IUPAC name 2-[4-(dimethylamino)phenyl]-2-(4-morpholin-4-ylphenyl)propanoic acid to its corresponding SMILES notation.,iupac_2_smiles,train
"3-[4-phenoxybutyl(1,3,4-thiadiazol-2-yl)amino]propanoic acid",O=C(O)CCN(CCCCOC1=CC=CC=C1)C1=NN=CS1,"Convert the IUPAC name 3-[4-phenoxybutyl(1,3,4-thiadiazol-2-yl)amino]propanoic acid to its corresponding SMILES notation.",iupac_2_smiles,train
"N-[(2-cyclohexyloxypyridin-4-yl)methyl]-4-(3,3,3-trifluoropropanoyl)piperazine-1-carboxamide",O=C(CC(F)(F)F)N1CCN(C(=O)NCC2=CC=NC(OC3CCCCC3)=C2)CC1,"Using the input N-[(2-cyclohexyloxypyridin-4-yl)methyl]-4-(3,3,3-trifluoropropanoyl)piperazine-1-carboxamide, determine the corresponding SMILES structure.",iupac_2_smiles,train
2-[4-[[2-(ethylamino)pyridin-4-yl]methoxy]phenyl]ethanol,CCNC1=CC(COC2=CC=C(CCO)C=C2)=CC=N1,Convert the IUPAC name 2-[4-[[2-(ethylamino)pyridin-4-yl]methoxy]phenyl]ethanol to its corresponding SMILES notation.,iupac_2_smiles,train
"1-(4-cyano-3-methylphenyl)sulfonyl-2,3,3a,4,5,6,7,7a-octahydroindole-2-carboxylic acid",CC1=CC(S(=O)(=O)N2C(C(=O)O)CC3CCCCC32)=CC=C1C#N,"For the given chemical name 1-(4-cyano-3-methylphenyl)sulfonyl-2,3,3a,4,5,6,7,7a-octahydroindole-2-carboxylic acid, generate the SMILES notation.",iupac_2_smiles,train
"4-bromo-3-[(3-oxo-1,4-diazepane-1-carbonyl)amino]benzoic acid",O=C1CN(C(=O)NC2=CC(C(=O)O)=CC=C2Br)CCCN1,"Predict the SMILES string for the IUPAC name 4-bromo-3-[(3-oxo-1,4-diazepane-1-carbonyl)amino]benzoic acid.",iupac_2_smiles,train
"3-chloro-N-cyclohexyl-4-methyl-N-[(3-phenyl-1,2,4-oxadiazol-5-yl)methyl]benzamide",CC1=CC=C(C(=O)N(CC2=NC(C3=CC=CC=C3)=NO2)C2CCCCC2)C=C1Cl,"For the given chemical name 3-chloro-N-cyclohexyl-4-methyl-N-[(3-phenyl-1,2,4-oxadiazol-5-yl)methyl]benzamide, generate the SMILES notation.",iupac_2_smiles,train
"2,2-dimethyl-N-[3-oxo-3-[4-(oxolan-2-ylmethyl)piperazin-1-yl]propyl]propanamide",CC(C)(C)C(=O)NCCC(=O)N1CCN(CC2CCCO2)CC1,"Using the given IUPAC name 2,2-dimethyl-N-[3-oxo-3-[4-(oxolan-2-ylmethyl)piperazin-1-yl]propyl]propanamide, predict the correct SMILES representation.",iupac_2_smiles,train
"5-chloro-2-N-[4-[(dimethylamino)methyl]-2-methoxyphenyl]-4-N-(2-dimethylphosphorylphenyl)pyrimidine-2,4-diamine",COC1=CC(CN(C)C)=CC=C1NC1=NC=C(Cl)C(NC2=CC=CC=C2P(C)(C)=O)=N1,"Provide the correct SMILES for the following IUPAC name 5-chloro-2-N-[4-[(dimethylamino)methyl]-2-methoxyphenyl]-4-N-(2-dimethylphosphorylphenyl)pyrimidine-2,4-diamine.",iupac_2_smiles,train
"N-benzyl-N-(2,3-dihydroinden-1-ylidenemethyl)-1-phenylmethanamine",C(=C1CCC2=CC=CC=C12)N(CC1=CC=CC=C1)CC1=CC=CC=C1,"Translate the following IUPAC name N-benzyl-N-(2,3-dihydroinden-1-ylidenemethyl)-1-phenylmethanamine into its SMILES equivalent.",iupac_2_smiles,train
"[4-[(3-methoxyoxan-4-yl)-methylamino]piperidin-1-yl]-[5-methoxy-6-[[(2R,6S)-6-phenyloxan-2-yl]methylamino]pyrimidin-4-yl]methanone",COC1=C(NCC2CCCC(C3=CC=CC=C3)O2)N=CN=C1C(=O)N1CCC(N(C)C2CCOCC2OC)CC1,"Using the input [4-[(3-methoxyoxan-4-yl)-methylamino]piperidin-1-yl]-[5-methoxy-6-[[(2R,6S)-6-phenyloxan-2-yl]methylamino]pyrimidin-4-yl]methanone, determine the corresponding SMILES structure.",iupac_2_smiles,train
3-bromo-N-(5-bromopyrazin-2-yl)pyridine-2-carboxamide,O=C(NC1=CN=C(Br)C=N1)C1=NC=CC=C1Br,Translate the following IUPAC name 3-bromo-N-(5-bromopyrazin-2-yl)pyridine-2-carboxamide into its SMILES equivalent.,iupac_2_smiles,train
3-[[2-[ethylsulfonyl(methyl)amino]acetyl]-methylamino]-2-methylpropanoic acid,CCS(=O)(=O)N(C)CC(=O)N(C)CC(C)C(=O)O,Provide the correct SMILES for the following IUPAC name 3-[[2-[ethylsulfonyl(methyl)amino]acetyl]-methylamino]-2-methylpropanoic acid.,iupac_2_smiles,train
(4-phenylphenyl) 2-(ethoxycarbonylamino)benzimidazole-1-carboximidate,CCOC(=O)NC1=NC2=CC=CC=C2N1C(=N)OC1=CC=C(C2=CC=CC=C2)C=C1,"Using the given IUPAC name (4-phenylphenyl) 2-(ethoxycarbonylamino)benzimidazole-1-carboximidate, predict the correct SMILES representation.",iupac_2_smiles,train
N'-(2-tert-butylsulfinylethyl)-N-ethyl-4-(2-methylpropyl)piperazine-1-carboximidamide,CCNC(=NCCS(=O)C(C)(C)C)N1CCN(CC(C)C)CC1,Predict the SMILES string for the IUPAC name N'-(2-tert-butylsulfinylethyl)-N-ethyl-4-(2-methylpropyl)piperazine-1-carboximidamide.,iupac_2_smiles,train
"methyl 4-[2-[6-amino-5-ethyl-4-(4-methylpiperazin-1-yl)pyridin-2-yl]-3-methyl-3,4-dihydro-1H-isoquinolin-7-yl]piperidine-1-carboxylate",CCC1=C(N2CCN(C)CC2)C=C(N2CC3=CC(C4CCN(C(=O)OC)CC4)=CC=C3CC2C)N=C1N,"Using the input methyl 4-[2-[6-amino-5-ethyl-4-(4-methylpiperazin-1-yl)pyridin-2-yl]-3-methyl-3,4-dihydro-1H-isoquinolin-7-yl]piperidine-1-carboxylate, determine the corresponding SMILES structure.",iupac_2_smiles,train
"2-chloro-1-[(1R,2S,13S,14S,16S,17R,18S,20S)-6-ethyl-1-fluoro-17,20-dihydroxy-2,16,18-trimethyl-7-aza-6-azoniapentacyclo[11.7.0.02,10.04,8.014,18]icosa-5,7,9-trien-17-yl]ethanone",CC[N+]1=CC2CC3(C)C(=CC2=N1)CCC1C2CC(C)C(O)(C(=O)CCl)C2(C)CC(O)C13F,"Using the input 2-chloro-1-[(1R,2S,13S,14S,16S,17R,18S,20S)-6-ethyl-1-fluoro-17,20-dihydroxy-2,16,18-trimethyl-7-aza-6-azoniapentacyclo[11.7.0.02,10.04,8.014,18]icosa-5,7,9-trien-17-yl]ethanone, determine the corresponding SMILES structure.",iupac_2_smiles,train
"methyl (4S,5S)-4-methyl-5-[(E)-3-(phenylmethoxymethoxy)prop-1-enyl]-2-(trichloromethyl)-5H-1,3-oxazole-4-carboxylate",COC(=O)C1(C)N=C(C(Cl)(Cl)Cl)OC1C=CCOCOCC1=CC=CC=C1,"Provide the correct SMILES for the following IUPAC name methyl (4S,5S)-4-methyl-5-[(E)-3-(phenylmethoxymethoxy)prop-1-enyl]-2-(trichloromethyl)-5H-1,3-oxazole-4-carboxylate.",iupac_2_smiles,train
"5-[1-(5-ethyl-1,2-oxazole-3-carbonyl)piperidin-4-yl]-5-pyridin-3-yl-3-(2-thiophen-2-ylethyl)imidazolidine-2,4-dione",CCC1=CC(C(=O)N2CCC(C3(C4=CC=CN=C4)NC(=O)N(CCC4=CC=CS4)C3=O)CC2)=NO1,"Given the IUPAC name 5-[1-(5-ethyl-1,2-oxazole-3-carbonyl)piperidin-4-yl]-5-pyridin-3-yl-3-(2-thiophen-2-ylethyl)imidazolidine-2,4-dione, provide the corresponding SMILES notation.",iupac_2_smiles,train
2-[1-[bis(cyclopropylmethyl)carbamoyl]azetidin-3-yl]acetic acid,O=C(O)CC1CN(C(=O)N(CC2CC2)CC2CC2)C1,"Using the given IUPAC name 2-[1-[bis(cyclopropylmethyl)carbamoyl]azetidin-3-yl]acetic acid, predict the correct SMILES representation.",iupac_2_smiles,train
(1-amino-1-oxopropan-2-yl) 3-[(4-acetylphenyl)sulfonylamino]propanoate,CC(=O)C1=CC=C(S(=O)(=O)NCCC(=O)OC(C)C(N)=O)C=C1,"For the given chemical name (1-amino-1-oxopropan-2-yl) 3-[(4-acetylphenyl)sulfonylamino]propanoate, generate the SMILES notation.",iupac_2_smiles,train
(2S)-N-cyclopropyl-2-phenyl-2-[4-(1H-pyrazol-4-yl)piperidin-1-yl]acetamide,O=C(NC1CC1)C(C1=CC=CC=C1)N1CCC(C2=CNN=C2)CC1,"Using the given IUPAC name (2S)-N-cyclopropyl-2-phenyl-2-[4-(1H-pyrazol-4-yl)piperidin-1-yl]acetamide, predict the correct SMILES representation.",iupac_2_smiles,train
"3-[7-(2-methylpropyl)-2,7-diazaspiro[3.5]nonan-2-yl]propanoic acid",CC(C)CN1CCC2(CC1)CN(CCC(=O)O)C2,"What is the SMILES representation for the molecule named 3-[7-(2-methylpropyl)-2,7-diazaspiro[3.5]nonan-2-yl]propanoic acid?",iupac_2_smiles,train
1-pyrrolidin-1-yl-2-quinolin-3-yloxypropan-1-one,CC(OC1=CN=C2C=CC=CC2=C1)C(=O)N1CCCC1,"For the given chemical name 1-pyrrolidin-1-yl-2-quinolin-3-yloxypropan-1-one, generate the SMILES notation.",iupac_2_smiles,train
"2-hydroxy-5-[[2-[(5-methyl-1,2-oxazol-3-yl)oxy]acetyl]amino]benzoic acid",CC1=CC(OCC(=O)NC2=CC=C(O)C(C(=O)O)=C2)=NO1,"For the given chemical name 2-hydroxy-5-[[2-[(5-methyl-1,2-oxazol-3-yl)oxy]acetyl]amino]benzoic acid, generate the SMILES notation.",iupac_2_smiles,train
"4-[4-[(2,6-dichlorophenyl)methoxy]phenyl]butan-2-ol",CC(O)CCC1=CC=C(OCC2=C(Cl)C=CC=C2Cl)C=C1,"Translate the following IUPAC name 4-[4-[(2,6-dichlorophenyl)methoxy]phenyl]butan-2-ol into its SMILES equivalent.",iupac_2_smiles,train
"N-[(Z)-[(1R,5S)-6-bicyclo[3.2.0]hept-2-enylidene]amino]-2-(4-methoxyphenoxy)acetamide",COC1=CC=C(OCC(=O)NN=C2CC3C=CCC23)C=C1,"Using the input N-[(Z)-[(1R,5S)-6-bicyclo[3.2.0]hept-2-enylidene]amino]-2-(4-methoxyphenoxy)acetamide, determine the corresponding SMILES structure.",iupac_2_smiles,train
[4-[[[2-[6-(4-acetylpiperazin-1-yl)pyridin-3-yl]quinoline-4-carbonyl]amino]methyl]cyclohexyl]methylcarbamic acid,CC(=O)N1CCN(C2=CC=C(C3=CC(C(=O)NCC4CCC(CNC(=O)O)CC4)=C4C=CC=CC4=N3)C=N2)CC1,Convert the IUPAC name [4-[[[2-[6-(4-acetylpiperazin-1-yl)pyridin-3-yl]quinoline-4-carbonyl]amino]methyl]cyclohexyl]methylcarbamic acid to its corresponding SMILES notation.,iupac_2_smiles,train
1-[furan-2-ylmethyl-[(2-methoxyphenyl)methyl]amino]-3-(4-methoxyphenoxy)propan-2-ol,COC1=CC=C(OCC(O)CN(CC2=CC=CO2)CC2=CC=CC=C2OC)C=C1,Convert the IUPAC name 1-[furan-2-ylmethyl-[(2-methoxyphenyl)methyl]amino]-3-(4-methoxyphenoxy)propan-2-ol to its corresponding SMILES notation.,iupac_2_smiles,train
"2-[6-(4-chloro-3-fluorophenyl)-3,3-dimethyl-2-oxopiperidin-1-yl]-N-(2'-oxospiro[1,3-dihydroindene-2,3'-1H-pyrrolo[2,3-b]pyridine]-5-yl)acetamide",CC1(C)CCC(C2=CC=C(Cl)C(F)=C2)N(CC(=O)NC2=CC=C3CC4(CC3=C2)C(=O)NC2=NC=CC=C24)C1=O,"Using the given IUPAC name 2-[6-(4-chloro-3-fluorophenyl)-3,3-dimethyl-2-oxopiperidin-1-yl]-N-(2'-oxospiro[1,3-dihydroindene-2,3'-1H-pyrrolo[2,3-b]pyridine]-5-yl)acetamide, predict the correct SMILES representation.",iupac_2_smiles,train
N-[1-(4-tert-butylphenyl)ethyl]-2-chloropropanamide,CC(Cl)C(=O)NC(C)C1=CC=C(C(C)(C)C)C=C1,Convert the IUPAC name N-[1-(4-tert-butylphenyl)ethyl]-2-chloropropanamide to its corresponding SMILES notation.,iupac_2_smiles,train
"2,3,4-trifluoro-N-[2-[(3,4,5-trihydroxybenzoyl)amino]ethyl]benzamide",O=C(NCCNC(=O)C1=CC=C(F)C(F)=C1F)C1=CC(O)=C(O)C(O)=C1,"For the given chemical name 2,3,4-trifluoro-N-[2-[(3,4,5-trihydroxybenzoyl)amino]ethyl]benzamide, generate the SMILES notation.",iupac_2_smiles,train
N-[3-[1-[3-(methylamino)propyl]imidazol-2-yl]phenyl]acetamide,CNCCCN1C=CN=C1C1=CC=CC(NC(C)=O)=C1,How would you convert the IUPAC name N-[3-[1-[3-(methylamino)propyl]imidazol-2-yl]phenyl]acetamide to SMILES?,iupac_2_smiles,train
3-bromo-N-cyclopentyl-4-(2-phenoxyethoxy)benzamide,O=C(NC1CCCC1)C1=CC=C(OCCOC2=CC=CC=C2)C(Br)=C1,What is the SMILES representation for the molecule named 3-bromo-N-cyclopentyl-4-(2-phenoxyethoxy)benzamide?,iupac_2_smiles,train
"(3-phenyl-1-oxa-2,8-diazaspiro[4.5]dec-2-en-8-yl) N-(3-fluorophenyl)carbamate",O=C(NC1=CC=CC(F)=C1)ON1CCC2(CC1)CC(C1=CC=CC=C1)=NO2,"Using the input (3-phenyl-1-oxa-2,8-diazaspiro[4.5]dec-2-en-8-yl) N-(3-fluorophenyl)carbamate, determine the corresponding SMILES structure.",iupac_2_smiles,train
"cyclohexyl 2-[(5-pyridin-3-yl-1H-1,2,4-triazol-3-yl)sulfanyl]acetate",O=C(CSC1=NNC(C2=CC=CN=C2)=N1)OC1CCCCC1,"Given the IUPAC name cyclohexyl 2-[(5-pyridin-3-yl-1H-1,2,4-triazol-3-yl)sulfanyl]acetate, provide the corresponding SMILES notation.",iupac_2_smiles,train
"(3S)-3-butyl-6-methoxy-1-(1-methylpyrazol-3-yl)-3,4-dihydroisoquinoline",CCCCC1CC2=CC(OC)=CC=C2C(C2=NN(C)C=C2)=N1,"Using the input (3S)-3-butyl-6-methoxy-1-(1-methylpyrazol-3-yl)-3,4-dihydroisoquinoline, determine the corresponding SMILES structure.",iupac_2_smiles,train
"(5E)-5-[(3-bromo-4-methoxyphenyl)methylidene]-1-(4-fluorophenyl)-1,3-diazinane-2,4,6-trione",COC1=CC=C(C=C2C(=O)NC(=O)N(C3=CC=C(F)C=C3)C2=O)C=C1Br,"How would you convert the IUPAC name (5E)-5-[(3-bromo-4-methoxyphenyl)methylidene]-1-(4-fluorophenyl)-1,3-diazinane-2,4,6-trione to SMILES?",iupac_2_smiles,train
"3-(hydroxymethyl)-4-[2-(1-methylpyrazol-3-yl)ethyl]-1H-1,2,4-triazole-5-thione",CN1C=CC(CCN2C(CO)=NNC2=S)=N1,"Translate the following IUPAC name 3-(hydroxymethyl)-4-[2-(1-methylpyrazol-3-yl)ethyl]-1H-1,2,4-triazole-5-thione into its SMILES equivalent.",iupac_2_smiles,train
"15-fluoro-1,4,8,11-tetraza-15lambda5-phosphatetracyclo[6.6.1.04,15.011,15]pentadecane",FP123N4CCCN1CCN2CCCN3CC4,"Using the input 15-fluoro-1,4,8,11-tetraza-15lambda5-phosphatetracyclo[6.6.1.04,15.011,15]pentadecane, determine the corresponding SMILES structure.",iupac_2_smiles,train
"tert-butyl (3S,4R)-3-(aminomethyl)-4-[[(2-methylpropan-2-yl)oxycarbonylamino]methyl]pyrrolidine-1-carboxylate",CC(C)(C)OC(=O)NCC1CN(C(=O)OC(C)(C)C)CC1CN,"Using the given IUPAC name tert-butyl (3S,4R)-3-(aminomethyl)-4-[[(2-methylpropan-2-yl)oxycarbonylamino]methyl]pyrrolidine-1-carboxylate, predict the correct SMILES representation.",iupac_2_smiles,train
1-(2-chlorophenyl)-4-[(4-fluorophenyl)methylsulfonyl]piperazine,O=S(=O)(CC1=CC=C(F)C=C1)N1CCN(C2=CC=CC=C2Cl)CC1,"Using the input 1-(2-chlorophenyl)-4-[(4-fluorophenyl)methylsulfonyl]piperazine, determine the corresponding SMILES structure.",iupac_2_smiles,valid
N-(3-methoxy-4-methylphenyl)ethanethioamide,COC1=CC(NC(C)=S)=CC=C1C,"For the given chemical name N-(3-methoxy-4-methylphenyl)ethanethioamide, generate the SMILES notation.",iupac_2_smiles,valid
(3S)-5-oxo-1-[3-(propanoylamino)phenyl]pyrrolidine-3-carboxylic acid,CCC(=O)NC1=CC=CC(N2CC(C(=O)O)CC2=O)=C1,Convert the IUPAC name (3S)-5-oxo-1-[3-(propanoylamino)phenyl]pyrrolidine-3-carboxylic acid to its corresponding SMILES notation.,iupac_2_smiles,valid
"2-fluoro-1-N-methyl-1-N-(2-methyloxolan-3-yl)benzene-1,4-diamine",CC1OCCC1N(C)C1=CC=C(N)C=C1F,"For the given chemical name 2-fluoro-1-N-methyl-1-N-(2-methyloxolan-3-yl)benzene-1,4-diamine, generate the SMILES notation.",iupac_2_smiles,valid
"2-[bis(2-chloroethyl)amino]-3-methyl-2-oxo-1,3,2lambda5-oxazaphosphinan-4-ol",CN1C(O)CCOP1(=O)N(CCCl)CCCl,"Using the input 2-[bis(2-chloroethyl)amino]-3-methyl-2-oxo-1,3,2lambda5-oxazaphosphinan-4-ol, determine the corresponding SMILES structure.",iupac_2_smiles,valid
"6-furo[3,2-b]pyridin-2-yl-6-[(6-methyl-4-oxo-1H-naphthalen-2-yl)methyl]azepan-2-one",CC1=CC=C2CC(CC3(C4=CC5=NC=CC=C5O4)CCCC(=O)NC3)=CC(=O)C2=C1,"Using the input 6-furo[3,2-b]pyridin-2-yl-6-[(6-methyl-4-oxo-1H-naphthalen-2-yl)methyl]azepan-2-one, determine the corresponding SMILES structure.",iupac_2_smiles,valid
"(4aS,5S)-2-ethyl-7-iodo-5-methyl-8a-phenyl-3,4,4a,5-tetrahydroisoquinoline-1,6-dione",CCN1CCC2C(C)C(=O)C(I)=CC2(C2=CC=CC=C2)C1=O,"How would you convert the IUPAC name (4aS,5S)-2-ethyl-7-iodo-5-methyl-8a-phenyl-3,4,4a,5-tetrahydroisoquinoline-1,6-dione to SMILES?",iupac_2_smiles,valid
"N-[2-(cyclohexen-1-yl)ethyl]-1,7,7-trimethyl-9-oxo-8H-furo[3,2-f]chromene-2-carboxamide",CC1=C(C(=O)NCCC2=CCCCC2)OC2=CC=C3OC(C)(C)CC(=O)C3=C12,"Convert the IUPAC name N-[2-(cyclohexen-1-yl)ethyl]-1,7,7-trimethyl-9-oxo-8H-furo[3,2-f]chromene-2-carboxamide to its corresponding SMILES notation.",iupac_2_smiles,valid
N-acetyl-N-(7-oxocyclohepten-1-yl)acetamide,CC(=O)N(C(C)=O)C1=CCCCCC1=O,"Given the IUPAC name N-acetyl-N-(7-oxocyclohepten-1-yl)acetamide, provide the corresponding SMILES notation.",iupac_2_smiles,valid
3-(aminomethyl)-4-fluoro-5-(trifluoromethyl)aniline,NCC1=CC(N)=CC(C(F)(F)F)=C1F,Convert the IUPAC name 3-(aminomethyl)-4-fluoro-5-(trifluoromethyl)aniline to its corresponding SMILES notation.,iupac_2_smiles,valid
2-hydroxy-N-(1-phenylethyl)butanediamide,CC(NC(=O)C(O)CC(N)=O)C1=CC=CC=C1,Provide the correct SMILES for the following IUPAC name 2-hydroxy-N-(1-phenylethyl)butanediamide.,iupac_2_smiles,test
1-[4-(4-nitro-3-piperidin-1-ylphenyl)piperazin-1-yl]butan-1-one,CCCC(=O)N1CCN(C2=CC=C([N+](=O)[O-])C(N3CCCCC3)=C2)CC1,"For the given chemical name 1-[4-(4-nitro-3-piperidin-1-ylphenyl)piperazin-1-yl]butan-1-one, generate the SMILES notation.",iupac_2_smiles,test
"(5-bromopyrazolo[4,3-b]pyridin-1-yl)-iodophosphane",BrC1=CC=C2C(=N1)C=NN2PI,"What is the SMILES representation for the molecule named (5-bromopyrazolo[4,3-b]pyridin-1-yl)-iodophosphane?",iupac_2_smiles,test
3-[(4-bromoindol-1-yl)methyl]phenol,OC1=CC=CC(CN2C=CC3=C(Br)C=CC=C32)=C1,"Given the IUPAC name 3-[(4-bromoindol-1-yl)methyl]phenol, provide the corresponding SMILES notation.",iupac_2_smiles,test
2-[1-[(1-phenylpyrazol-4-yl)methyl]pyrrolidin-2-yl]pyrimidine-5-carboxylic acid,O=C(O)C1=CN=C(C2CCCN2CC2=CN(C3=CC=CC=C3)N=C2)N=C1,Predict the SMILES string for the IUPAC name 2-[1-[(1-phenylpyrazol-4-yl)methyl]pyrrolidin-2-yl]pyrimidine-5-carboxylic acid.,iupac_2_smiles,test
"5-fluoro-2-propan-2-yloxy-N-(2,2,6,6-tetramethylpiperidin-4-yl)pyrimidin-4-amine",CC(C)OC1=NC=C(F)C(NC2CC(C)(C)NC(C)(C)C2)=N1,"Predict the SMILES string for the IUPAC name 5-fluoro-2-propan-2-yloxy-N-(2,2,6,6-tetramethylpiperidin-4-yl)pyrimidin-4-amine.",iupac_2_smiles,test
"4-[[3-(1-phenylethylamino)-1,2,4-triazin-5-yl]amino]benzonitrile",CC(NC1=NN=CC(NC2=CC=C(C#N)C=C2)=N1)C1=CC=CC=C1,"Provide the correct SMILES for the following IUPAC name 4-[[3-(1-phenylethylamino)-1,2,4-triazin-5-yl]amino]benzonitrile.",iupac_2_smiles,test
(NE)-N-[2-(4-chlorophenyl)chromen-4-ylidene]hydroxylamine,ON=C1C=C(C2=CC=C(Cl)C=C2)OC2=CC=CC=C12,"Using the input (NE)-N-[2-(4-chlorophenyl)chromen-4-ylidene]hydroxylamine, determine the corresponding SMILES structure.",iupac_2_smiles,test
4-[2-(4-chloroanilino)-1-methylbenzimidazol-5-yl]oxy-N-(2-piperidin-2-ylethyl)pyridine-2-carboxamide,CN1C(NC2=CC=C(Cl)C=C2)=NC2=CC(OC3=CC=NC(C(=O)NCCC4CCCCN4)=C3)=CC=C21,"Using the input 4-[2-(4-chloroanilino)-1-methylbenzimidazol-5-yl]oxy-N-(2-piperidin-2-ylethyl)pyridine-2-carboxamide, determine the corresponding SMILES structure.",iupac_2_smiles,test
(E)-1-phenyl-N-triethylsilylmethanimine,CC[Si](CC)(CC)N=CC1=CC=CC=C1,"Using the input (E)-1-phenyl-N-triethylsilylmethanimine, determine the corresponding SMILES structure.",iupac_2_smiles,test
CC(C)(C)OC(=O)NCC(O)C(=O)NC1=CC=CC(C2=CC=C(OC3=CC=C(F)C=C3)C=C2)=N1,tert-butyl N-[(2S)-3-[[6-[4-(4-fluorophenoxy)phenyl]pyridin-2-yl]amino]-2-hydroxy-3-oxopropyl]carbamate,Provide the correct IUPAC name for the following SMILES CC(C)(C)OC(=O)NCC(O)C(=O)NC1=CC=CC(C2=CC=C(OC3=CC=C(F)C=C3)C=C2)=N1.,smiles_2_iupac,train
O=C1CCC(N2CC3=CC(N4C=C(CN5CCN(C6=CC=CC=C6)CC5)N=N4)=CC=C3C2=O)C(=O)N1,"3-[3-oxo-6-[4-[(4-phenylpiperazin-1-yl)methyl]triazol-1-yl]-1H-isoindol-2-yl]piperidine-2,6-dione","Using the given SMILES O=C1CCC(N2CC3=CC(N4C=C(CN5CCN(C6=CC=CC=C6)CC5)N=N4)=CC=C3C2=O)C(=O)N1, predict the correct IUPAC name.",smiles_2_iupac,train
CCCCNC(=O)C1=CC=CC=C1NC(=O)C1CCN(S(=O)(=O)CC2=CC=CC(Cl)=C2)CC1,N-[2-(butylcarbamoyl)phenyl]-1-[(3-chlorophenyl)methylsulfonyl]piperidine-4-carboxamide,Convert the SMILES CCCCNC(=O)C1=CC=CC=C1NC(=O)C1CCN(S(=O)(=O)CC2=CC=CC(Cl)=C2)CC1 to its IUPAC name.,smiles_2_iupac,train
COC1=CC=C(OCC(O)CN(CC2=CC=CO2)CC2=CC=CC=C2OC)C=C1,1-[furan-2-ylmethyl-[(2-methoxyphenyl)methyl]amino]-3-(4-methoxyphenoxy)propan-2-ol,"Given the SMILES COC1=CC=C(OCC(O)CN(CC2=CC=CO2)CC2=CC=CC=C2OC)C=C1, provide the corresponding IUPAC name.",smiles_2_iupac,train
CCCOC1=CC=C(N)C=C1C(OCC)OCC,3-(diethoxymethyl)-4-propoxyaniline,Convert the SMILES CCCOC1=CC=C(N)C=C1C(OCC)OCC to its IUPAC name.,smiles_2_iupac,train
NCC1=CC(N)=CC(C(F)(F)F)=C1F,3-(aminomethyl)-4-fluoro-5-(trifluoromethyl)aniline,"Using the input NCC1=CC(N)=CC(C(F)(F)F)=C1F, determine the corresponding IUPAC name.",smiles_2_iupac,train
CCOC(=O)C1CCNC1C1CC1,"ethyl (2S,3R)-2-cyclopropylpyrrolidine-3-carboxylate","For the given SMILES CCOC(=O)C1CCNC1C1CC1, generate the correct IUPAC name.",smiles_2_iupac,train
COP(=O)(O)C(C=O)C1=CC=CC=C1,methoxy-(2-oxo-1-phenylethyl)phosphinic acid,Predict the IUPAC name for the SMILES COP(=O)(O)C(C=O)C1=CC=CC=C1.,smiles_2_iupac,train
NC1=CC=C(SCC2=NOC(C3=CC=CS3)=C2)C(F)=C1,"3-fluoro-4-[(5-thiophen-2-yl-1,2-oxazol-3-yl)methylsulfanyl]aniline","For the given SMILES NC1=CC=C(SCC2=NOC(C3=CC=CS3)=C2)C(F)=C1, generate the correct IUPAC name.",smiles_2_iupac,train
CN=C(NCC1=CC=NC(C)=N1)NCC(O)C1=CC=C(Cl)S1,1-[2-(5-chlorothiophen-2-yl)-2-hydroxyethyl]-2-methyl-3-[(2-methylpyrimidin-4-yl)methyl]guanidine,What is the IUPAC name for the molecule represented by CN=C(NCC1=CC=NC(C)=N1)NCC(O)C1=CC=C(Cl)S1?,smiles_2_iupac,train
CC1(C)CC(=O)C2=C(C1)N=C1SC(=CC3=CC=C4C=CN=CC4=C3)C(=O)N1C2C1=CC=C(Cl)C=C1,"5-(4-chlorophenyl)-2-(isoquinolin-7-ylmethylidene)-8,8-dimethyl-7,9-dihydro-5H-[1,3]thiazolo[2,3-b]quinazoline-3,6-dione","Using the given SMILES CC1(C)CC(=O)C2=C(C1)N=C1SC(=CC3=CC=C4C=CN=CC4=C3)C(=O)N1C2C1=CC=C(Cl)C=C1, predict the correct IUPAC name.",smiles_2_iupac,train
N#CCSC1=CC=CC=C1C(=O)N1CC(C(=O)O)C1,1-[2-(cyanomethylsulfanyl)benzoyl]azetidine-3-carboxylic acid,"Using the input N#CCSC1=CC=CC=C1C(=O)N1CC(C(=O)O)C1, determine the corresponding IUPAC name.",smiles_2_iupac,train
CC(NC1=NN=CC(NC2=CC=C(C#N)C=C2)=N1)C1=CC=CC=C1,"4-[[3-(1-phenylethylamino)-1,2,4-triazin-5-yl]amino]benzonitrile",How would you convert the SMILES CC(NC1=NN=CC(NC2=CC=C(C#N)C=C2)=N1)C1=CC=CC=C1 to its IUPAC name?,smiles_2_iupac,train
CC1=C(C(=O)O)C=C(CN2C=NC3=C(SC=C3C)C2=O)O1,"2-methyl-5-[(7-methyl-4-oxothieno[3,2-d]pyrimidin-3-yl)methyl]furan-3-carboxylic acid",Provide the correct IUPAC name for the following SMILES CC1=C(C(=O)O)C=C(CN2C=NC3=C(SC=C3C)C2=O)O1.,smiles_2_iupac,train
CCCCC1=NC2=CC=C(NC(=O)C3=CC=CC=C3SCC(=O)NC(C)C)C=C2N1,N-(2-butyl-3H-benzimidazol-5-yl)-2-[2-oxo-2-(propan-2-ylamino)ethyl]sulfanylbenzamide,Predict the IUPAC name for the SMILES CCCCC1=NC2=CC=C(NC(=O)C3=CC=CC=C3SCC(=O)NC(C)C)C=C2N1.,smiles_2_iupac,train
OCC1=CC2=C(C=N1)OC=CO2,"[1,4]dioxino[2,3-c]pyridin-7-ylmethanol",Provide the correct IUPAC name for the following SMILES OCC1=CC2=C(C=N1)OC=CO2.,smiles_2_iupac,train
CCCCCCN1C(=O)C(C2=CC=CC=C2)OC2=CC=C([N+](=O)[O-])N=C21,"4-hexyl-6-nitro-2-phenylpyrido[3,2-b][1,4]oxazin-3-one",How would you convert the SMILES CCCCCCN1C(=O)C(C2=CC=CC=C2)OC2=CC=C([N+](=O)[O-])N=C21 to its IUPAC name?,smiles_2_iupac,train
CCC(C(=O)NCCOC1=CC=C(S(=O)(=O)N2CCCCC2)C=C1)N(C1=CC(Cl)=CC=C1Cl)S(C)(=O)=O,"(2S)-2-(2,5-dichloro-N-methylsulfonylanilino)-N-[2-(4-piperidin-1-ylsulfonylphenoxy)ethyl]butanamide","Given the SMILES CCC(C(=O)NCCOC1=CC=C(S(=O)(=O)N2CCCCC2)C=C1)N(C1=CC(Cl)=CC=C1Cl)S(C)(=O)=O, provide the corresponding IUPAC name.",smiles_2_iupac,train
O=P1(C2=CC=CC=C2)NC2=CC=CC=C2N1C1CCCCC1,"3-cyclohexyl-2-phenyl-1H-1,3,2lambda5-benzodiazaphosphole 2-oxide",Convert the SMILES O=P1(C2=CC=CC=C2)NC2=CC=CC=C2N1C1CCCCC1 to its IUPAC name.,smiles_2_iupac,train
CC(C)(C)SCC(=O)NC1=CC=CC=C1C(=O)NC1CC1,2-[(2-tert-butylsulfanylacetyl)amino]-N-cyclopropylbenzamide,What is the IUPAC name for the molecule represented by CC(C)(C)SCC(=O)NC1=CC=CC=C1C(=O)NC1CC1?,smiles_2_iupac,train
CCNC(=NCC1=CC=C(C)C=C1OCC(F)(F)F)NCCCF,"1-ethyl-3-(3-fluoropropyl)-2-[[4-methyl-2-(2,2,2-trifluoroethoxy)phenyl]methyl]guanidine",How would you convert the SMILES CCNC(=NCC1=CC=C(C)C=C1OCC(F)(F)F)NCCCF to its IUPAC name?,smiles_2_iupac,train
CCS(=O)(=O)CCCN1CC(O)C(O)C1,"1-(3-ethylsulfonylpropyl)pyrrolidine-3,4-diol","Given the SMILES CCS(=O)(=O)CCCN1CC(O)C(O)C1, provide the corresponding IUPAC name.",smiles_2_iupac,train
CN1C=CC=C1CNC(=O)CCOC1CCNCC1,N-[(1-methylpyrrol-2-yl)methyl]-3-piperidin-4-yloxypropanamide,Provide the correct IUPAC name for the following SMILES CN1C=CC=C1CNC(=O)CCOC1CCNCC1.,smiles_2_iupac,train
CC=C(O)C(O)C(N)=O,"(E)-2,3-dihydroxypent-3-enamide",Provide the correct IUPAC name for the following SMILES CC=C(O)C(O)C(N)=O.,smiles_2_iupac,train
NCCCNC(=O)C1=C(F)C=CC=C1Cl,N-(3-aminopropyl)-2-chloro-6-fluorobenzamide,Translate the following SMILES NCCCNC(=O)C1=C(F)C=CC=C1Cl into its IUPAC name equivalent.,smiles_2_iupac,train
N#CC1=CC=C(C=CC(=O)OCC(=O)NCC2=CC=CC(Cl)=C2)C=C1,[2-[(3-chlorophenyl)methylamino]-2-oxoethyl] (E)-3-(4-cyanophenyl)prop-2-enoate,"Given the SMILES N#CC1=CC=C(C=CC(=O)OCC(=O)NCC2=CC=CC(Cl)=C2)C=C1, provide the corresponding IUPAC name.",smiles_2_iupac,train
CCOC(=O)C1CCCN(C2=NC3=CC=C(F)C=C3N2)C1,ethyl 1-(6-fluoro-1H-benzimidazol-2-yl)piperidine-3-carboxylate,What is the IUPAC name for the molecule represented by CCOC(=O)C1CCCN(C2=NC3=CC=C(F)C=C3N2)C1?,smiles_2_iupac,train
CSC1=NC2=C(F)C(Br)=C(C)C=C2C(NC2CCN(C(=O)OC(C)(C)C)C2)=C1C=O,tert-butyl 3-[(7-bromo-8-fluoro-3-formyl-6-methyl-2-methylsulfanylquinolin-4-yl)amino]pyrrolidine-1-carboxylate,Provide the correct IUPAC name for the following SMILES CSC1=NC2=C(F)C(Br)=C(C)C=C2C(NC2CCN(C(=O)OC(C)(C)C)C2)=C1C=O.,smiles_2_iupac,train
CCC(=O)C1=CC=C(NCC(C)N(C)C)C=C1,1-[4-[2-(dimethylamino)propylamino]phenyl]propan-1-one,"Given the SMILES CCC(=O)C1=CC=C(NCC(C)N(C)C)C=C1, provide the corresponding IUPAC name.",smiles_2_iupac,train
COC(=O)C1(CN(C)C2=CC=CC=C2OC)COC1,methyl 3-[(2-methoxy-N-methylanilino)methyl]oxetane-3-carboxylate,How would you convert the SMILES COC(=O)C1(CN(C)C2=CC=CC=C2OC)COC1 to its IUPAC name?,smiles_2_iupac,train
CN1N=CC=C1C(=O)N(C1=CC=C(F)C=C1)C1=CC=C(C2CNCCO2)C=C1,N-(4-fluorophenyl)-2-methyl-N-[4-[(2S)-morpholin-2-yl]phenyl]pyrazole-3-carboxamide,How would you convert the SMILES CN1N=CC=C1C(=O)N(C1=CC=C(F)C=C1)C1=CC=C(C2CNCCO2)C=C1 to its IUPAC name?,smiles_2_iupac,train
CCOC(CN)CCN1CCC(N(C)C)C1,"1-(4-amino-3-ethoxybutyl)-N,N-dimethylpyrrolidin-3-amine",How would you convert the SMILES CCOC(CN)CCN1CCC(N(C)C)C1 to its IUPAC name?,smiles_2_iupac,train
CC1=CC=C(S(=O)(=O)CCCCC2=CC=C(CC(=O)O)C=C2)C=C1,2-[4-[4-(4-methylphenyl)sulfonylbutyl]phenyl]acetic acid,"For the given SMILES CC1=CC=C(S(=O)(=O)CCCCC2=CC=C(CC(=O)O)C=C2)C=C1, generate the correct IUPAC name.",smiles_2_iupac,train
CC1=CC(OCC2=CC=C(C#N)C=C2Cl)=C(C)C=C1N,"4-[(4-amino-2,5-dimethylphenoxy)methyl]-3-chlorobenzonitrile",How would you convert the SMILES CC1=CC(OCC2=CC=C(C#N)C=C2Cl)=C(C)C=C1N to its IUPAC name?,smiles_2_iupac,train
CCCOC1=CC=C(NC(=O)NC(C2=CC=CC=C2)C2=NNC(C)=N2)C=C1OCCC,"1-(3,4-dipropoxyphenyl)-3-[(5-methyl-1H-1,2,4-triazol-3-yl)-phenylmethyl]urea","Using the given SMILES CCCOC1=CC=C(NC(=O)NC(C2=CC=CC=C2)C2=NNC(C)=N2)C=C1OCCC, predict the correct IUPAC name.",smiles_2_iupac,train
CN1C=C(C2=CC=C3C=NC(CC(=O)C4CCN(C5CCC5)C4)=CC3=C2)C=N1,1-(1-cyclobutylpyrrolidin-3-yl)-2-[6-(1-methylpyrazol-4-yl)isoquinolin-3-yl]ethanone,What is the IUPAC name for the molecule represented by CN1C=C(C2=CC=C3C=NC(CC(=O)C4CCN(C5CCC5)C4)=CC3=C2)C=N1?,smiles_2_iupac,train
CC1=CC=C(S(=O)(=O)N(C)C)C=C1NC(=O)C(C)OC(=O)C1=CC=C(Cl)C=C1Cl,"[(2R)-1-[5-(dimethylsulfamoyl)-2-methylanilino]-1-oxopropan-2-yl] 2,4-dichlorobenzoate","Using the given SMILES CC1=CC=C(S(=O)(=O)N(C)C)C=C1NC(=O)C(C)OC(=O)C1=CC=C(Cl)C=C1Cl, predict the correct IUPAC name.",smiles_2_iupac,train
CC(OC1=CC=CC=C1)C(=O)NC1=CC=C(Cl)C(C(N)=O)=C1,2-chloro-5-[[(2R)-2-phenoxypropanoyl]amino]benzamide,What is the IUPAC name for the molecule represented by CC(OC1=CC=CC=C1)C(=O)NC1=CC=C(Cl)C(C(N)=O)=C1?,smiles_2_iupac,train
CC1=CC=C(C(=O)NC2=CC(Cl)=C(O)C(Cl)=C2)C=C1Cl,"3-chloro-N-(3,5-dichloro-4-hydroxyphenyl)-4-methylbenzamide",Translate the following SMILES CC1=CC=C(C(=O)NC2=CC(Cl)=C(O)C(Cl)=C2)C=C1Cl into its IUPAC name equivalent.,smiles_2_iupac,train
C=C(Cl)CNNC=NC1=CC=C(N2CC(CNC(C)=O)OC2=O)C=C1F,"N-[[3-[4-[[2-(2-chloroprop-2-enyl)hydrazinyl]methylideneamino]-3-fluorophenyl]-2-oxo-1,3-oxazolidin-5-yl]methyl]acetamide",Translate the following SMILES C=C(Cl)CNNC=NC1=CC=C(N2CC(CNC(C)=O)OC2=O)C=C1F into its IUPAC name equivalent.,smiles_2_iupac,train
CC1CCC(CNC2=NC3=CC=CC=C3S2)(C(=O)O)CC1,"1-[(1,3-benzothiazol-2-ylamino)methyl]-4-methylcyclohexane-1-carboxylic acid","Using the given SMILES CC1CCC(CNC2=NC3=CC=CC=C3S2)(C(=O)O)CC1, predict the correct IUPAC name.",smiles_2_iupac,train
O=C(COCC1=CC=CC=C1)NNC(=O)C1=CC(C2=CC=CO2)=NC2=CC=CC=C12,2-(furan-2-yl)-N'-(2-phenylmethoxyacetyl)quinoline-4-carbohydrazide,Convert the SMILES O=C(COCC1=CC=CC=C1)NNC(=O)C1=CC(C2=CC=CO2)=NC2=CC=CC=C12 to its IUPAC name.,smiles_2_iupac,train
CC1=NN(C2=CC=CC=C2Cl)C(Cl)=C1C=C(C#N)C(=O)N1CCCC1,(E)-3-[5-chloro-1-(2-chlorophenyl)-3-methylpyrazol-4-yl]-2-(pyrrolidine-1-carbonyl)prop-2-enenitrile,Predict the IUPAC name for the SMILES CC1=NN(C2=CC=CC=C2Cl)C(Cl)=C1C=C(C#N)C(=O)N1CCCC1.,smiles_2_iupac,train
CC(C)CC(=O)NC(=S)NC1=CC=CC=C1C(F)(F)F,3-methyl-N-[[2-(trifluoromethyl)phenyl]carbamothioyl]butanamide,"Using the input CC(C)CC(=O)NC(=S)NC1=CC=CC=C1C(F)(F)F, determine the corresponding IUPAC name.",smiles_2_iupac,train
CC(OC(=O)CC1CCCC1)C(=O)NC1=CC=C(F)C=C1,[(2S)-1-(4-fluoroanilino)-1-oxopropan-2-yl] 2-cyclopentylacetate,"For the given SMILES CC(OC(=O)CC1CCCC1)C(=O)NC1=CC=C(F)C=C1, generate the correct IUPAC name.",smiles_2_iupac,train
CCC(F)(F)N1N=CC2=CN=C(C(=O)NC3COC4=CC=CC=C4N(C)C3=O)C=C21,"1-(1,1-difluoropropyl)-N-[(3S)-5-methyl-4-oxo-2,3-dihydro-1,5-benzoxazepin-3-yl]pyrazolo[4,3-c]pyridine-6-carboxamide","Given the SMILES CCC(F)(F)N1N=CC2=CN=C(C(=O)NC3COC4=CC=CC=C4N(C)C3=O)C=C21, provide the corresponding IUPAC name.",smiles_2_iupac,train
CCCOC1=CC=C(C(=O)O)C(OCC)=C1,2-ethoxy-4-propoxybenzoic acid,What is the IUPAC name for the molecule represented by CCCOC1=CC=C(C(=O)O)C(OCC)=C1?,smiles_2_iupac,train
COC1=CC=CC(NC(=O)CC(=O)NC2=CC(C)=C(Cl)C=C2OC)=C1,N'-(4-chloro-2-methoxy-5-methylphenyl)-N-(3-methoxyphenyl)propanediamide,Convert the SMILES COC1=CC=CC(NC(=O)CC(=O)NC2=CC(C)=C(Cl)C=C2OC)=C1 to its IUPAC name.,smiles_2_iupac,train
O=C(NCCC1=CC=CC=N1)NC1=CC=CC(C(F)(F)F)=C1F,1-[2-fluoro-3-(trifluoromethyl)phenyl]-3-(2-pyridin-2-ylethyl)urea,Translate the following SMILES O=C(NCCC1=CC=CC=N1)NC1=CC=CC(C(F)(F)F)=C1F into its IUPAC name equivalent.,smiles_2_iupac,train
CC1CN(C(C)CO)C(=O)C2=CC(NS(=O)(=O)C3=CC=C(F)C=C3)=CC=C2OC1CN(C)C(=O)NC1CCCCC1,"3-cyclohexyl-1-[[(2S,3R)-8-[(4-fluorophenyl)sulfonylamino]-5-[(2S)-1-hydroxypropan-2-yl]-3-methyl-6-oxo-3,4-dihydro-2H-1,5-benzoxazocin-2-yl]methyl]-1-methylurea","Given the SMILES CC1CN(C(C)CO)C(=O)C2=CC(NS(=O)(=O)C3=CC=C(F)C=C3)=CC=C2OC1CN(C)C(=O)NC1CCCCC1, provide the corresponding IUPAC name.",smiles_2_iupac,train
CCC(C1=CC=NC=C1)N(C)C(=O)NCC1=CC=CC(OC(C)C)=C1,1-methyl-3-[(3-propan-2-yloxyphenyl)methyl]-1-(1-pyridin-4-ylpropyl)urea,Translate the following SMILES CCC(C1=CC=NC=C1)N(C)C(=O)NCC1=CC=CC(OC(C)C)=C1 into its IUPAC name equivalent.,smiles_2_iupac,train
CCC1(N)C=CC(CC)(NN(C2=CC=CC=C2)C2=CC=CC=C2)C=C1,"4-(2,2-diphenylhydrazinyl)-1,4-diethylcyclohexa-2,5-dien-1-amine",Translate the following SMILES CCC1(N)C=CC(CC)(NN(C2=CC=CC=C2)C2=CC=CC=C2)C=C1 into its IUPAC name equivalent.,smiles_2_iupac,train
CCCCCOC1=CC=CC(C(=O)C2=CC=CC3=CC=CC=C23)=C1,naphthalen-1-yl-(3-pentoxyphenyl)methanone,Translate the following SMILES CCCCCOC1=CC=CC(C(=O)C2=CC=CC3=CC=CC=C23)=C1 into its IUPAC name equivalent.,smiles_2_iupac,train
FC1=CC(NC2CCSC3=CC=CC=C32)=CC=C1Cl,"N-(4-chloro-3-fluorophenyl)-3,4-dihydro-2H-thiochromen-4-amine","Given the SMILES FC1=CC(NC2CCSC3=CC=CC=C32)=CC=C1Cl, provide the corresponding IUPAC name.",smiles_2_iupac,train
CC1=CC=C(CC2=NOC(C3=NC=CC=C3O)=N2)C=C1C,"2-[3-[(3,4-dimethylphenyl)methyl]-1,2,4-oxadiazol-5-yl]pyridin-3-ol",Translate the following SMILES CC1=CC=C(CC2=NOC(C3=NC=CC=C3O)=N2)C=C1C into its IUPAC name equivalent.,smiles_2_iupac,train
CC(C)(C)OC(=O)NC1(CC(=C(C#N)C#N)C2=CC=CC=C2)C(=O)N(CC2=CC=CC=C2)C2=CC=CC=C21,"tert-butyl N-[(3S)-1-benzyl-3-(3,3-dicyano-2-phenylprop-2-enyl)-2-oxoindol-3-yl]carbamate",Provide the correct IUPAC name for the following SMILES CC(C)(C)OC(=O)NC1(CC(=C(C#N)C#N)C2=CC=CC=C2)C(=O)N(CC2=CC=CC=C2)C2=CC=CC=C21.,smiles_2_iupac,train
COC1=CC(C=NC2=CC=CC(C(C)=O)=C2)=CC=C1OCC1=CC=CC(C(=O)O)=C1,3-[[4-[(3-acetylphenyl)iminomethyl]-2-methoxyphenoxy]methyl]benzoic acid,"For the given SMILES COC1=CC(C=NC2=CC=CC(C(C)=O)=C2)=CC=C1OCC1=CC=CC(C(=O)O)=C1, generate the correct IUPAC name.",smiles_2_iupac,train
CCOC(=O)C1=C(N)OC2=C(C(=O)CCC2)C1C1=CC=CS1,"ethyl (4S)-2-amino-5-oxo-4-thiophen-2-yl-4,6,7,8-tetrahydrochromene-3-carboxylate","Using the input CCOC(=O)C1=C(N)OC2=C(C(=O)CCC2)C1C1=CC=CS1, determine the corresponding IUPAC name.",smiles_2_iupac,train
CC1=C(Br)C=CC=C1C(=O)NCC1CCCCC1O,3-bromo-N-[(2-hydroxycyclohexyl)methyl]-2-methylbenzamide,What is the IUPAC name for the molecule represented by CC1=C(Br)C=CC=C1C(=O)NCC1CCCCC1O?,smiles_2_iupac,train
CC(C)C1=CN=CN=C1N1CCCC2(CCC(=O)N(C3CCCC3)C2)C1,"(6S)-2-cyclopentyl-8-(5-propan-2-ylpyrimidin-4-yl)-2,8-diazaspiro[5.5]undecan-3-one",Translate the following SMILES CC(C)C1=CN=CN=C1N1CCCC2(CCC(=O)N(C3CCCC3)C2)C1 into its IUPAC name equivalent.,smiles_2_iupac,train
COC1=CC=C(OC)C(C2=CSC(NC(=O)CCC3CCCCC3)=N2)=C1,"3-cyclohexyl-N-[4-(2,5-dimethoxyphenyl)-1,3-thiazol-2-yl]propanamide",How would you convert the SMILES COC1=CC=C(OC)C(C2=CSC(NC(=O)CCC3CCCCC3)=N2)=C1 to its IUPAC name?,smiles_2_iupac,train
CCCNC(CC1=CC=CC=C1)C1=C(Cl)C=NN1C,N-[1-(4-chloro-2-methylpyrazol-3-yl)-2-phenylethyl]propan-1-amine,Translate the following SMILES CCCNC(CC1=CC=CC=C1)C1=C(Cl)C=NN1C into its IUPAC name equivalent.,smiles_2_iupac,train
NCC1=NC(=O)C2CCCCC2=N1,"2-(aminomethyl)-5,6,7,8-tetrahydro-4aH-quinazolin-4-one",Translate the following SMILES NCC1=NC(=O)C2CCCCC2=N1 into its IUPAC name equivalent.,smiles_2_iupac,train
O=C(NO)C(C1=CC=CC=C1)C1=CC=CC(NCC2=CC=CC=C2)=C1,2-[3-(benzylamino)phenyl]-N-hydroxy-2-phenylacetamide,How would you convert the SMILES O=C(NO)C(C1=CC=CC=C1)C1=CC=CC(NCC2=CC=CC=C2)=C1 to its IUPAC name?,smiles_2_iupac,train
COC1=CC=CC(CN2C(=O)C(O)=CC2(C(=O)C2=CC(OC)=C(Cl)C=C2OC)C2=CC=C(OC)C(OC)=C2)=C1,"5-(4-chloro-2,5-dimethoxybenzoyl)-5-(3,4-dimethoxyphenyl)-3-hydroxy-1-[(3-methoxyphenyl)methyl]pyrrol-2-one",Convert the SMILES COC1=CC=CC(CN2C(=O)C(O)=CC2(C(=O)C2=CC(OC)=C(Cl)C=C2OC)C2=CC=C(OC)C(OC)=C2)=C1 to its IUPAC name.,smiles_2_iupac,train
CCCNC(CCN(CC)CC)CC1=CC=CC(F)=C1Cl,"4-(2-chloro-3-fluorophenyl)-1-N,1-N-diethyl-3-N-propylbutane-1,3-diamine","Using the input CCCNC(CCN(CC)CC)CC1=CC=CC(F)=C1Cl, determine the corresponding IUPAC name.",smiles_2_iupac,train
CCCC(=O)C1=CN(C)C(C2=NC3=CC=CC=C3N2C)=C1,1-[1-methyl-5-(1-methylbenzimidazol-2-yl)pyrrol-3-yl]butan-1-one,"Using the given SMILES CCCC(=O)C1=CN(C)C(C2=NC3=CC=CC=C3N2C)=C1, predict the correct IUPAC name.",smiles_2_iupac,train
CC(C)NC(C)C(O)COC1=CC=C(CC(N)=O)C=C1,"2-[4-[(2R,3S)-2-hydroxy-3-(propan-2-ylamino)butoxy]phenyl]acetamide",What is the IUPAC name for the molecule represented by CC(C)NC(C)C(O)COC1=CC=C(CC(N)=O)C=C1?,smiles_2_iupac,train
CCOC(=O)C1=C(NC(=O)C2=CC=CO2)C=C(C2=CC=C3OCOC3=C2)S1,"ethyl 5-(1,3-benzodioxol-5-yl)-3-(furan-2-carbonylamino)thiophene-2-carboxylate",Convert the SMILES CCOC(=O)C1=C(NC(=O)C2=CC=CO2)C=C(C2=CC=C3OCOC3=C2)S1 to its IUPAC name.,smiles_2_iupac,train
O=S1(=O)C2=CC=C(C3=COC=C3)C=C2C2CN(CC3=CC=CN=C3)CC21,"(3aR,8bS)-7-(furan-3-yl)-2-(pyridin-3-ylmethyl)-1,3,3a,8b-tetrahydro-[1]benzothiolo[2,3-c]pyrrole 4,4-dioxide",How would you convert the SMILES O=S1(=O)C2=CC=C(C3=COC=C3)C=C2C2CN(CC3=CC=CN=C3)CC21 to its IUPAC name?,smiles_2_iupac,train
CC1=CC(S(=O)(=O)N2C(C(=O)O)CC3CCCCC32)=CC=C1C#N,"1-(4-cyano-3-methylphenyl)sulfonyl-2,3,3a,4,5,6,7,7a-octahydroindole-2-carboxylic acid","Given the SMILES CC1=CC(S(=O)(=O)N2C(C(=O)O)CC3CCCCC32)=CC=C1C#N, provide the corresponding IUPAC name.",smiles_2_iupac,train
CCCCOC1=NC(NCC)=NC(C)=C1CCCC,4-butoxy-5-butyl-N-ethyl-6-methylpyrimidin-2-amine,Provide the correct IUPAC name for the following SMILES CCCCOC1=NC(NCC)=NC(C)=C1CCCC.,smiles_2_iupac,train
CC(=O)OCCC(=O)C1C2CCC(C)C(O)C2C(Cl)C(O)C1(C)O,"[3-(4-chloro-2,3,5-trihydroxy-2,6-dimethyl-3,4,4a,5,6,7,8,8a-octahydro-1H-naphthalen-1-yl)-3-oxopropyl] acetate","Given the SMILES CC(=O)OCCC(=O)C1C2CCC(C)C(O)C2C(Cl)C(O)C1(C)O, provide the corresponding IUPAC name.",smiles_2_iupac,train
COC1=CC=C(Br)C(C(=O)NCC(=O)NC2=CC=C(C)C=C2Cl)=C1,2-bromo-N-[2-(2-chloro-4-methylanilino)-2-oxoethyl]-5-methoxybenzamide,Provide the correct IUPAC name for the following SMILES COC1=CC=C(Br)C(C(=O)NCC(=O)NC2=CC=C(C)C=C2Cl)=C1.,smiles_2_iupac,train
CCCCN1C=C(C2CC(=O)N(C3=CC=C4C=CC=CC4=C3)C2=O)C2=CC=CC=C21,"(3R)-3-(1-butylindol-3-yl)-1-naphthalen-2-ylpyrrolidine-2,5-dione",How would you convert the SMILES CCCCN1C=C(C2CC(=O)N(C3=CC=C4C=CC=CC4=C3)C2=O)C2=CC=CC=C21 to its IUPAC name?,smiles_2_iupac,train
C=C(C(=O)OC)C1=CC=CC=C1COOCC1=CC=CC=C1,methyl 2-[2-(benzylperoxymethyl)phenyl]prop-2-enoate,Convert the SMILES C=C(C(=O)OC)C1=CC=CC=C1COOCC1=CC=CC=C1 to its IUPAC name.,smiles_2_iupac,train
O=C(CNC1=CC=CC=C1C(F)(F)F)N1CCN(C(=O)C2=CC=CO2)CC1,1-[4-(furan-2-carbonyl)piperazin-1-yl]-2-[2-(trifluoromethyl)anilino]ethanone,Predict the IUPAC name for the SMILES O=C(CNC1=CC=CC=C1C(F)(F)F)N1CCN(C(=O)C2=CC=CO2)CC1.,smiles_2_iupac,train
CC(C)C1CC(O)CC(C(C)C)C1,"3,5-di(propan-2-yl)cyclohexan-1-ol",What is the IUPAC name for the molecule represented by CC(C)C1CC(O)CC(C(C)C)C1?,smiles_2_iupac,train
CC1CCCN(C(=O)NCCC2CCC2)C1,N-(2-cyclobutylethyl)-3-methylpiperidine-1-carboxamide,What is the IUPAC name for the molecule represented by CC1CCCN(C(=O)NCCC2CCC2)C1?,smiles_2_iupac,train
O=C(O)CCCCCOC1=CC=C2N=C(C3=CC=CC=C3)N(CC3=CC=CC=C3)C2=C1,6-(3-benzyl-2-phenylbenzimidazol-5-yl)oxyhexanoic acid,What is the IUPAC name for the molecule represented by O=C(O)CCCCCOC1=CC=C2N=C(C3=CC=CC=C3)N(CC3=CC=CC=C3)C2=C1?,smiles_2_iupac,train
C=CC(=O)NCS(=O)(=O)CCC,N-(propylsulfonylmethyl)prop-2-enamide,What is the IUPAC name for the molecule represented by C=CC(=O)NCS(=O)(=O)CCC?,smiles_2_iupac,valid
CN=C(NCCC1=CC=C(Cl)N=C1)NCC1CCCOC1C1=CC=CC=C1,1-[2-(6-chloropyridin-3-yl)ethyl]-2-methyl-3-[(2-phenyloxan-3-yl)methyl]guanidine,Predict the IUPAC name for the SMILES CN=C(NCCC1=CC=C(Cl)N=C1)NCC1CCCOC1C1=CC=CC=C1.,smiles_2_iupac,valid
CCC(N)C(OC1CC(C)CCC1C(C)C)C1=CC=CO1,1-(furan-2-yl)-1-(5-methyl-2-propan-2-ylcyclohexyl)oxybutan-2-amine,What is the IUPAC name for the molecule represented by CCC(N)C(OC1CC(C)CCC1C(C)C)C1=CC=CO1?,smiles_2_iupac,valid
COC1=CC=C(NC(=O)C2=CC(=O)NC=C2)C(OC)=C1,"N-(2,4-dimethoxyphenyl)-2-oxo-1H-pyridine-4-carboxamide",Predict the IUPAC name for the SMILES COC1=CC=C(NC(=O)C2=CC(=O)NC=C2)C(OC)=C1.,smiles_2_iupac,valid
NC(=O)C1CCN(C2=NC(C3=CC=CS3)=NC3=C2C2=C(CCCC2)S3)CC1,"1-(2-thiophen-2-yl-5,6,7,8-tetrahydro-[1]benzothiolo[2,3-d]pyrimidin-4-yl)piperidine-4-carboxamide",Translate the following SMILES NC(=O)C1CCN(C2=NC(C3=CC=CS3)=NC3=C2C2=C(CCCC2)S3)CC1 into its IUPAC name equivalent.,smiles_2_iupac,valid
CCOC1=CC=C(SCC(=O)N2CCOCC2)C=C1,2-(4-ethoxyphenyl)sulfanyl-1-morpholin-4-ylethanone,Predict the IUPAC name for the SMILES CCOC1=CC=C(SCC(=O)N2CCOCC2)C=C1.,smiles_2_iupac,valid
CNC1CCN(CC2CCC(C(C)(C)C)CC2)C1,1-[(4-tert-butylcyclohexyl)methyl]-N-methylpyrrolidin-3-amine,Translate the following SMILES CNC1CCN(CC2CCC(C(C)(C)C)CC2)C1 into its IUPAC name equivalent.,smiles_2_iupac,valid
NC1=CN(COC2CCCCC2)C=N1,1-(cyclohexyloxymethyl)imidazol-4-amine,"For the given SMILES NC1=CN(COC2CCCCC2)C=N1, generate the correct IUPAC name.",smiles_2_iupac,valid
CCC1=CC=C2C(COC(=O)C3CC(=O)N(C4=CC=CC=C4OC)C3)=CC(=O)OC2=C1,(7-ethyl-2-oxochromen-4-yl)methyl (3R)-1-(2-methoxyphenyl)-5-oxopyrrolidine-3-carboxylate,"Using the given SMILES CCC1=CC=C2C(COC(=O)C3CC(=O)N(C4=CC=CC=C4OC)C3)=CC(=O)OC2=C1, predict the correct IUPAC name.",smiles_2_iupac,valid
CCN1C(CC2=CC=CS2)=NN=C1SCC(=O)NC1=CC=C(C)C=C1,"2-[[4-ethyl-5-(thiophen-2-ylmethyl)-1,2,4-triazol-3-yl]sulfanyl]-N-(4-methylphenyl)acetamide",Provide the correct IUPAC name for the following SMILES CCN1C(CC2=CC=CS2)=NN=C1SCC(=O)NC1=CC=C(C)C=C1.,smiles_2_iupac,valid
COC(=O)CCC(NC(=O)CCC1CCCC1)C(=O)O,(2S)-2-(3-cyclopentylpropanoylamino)-5-methoxy-5-oxopentanoic acid,Predict the IUPAC name for the SMILES COC(=O)CCC(NC(=O)CCC1CCCC1)C(=O)O.,smiles_2_iupac,test
CCC(=O)N1CCC(OC2=NC=CC=C2C(=O)N2CCCCC2)C1,1-[3-[3-(piperidine-1-carbonyl)pyridin-2-yl]oxypyrrolidin-1-yl]propan-1-one,What is the IUPAC name for the molecule represented by CCC(=O)N1CCC(OC2=NC=CC=C2C(=O)N2CCCCC2)C1?,smiles_2_iupac,test
C[NH+](C)CC[NH+]1CCN(C(=O)CC2=COC3=CC=C4C=CC=CC4=C23)CC1,2-[4-(2-benzo[e][1]benzofuran-1-ylacetyl)piperazin-1-ium-1-yl]ethyl-dimethylazanium,How would you convert the SMILES C[NH+](C)CC[NH+]1CCN(C(=O)CC2=COC3=CC=C4C=CC=CC4=C23)CC1 to its IUPAC name?,smiles_2_iupac,test
CC(C)(C)OC(=O)NC(COCC1=CC=CC=C1)C(=O)N1CCN(C2=CC=CC=C2)CC1,tert-butyl N-[1-oxo-3-phenylmethoxy-1-(4-phenylpiperazin-1-yl)propan-2-yl]carbamate,What is the IUPAC name for the molecule represented by CC(C)(C)OC(=O)NC(COCC1=CC=CC=C1)C(=O)N1CCN(C2=CC=CC=C2)CC1?,smiles_2_iupac,test
CC1=CC=NC=C1C1=CCC2C3CCC4CNC(=O)CCC4(C)C3CCC12C,"(1S,2R,8R,11R,12S,16S)-2,16-dimethyl-15-(4-methylpyridin-3-yl)-6-azatetracyclo[9.7.0.02,8.012,16]octadec-14-en-5-one",Provide the correct IUPAC name for the following SMILES CC1=CC=NC=C1C1=CCC2C3CCC4CNC(=O)CCC4(C)C3CCC12C.,smiles_2_iupac,test
O=C(OCC1=NOC(C2=CC=CS2)=C1)C1=CC2=C(C=C1[N+](=O)[O-])OCO2,"(5-thiophen-2-yl-1,2-oxazol-3-yl)methyl 6-nitro-1,3-benzodioxole-5-carboxylate",Provide the correct IUPAC name for the following SMILES O=C(OCC1=NOC(C2=CC=CS2)=C1)C1=CC2=C(C=C1[N+](=O)[O-])OCO2.,smiles_2_iupac,test
CN(C)C1=CC=CC(CN2C=C([N+](=O)[O-])C=N2)=C1,"N,N-dimethyl-3-[(4-nitropyrazol-1-yl)methyl]aniline","Using the input CN(C)C1=CC=CC(CN2C=C([N+](=O)[O-])C=N2)=C1, determine the corresponding IUPAC name.",smiles_2_iupac,test
COC(=O)C1=NN(C(C)=O)C2C(=O)N(C3=CC=CC=C3)C(=O)C12,"methyl (3aR,6aR)-1-acetyl-4,6-dioxo-5-phenyl-3a,6a-dihydropyrrolo[3,4-c]pyrazole-3-carboxylate","Using the input COC(=O)C1=NN(C(C)=O)C2C(=O)N(C3=CC=CC=C3)C(=O)C12, determine the corresponding IUPAC name.",smiles_2_iupac,test
CC(=O)N1CCC2(C1)CN(C(=O)NC1=NC=C(Cl)S1)C1=CC=C(CCCCC(=O)N3CCC3)C=C12,"1'-acetyl-5-[5-(azetidin-1-yl)-5-oxopentyl]-N-(5-chloro-1,3-thiazol-2-yl)spiro[2H-indole-3,3'-pyrrolidine]-1-carboxamide",Predict the IUPAC name for the SMILES CC(=O)N1CCC2(C1)CN(C(=O)NC1=NC=C(Cl)S1)C1=CC=C(CCCCC(=O)N3CCC3)C=C12.,smiles_2_iupac,test
O=C1CNCCN1CC1=CC(F)=CC=C1Br,1-[(2-bromo-5-fluorophenyl)methyl]piperazin-2-one,Provide the correct IUPAC name for the following SMILES O=C1CNCCN1CC1=CC(F)=CC=C1Br.,smiles_2_iupac,test
NC(=O)CN1CC2=CC=CC=C2OC1=O,Yes,"Predict whether the molecule NC(=O)CN1CC2=CC=CC=C2OC1=O can cross the BBB, and provide reasoning.",bbbp,train
CCCN(CCC)CCC1=CC=C(O)C2=C1CC(=O)N2,Yes,"Predict whether the molecule CCCN(CCC)CCC1=CC=C(O)C2=C1CC(=O)N2 can cross the BBB, and provide reasoning.",bbbp,train
CC1(C)O[C@@H]2C[C@H]3[C@@H]4CCC5=CC(=O)C=C[C@]5(C)[C@@]4(F)[C@@H](O)C[C@]3(C)[C@]2(C(=O)CO)O1,Yes,"Analyze whether CC1(C)O[C@@H]2C[C@H]3[C@@H]4CCC5=CC(=O)C=C[C@]5(C)[C@@]4(F)[C@@H](O)C[C@]3(C)[C@]2(C(=O)CO)O1 is capable of crossing the BBB, and give a detailed explanation.",bbbp,train
CN1C(=O)C2=C(N=CN2)N(C)C1=O,No,What is your prediction for the molecule CN1C(=O)C2=C(N=CN2)N(C)C1=O? Will it cross the blood-brain barrier?,bbbp,train
CC1=C(CCN2CCC(C3=NOC4=CC(F)=CC=C34)CC2)C(=O)N2CCC[C@@H](O)C2=N1,Yes,"Given the input SMILES CC1=C(CCN2CCC(C3=NOC4=CC(F)=CC=C34)CC2)C(=O)N2CCC[C@@H](O)C2=N1, how likely is it to cross the blood-brain barrier?",bbbp,train
CN1CC(=O)N=C1NC(=O)NC1=CC=CC(Cl)=C1,Yes,Analyze the molecular structure CN1CC(=O)N=C1NC(=O)NC1=CC=CC(Cl)=C1 to predict if it will cross the blood-brain barrier.,bbbp,train
COC1=CC=C(S(N)(=O)=O)C=C1C(=O)NCC1CCCN1CC1=CC=C(F)C=C1,Yes,"Predict whether the molecule COC1=CC=C(S(N)(=O)=O)C=C1C(=O)NCC1CCCN1CC1=CC=C(F)C=C1 can cross the BBB, and provide reasoning.",bbbp,train
O=C(CC1=CC=C(C(F)(F)F)C=C1)N1CCCC[C@H]1CN1CCCC1,Yes,"Given the molecular structure O=C(CC1=CC=C(C(F)(F)F)C=C1)N1CCCC[C@H]1CN1CCCC1, predict whether it can cross the blood-brain barrier (Yes/No).",bbbp,train
CN1C(=O)C(O)N=C(C2=CC=CC=C2F)C2=CC(Cl)=CC=C21,Yes,"Predict whether the molecule CN1C(=O)C(O)N=C(C2=CC=CC=C2F)C2=CC(Cl)=CC=C21 can cross the BBB, and provide reasoning.",bbbp,train
CN(C)CC1COC2(O1)C1=CC=CC=C1COC1=CC=CC=C12,Yes,"Given the molecular structure CN(C)CC1COC2(O1)C1=CC=CC=C1COC1=CC=CC=C12, predict whether it can cross the blood-brain barrier (Yes/No).",bbbp,train
CC1(C)S[C@@H]2[C@H](N3C(=O)[C@@H](C4=CC=CC=C4)NC3(C)C)C(=O)N2[C@H]1C(=O)O,No,Analyze the molecular structure CC1(C)S[C@@H]2[C@H](N3C(=O)[C@@H](C4=CC=CC=C4)NC3(C)C)C(=O)N2[C@H]1C(=O)O to predict if it will cross the blood-brain barrier.,bbbp,train
CN1[C@@H]2CC[C@H]1CC(NC(=O)N1CC(C)(C)C3=CC=CC=C31)C2,Yes,What are the chances of CN1[C@@H]2CC[C@H]1CC(NC(=O)N1CC(C)(C)C3=CC=CC=C31)C2 crossing the blood-brain barrier? Explain your prediction.,bbbp,train
C[C@H](N)[C@H](O)C1=CC=CC(O)=C1,No,What is your prediction for the molecule C[C@H](N)[C@H](O)C1=CC=CC(O)=C1? Will it cross the blood-brain barrier?,bbbp,train
CN1C(=O)CN=C(C2=CCCCC2)C2=CC([N+](=O)[O-])=CC=C21,Yes,"Predict whether the molecule CN1C(=O)CN=C(C2=CCCCC2)C2=CC([N+](=O)[O-])=CC=C21 can cross the BBB, and provide reasoning.",bbbp,train
CC(C)(C)C(O)/C=C/C1=CC=C2OCOC2=C1,Yes,What is your prediction for the molecule CC(C)(C)C(O)/C=C/C1=CC=C2OCOC2=C1? Will it cross the blood-brain barrier?,bbbp,train
CN(C)C1=CC(C2=NC(N)=NN2)=CC=N1,No,"Given the input SMILES CN(C)C1=CC(C2=NC(N)=NN2)=CC=N1, how likely is it to cross the blood-brain barrier?",bbbp,train
CC(=O)OCC(=O)[C@@]1(O)CC[C@H]2[C@@H]3CCC4=CC(=O)C=C[C@]4(C)[C@@]3(F)[C@@H](O)C[C@@]21C,Yes,Analyze the molecular structure CC(=O)OCC(=O)[C@@]1(O)CC[C@H]2[C@@H]3CCC4=CC(=O)C=C[C@]4(C)[C@@]3(F)[C@@H](O)C[C@@]21C to predict if it will cross the blood-brain barrier.,bbbp,train
CN(C)C(=O)COC1C2=CC=CC=C2CCC2=CC=CC=C21,Yes,"Given the molecular structure CN(C)C(=O)COC1C2=CC=CC=C2CCC2=CC=CC=C21, predict whether it can cross the blood-brain barrier (Yes/No).",bbbp,train
COC1=CC=C([C@H](O)CN2CCN(C3=CC=CC=CC3=O)CC2)C=C1OC,Yes,"Analyze whether COC1=CC=C([C@H](O)CN2CCN(C3=CC=CC=CC3=O)CC2)C=C1OC is capable of crossing the BBB, and give a detailed explanation.",bbbp,train
O=C(CC1=CC=C(Cl)C(Cl)=C1)N1CCC2=C(C=CO2)[C@H]1CN1CCCC1,Yes,What is your prediction for the molecule O=C(CC1=CC=C(Cl)C(Cl)=C1)N1CCC2=C(C=CO2)[C@H]1CN1CCCC1? Will it cross the blood-brain barrier?,bbbp,train
O=C1CCC(C(=O)NC2CC2C2=CC=CC=C2)N1,Yes,"Given the molecular structure O=C1CCC(C(=O)NC2CC2C2=CC=CC=C2)N1, predict whether it can cross the blood-brain barrier (Yes/No).",bbbp,train
CC1[C@H]2C(=O)C3=CC=C(O)C=C3[C@]1(C)CCN2CC1CC1,Yes,"Analyze whether CC1[C@H]2C(=O)C3=CC=C(O)C=C3[C@]1(C)CCN2CC1CC1 is capable of crossing the BBB, and give a detailed explanation.",bbbp,train
CC(NNC(=O)C1=CC=CC=C1)C1=CC=CC=C1,Yes,"Predict whether the molecule CC(NNC(=O)C1=CC=CC=C1)C1=CC=CC=C1 can cross the BBB, and provide reasoning.",bbbp,train
CN(C)CCOC1=CC2=CC=CC=C2SC2=CC=C(Cl)C=C12,Yes,What are the chances of CN(C)CCOC1=CC2=CC=CC=C2SC2=CC=C(Cl)C=C12 crossing the blood-brain barrier? Explain your prediction.,bbbp,train
NC1=NN=C(C2=CC=CC(Cl)=C2Cl)C(N)=N1,Yes,"Predict whether the molecule NC1=NN=C(C2=CC=CC(Cl)=C2Cl)C(N)=N1 can cross the BBB, and provide reasoning.",bbbp,train
CC1C2CC3=CC=C(O)C=C3C1(C)CCN2CCC1=CC=CC=C1,Yes,"Analyze whether CC1C2CC3=CC=C(O)C=C3C1(C)CCN2CCC1=CC=CC=C1 is capable of crossing the BBB, and give a detailed explanation.",bbbp,train
CC1=CC(NS(=O)(=O)C2=CC=C(N)C=C2)=NO1,Yes,"Given the input SMILES CC1=CC(NS(=O)(=O)C2=CC=C(N)C=C2)=NO1, how likely is it to cross the blood-brain barrier?",bbbp,train
CNC1=NC(Cl)=C(SC)C(N2CCN(C)CC2)=N1,Yes,"Given the input SMILES CNC1=NC(Cl)=C(SC)C(N2CCN(C)CC2)=N1, how likely is it to cross the blood-brain barrier?",bbbp,train
C[C@H]1CCCC[C@@]1(C1=CC=CS1)N1CCCCC1,Yes,What is your prediction for the molecule C[C@H]1CCCC[C@@]1(C1=CC=CS1)N1CCCCC1? Will it cross the blood-brain barrier?,bbbp,train
CCC(=O)O[C@](CC1=CC=CC=C1)(C1=CC=CC=C1)[C@H](C)CN(C)C,Yes,"Based on the input CCC(=O)O[C@](CC1=CC=CC=C1)(C1=CC=CC=C1)[C@H](C)CN(C)C, predict whether it can cross the blood-brain barrier and explain why.",bbbp,train
CC1=CC=CC2=C1OC1=CC=CC=C1C1(O)CCNCC21,Yes,"Given the input SMILES CC1=CC=CC2=C1OC1=CC=CC=C1C1(O)CCNCC21, how likely is it to cross the blood-brain barrier?",bbbp,train
CCCN(CCC)CCC1=CC=CC2=C1CC(=O)N2,Yes,"Analyze whether CCCN(CCC)CCC1=CC=CC2=C1CC(=O)N2 is capable of crossing the BBB, and give a detailed explanation.",bbbp,train
CCN(CC)C(=S)SSC(=S)N(CC)CC,Yes,What is your prediction for the molecule CCN(CC)C(=S)SSC(=S)N(CC)CC? Will it cross the blood-brain barrier?,bbbp,train
CCS[C@]1(SC)CC[C@H]2[C@@H]3CCC4=CC(=O)C=C[C@]4(C)[C@@]3(F)[C@@H](O)C[C@@]21C,Yes,"Based on the input CCS[C@]1(SC)CC[C@H]2[C@@H]3CCC4=CC(=O)C=C[C@]4(C)[C@@]3(F)[C@@H](O)C[C@@]21C, predict whether it can cross the blood-brain barrier and explain why.",bbbp,train
CCCN(CCC)C1CC2=C3C(=CC(O)=CC3=CC=C2)C1,Yes,What are the chances of CCCN(CCC)C1CC2=C3C(=CC(O)=CC3=CC=C2)C1 crossing the blood-brain barrier? Explain your prediction.,bbbp,train
CCCC(=O)O[C@]1(C(=O)COC(C)=O)[C@H](C)C[C@H]2[C@@H]3CCC4=CC(=O)C=C[C@]4(C)[C@@]3(Cl)[C@@H](O)C[C@@]21C,Yes,Analyze the molecular structure CCCC(=O)O[C@]1(C(=O)COC(C)=O)[C@H](C)C[C@H]2[C@@H]3CCC4=CC(=O)C=C[C@]4(C)[C@@]3(Cl)[C@@H](O)C[C@@]21C to predict if it will cross the blood-brain barrier.,bbbp,train
NN1C=NC2=CC3=CC=CC=C3C=C2C1=O,Yes,"Based on the input NN1C=NC2=CC3=CC=CC=C3C=C2C1=O, predict whether it can cross the blood-brain barrier and explain why.",bbbp,train
CN(C)CCCN1C2=CC=CC=C2SC2=CC=CN=C21,Yes,"Based on the input CN(C)CCCN1C2=CC=CC=C2SC2=CC=CN=C21, predict whether it can cross the blood-brain barrier and explain why.",bbbp,train
O=C(O)COCCN1CCN(C(C2=CC=CC=C2)C2=CC=C(Cl)C=C2)CC1,No,What are the chances of O=C(O)COCCN1CCN(C(C2=CC=CC=C2)C2=CC=C(Cl)C=C2)CC1 crossing the blood-brain barrier? Explain your prediction.,bbbp,train
C[C@@H]1CC2C3C[C@H](F)C4=CC(=O)C=CC4(C)[C@@]3(Cl)C(O)CC2(C)C1C(=O)CO,Yes,"For the input C[C@@H]1CC2C3C[C@H](F)C4=CC(=O)C=CC4(C)[C@@]3(Cl)C(O)CC2(C)C1C(=O)CO, determine if it can penetrate the brain barrier and explain.",bbbp,train
CC1=CC(=O)N2CC(=O)N(C)C3=CC=C(Cl)C=C3C2(C2=CC=CC=C2)O1,Yes,What is your prediction for the molecule CC1=CC(=O)N2CC(=O)N(C)C3=CC=C(Cl)C=C3C2(C2=CC=CC=C2)O1? Will it cross the blood-brain barrier?,bbbp,train
CN(C)C1=NC(=O)C(C2=CC=CC=C2)O1,Yes,What is your prediction for the molecule CN(C)C1=NC(=O)C(C2=CC=CC=C2)O1? Will it cross the blood-brain barrier?,bbbp,train
CCCC(C)C,Yes,What are the chances of CCCC(C)C crossing the blood-brain barrier? Explain your prediction.,bbbp,train
O=C(CC1=CC=C(Cl)C(Cl)=C1)N1CCN2N=CN=C2[C@H]1CN1CCCC1,Yes,"For the input O=C(CC1=CC=C(Cl)C(Cl)=C1)N1CCN2N=CN=C2[C@H]1CN1CCCC1, determine if it can penetrate the brain barrier and explain.",bbbp,train
O=C1NC(=O)C2(CCC3=CC=CC=C3C2)N1,Yes,"Using the SMILES O=C1NC(=O)C2(CCC3=CC=CC=C3C2)N1, determine if the molecule can penetrate the blood-brain barrier. Provide reasoning.",bbbp,train
CC(C)(C)CC(=O)OCC(=O)[C@@]1(O)CC[C@H]2[C@@H]3CCC4=CC(=O)C=C[C@]4(C)[C@H]3[C@@H](O)C[C@@]21C,Yes,Analyze the molecular structure CC(C)(C)CC(=O)OCC(=O)[C@@]1(O)CC[C@H]2[C@@H]3CCC4=CC(=O)C=C[C@]4(C)[C@H]3[C@@H](O)C[C@@]21C to predict if it will cross the blood-brain barrier.,bbbp,train
CN1CC[C@@H]2C3=CC(Cl)=CC=C3OC3=CC=CC=C3[C@H]2C1,Yes,"Given the molecular structure CN1CC[C@@H]2C3=CC(Cl)=CC=C3OC3=CC=CC=C3[C@H]2C1, predict whether it can cross the blood-brain barrier (Yes/No).",bbbp,train
CN1CCC(=C2C3=CC=CC=C3CCC3=C2C=CS3)CC1,Yes,"Using the SMILES CN1CCC(=C2C3=CC=CC=C3CCC3=C2C=CS3)CC1, determine if the molecule can penetrate the blood-brain barrier. Provide reasoning.",bbbp,train
C[C@]12CCC(=O)C=C1CC[C@@H]1[C@@H]2CC[C@@]2(C)[C@H]1CC[C@]2(C)O,No,"Based on the input C[C@]12CCC(=O)C=C1CC[C@@H]1[C@@H]2CC[C@@]2(C)[C@H]1CC[C@]2(C)O, predict whether it can cross the blood-brain barrier and explain why.",bbbp,train
CC1=CC=NC2=C1NC(=O)C1=CC=CN=C1N2C1CC1,Yes,What are the chances of CC1=CC=NC2=C1NC(=O)C1=CC=CN=C1N2C1CC1 crossing the blood-brain barrier? Explain your prediction.,bbbp,train
CC/C(=C(/CC)C1=CC=C(O)C=C1)C1=CC=C(O)C=C1,No,"Using the SMILES CC/C(=C(/CC)C1=CC=C(O)C=C1)C1=CC=C(O)C=C1, determine if the molecule can penetrate the blood-brain barrier. Provide reasoning.",bbbp,train
CC(=O)C1(O)CCC2C3CCC4=CC(=O)C=CC4(C)C3C(O)CC21C,Yes,What is your prediction for the molecule CC(=O)C1(O)CCC2C3CCC4=CC(=O)C=CC4(C)C3C(O)CC21C? Will it cross the blood-brain barrier?,bbbp,train
ClC1=CC=C([C@@H]2[C@H]3CC[C@@H](C3)C23CCC(N2CCOCC2)=N3)C=C1,Yes,"Using the SMILES ClC1=CC=C([C@@H]2[C@H]3CC[C@@H](C3)C23CCC(N2CCOCC2)=N3)C=C1, determine if the molecule can penetrate the blood-brain barrier. Provide reasoning.",bbbp,train
CCCCC(=O)OC1(C(=O)CO)CCC2C3CCC4=CC(=O)C=CC4(C)C3C(O)CC21C,Yes,"Given the molecular structure CCCCC(=O)OC1(C(=O)CO)CCC2C3CCC4=CC(=O)C=CC4(C)C3C(O)CC21C, predict whether it can cross the blood-brain barrier (Yes/No).",bbbp,train
CCNC1C2CCC(C2)C1C1=CC=CC=C1,Yes,"Using the SMILES CCNC1C2CCC(C2)C1C1=CC=CC=C1, determine if the molecule can penetrate the blood-brain barrier. Provide reasoning.",bbbp,train
NC(=O)C1=CC=C(F)C2=C1C[C@@H](N(C1CCC1)C1CCC1)CO2,Yes,"Predict whether the molecule NC(=O)C1=CC=C(F)C2=C1C[C@@H](N(C1CCC1)C1CCC1)CO2 can cross the BBB, and provide reasoning.",bbbp,train
CCOC(=O)C(C1=C(O)OC2=CC=CC=C2C1=O)C1=C(O)OC2=CC=CC=C2C1=O,No,Analyze the molecular structure CCOC(=O)C(C1=C(O)OC2=CC=CC=C2C1=O)C1=C(O)OC2=CC=CC=C2C1=O to predict if it will cross the blood-brain barrier.,bbbp,train
CC(CN(C)C)CN1C2=CC=CC=C2SC2=CC=C(C#N)C=C21,Yes,What are the chances of CC(CN(C)C)CN1C2=CC=CC=C2SC2=CC=C(C#N)C=C21 crossing the blood-brain barrier? Explain your prediction.,bbbp,train
CC1CCCC1,Yes,"Given the input SMILES CC1CCCC1, how likely is it to cross the blood-brain barrier?",bbbp,train
CC12CCC(CC1=O)C2(C)C,Yes,"Predict whether the molecule CC12CCC(CC1=O)C2(C)C can cross the BBB, and provide reasoning.",bbbp,train
C#CC(OC(N)=O)C1=CC=CC=C1,Yes,"Using the SMILES C#CC(OC(N)=O)C1=CC=CC=C1, determine if the molecule can penetrate the blood-brain barrier. Provide reasoning.",bbbp,train
CC[N+](C)(CC)CCOC(=O)C1C2=CC=CC=C2OC2=CC=CC=C21,No,"Predict whether the molecule CC[N+](C)(CC)CCOC(=O)C1C2=CC=CC=C2OC2=CC=CC=C21 can cross the BBB, and provide reasoning.",bbbp,train
CN1CCN(C2=C3C=CC=CC3=NC3=CC=C(Cl)C=C3N2)CC1,Yes,"Given the input SMILES CN1CCN(C2=C3C=CC=CC3=NC3=CC=C(Cl)C=C3N2)CC1, how likely is it to cross the blood-brain barrier?",bbbp,train
CCN1CCCC1CNC(=O)C1=CC(S(=O)(=O)CC)=CC=C1OC,Yes,"For the input CCN1CCCC1CNC(=O)C1=CC(S(=O)(=O)CC)=CC=C1OC, determine if it can penetrate the brain barrier and explain.",bbbp,train
CC1=C(C(=O)O)N2C(=O)[C@@H](NC(=O)[C@H](N)C3=CC=C(O)C(Cl)=C3)[C@H]2SC1,No,"Based on the input CC1=C(C(=O)O)N2C(=O)[C@@H](NC(=O)[C@H](N)C3=CC=C(O)C(Cl)=C3)[C@H]2SC1, predict whether it can cross the blood-brain barrier and explain why.",bbbp,train
CN(C)CCC(C1=CC=CC=C1)C1CCCCC1,Yes,"Analyze whether CN(C)CCC(C1=CC=CC=C1)C1CCCCC1 is capable of crossing the BBB, and give a detailed explanation.",bbbp,train
CN(C)CCOC(C1=CC=CC=C1)C1=CC=CC=C1C(C)(C)C,Yes,"Analyze whether CN(C)CCOC(C1=CC=CC=C1)C1=CC=CC=C1C(C)(C)C is capable of crossing the BBB, and give a detailed explanation.",bbbp,train
N#CC1=CC=C2OC3=CC=CC=C3C3=C(CCN(CC4CCCC4)CC3)C2=C1,Yes,"Predict whether the molecule N#CC1=CC=C2OC3=CC=CC=C3C3=C(CCN(CC4CCCC4)CC3)C2=C1 can cross the BBB, and provide reasoning.",bbbp,train
CN(C)CCCN1C2=CC=CC=C2CCC2=CC=C(Cl)C=C21,Yes,What is your prediction for the molecule CN(C)CCCN1C2=CC=CC=C2CCC2=CC=C(Cl)C=C21? Will it cross the blood-brain barrier?,bbbp,train
CCC1(CC)O[C@@H]2C[C@H]3C4CCC5=CC(=O)C=CC5(C)[C@@]4(F)[C@@H](O)CC3(C)[C@]2(C(=O)CO)O1,Yes,"Given the molecular structure CCC1(CC)O[C@@H]2C[C@H]3C4CCC5=CC(=O)C=CC5(C)[C@@]4(F)[C@@H](O)CC3(C)[C@]2(C(=O)CO)O1, predict whether it can cross the blood-brain barrier (Yes/No).",bbbp,train
CCC1C(C)=NN=C(C2=CC=C(OC)C(OC)=C2)C2=CC(OC)=C(OC)C=C21,Yes,"Analyze whether CCC1C(C)=NN=C(C2=CC=C(OC)C(OC)=C2)C2=CC(OC)=C(OC)C=C21 is capable of crossing the BBB, and give a detailed explanation.",bbbp,train
NS(=O)(=O)CC1=NOC2=CC=CC=C12,Yes,"For the input NS(=O)(=O)CC1=NOC2=CC=CC=C12, determine if it can penetrate the brain barrier and explain.",bbbp,train
COC1(F)C(F)(F)C1(F)Cl,Yes,"Analyze whether COC1(F)C(F)(F)C1(F)Cl is capable of crossing the BBB, and give a detailed explanation.",bbbp,train
CCCC(=O)NC1=CC=C(OCC(O)CNC(C)C)C(C(C)=O)=C1,Yes,"Predict whether the molecule CCCC(=O)NC1=CC=C(OCC(O)CNC(C)C)C(C(C)=O)=C1 can cross the BBB, and provide reasoning.",bbbp,train
CN1C[C@H](C(=O)N[C@]2(C)O[C@@]3(O)[C@@H]4CCCN4C(=O)[C@H](CC4=CC=CC=C4)N3C2=O)C[C@@H]2C3=CC=CC4=C3C(=CN4)C[C@H]21,No,Analyze the molecular structure CN1C[C@H](C(=O)N[C@]2(C)O[C@@]3(O)[C@@H]4CCCN4C(=O)[C@H](CC4=CC=CC=C4)N3C2=O)C[C@@H]2C3=CC=CC4=C3C(=CN4)C[C@H]21 to predict if it will cross the blood-brain barrier.,bbbp,train
O=C(NCCCOC1=CC=CC(CN2CCCCC2)=C1)C1=CC=CC=C1,Yes,"For the input O=C(NCCCOC1=CC=CC(CN2CCCCC2)=C1)C1=CC=CC=C1, determine if it can penetrate the brain barrier and explain.",bbbp,train
CSC1=CC=C2SC3=CC=CC=C3N(CC(C)CN(C)C)C2=C1,Yes,What is your prediction for the molecule CSC1=CC=C2SC3=CC=CC=C3N(CC(C)CN(C)C)C2=C1? Will it cross the blood-brain barrier?,bbbp,train
NC/C(=C/F)CCC1=CC=C(F)C=C1,Yes,What is your prediction for the molecule NC/C(=C/F)CCC1=CC=C(F)C=C1? Will it cross the blood-brain barrier?,bbbp,train
CNC[C@H](O)CC12CCC(C3=CC=CC=C31)C1=CC=CC=C12,Yes,"Given the input SMILES CNC[C@H](O)CC12CCC(C3=CC=CC=C31)C1=CC=CC=C12, how likely is it to cross the blood-brain barrier?",bbbp,train
CN(C)CC(OC1=CC=CC=C1)OC1=CC=CC=C1,Yes,What are the chances of CN(C)CC(OC1=CC=CC=C1)OC1=CC=CC=C1 crossing the blood-brain barrier? Explain your prediction.,bbbp,train
CC(=O)[C@H]1CC[C@H]2[C@@H]3CC[C@@H]4C[C@H](O)CC[C@]4(C)[C@H]3CC[C@]12C,Yes,"Analyze whether CC(=O)[C@H]1CC[C@H]2[C@@H]3CC[C@@H]4C[C@H](O)CC[C@]4(C)[C@H]3CC[C@]12C is capable of crossing the BBB, and give a detailed explanation.",bbbp,valid
CN1CCC2=CC=CC3=C2[C@H]1CC1=CC=C(O)C(O)=C13,Yes,What is your prediction for the molecule CN1CCC2=CC=CC3=C2[C@H]1CC1=CC=C(O)C(O)=C13? Will it cross the blood-brain barrier?,bbbp,valid
C=COCC(F)(F)F,Yes,"Given the input SMILES C=COCC(F)(F)F, how likely is it to cross the blood-brain barrier?",bbbp,valid
C#CCN(C)[C@H](C)CC1=CC=CC=C1,Yes,"Predict whether the molecule C#CCN(C)[C@H](C)CC1=CC=CC=C1 can cross the BBB, and provide reasoning.",bbbp,valid
CC(=O)CC(C1=CC=CC=C1)C1=C(O)OC2=CC=CC=C2C1=O,No,What is your prediction for the molecule CC(=O)CC(C1=CC=CC=C1)C1=C(O)OC2=CC=CC=C2C1=O? Will it cross the blood-brain barrier?,bbbp,valid
CCOC(=O)N(CCN(C)C)C1=CC=CC(C(F)(F)F)=C1,Yes,"Predict whether the molecule CCOC(=O)N(CCN(C)C)C1=CC=CC(C(F)(F)F)=C1 can cross the BBB, and provide reasoning.",bbbp,valid
CCC(C(=O)OCCN1CCOC(C2=CC=CC=C2)C1C)C1=CC=CC=C1,Yes,"Predict whether the molecule CCC(C(=O)OCCN1CCOC(C2=CC=CC=C2)C1C)C1=CC=CC=C1 can cross the BBB, and provide reasoning.",bbbp,valid
C=CCC1(C(C)C#CCC)C(=O)NC(=O)N(C)C1=O,Yes,"Given the input SMILES C=CCC1(C(C)C#CCC)C(=O)NC(=O)N(C)C1=O, how likely is it to cross the blood-brain barrier?",bbbp,valid
CC1(C)O[C@@H]2C[C@H]3[C@@H]4C[C@H](F)C5=CC(=O)C=C[C@]5(C)[C@@]4(F)[C@@H](O)C[C@]3(C)[C@]2(C(=O)CO)O1,Yes,"Analyze whether CC1(C)O[C@@H]2C[C@H]3[C@@H]4C[C@H](F)C5=CC(=O)C=C[C@]5(C)[C@@]4(F)[C@@H](O)C[C@]3(C)[C@]2(C(=O)CO)O1 is capable of crossing the BBB, and give a detailed explanation.",bbbp,valid
CC1=CC=CC=C1N1C(/C=C/C2=CC=CC=N2)=NC2=CC=CC=C2C1=O,Yes,What are the chances of CC1=CC=CC=C1N1C(/C=C/C2=CC=CC=N2)=NC2=CC=CC=C2C1=O crossing the blood-brain barrier? Explain your prediction.,bbbp,valid
NC(=O)C1(N2CCCCC2)CCN(CCCN2C3=CC=CC=C3CCC3=CC=C(Cl)C=C32)CC1,Yes,What are the chances of NC(=O)C1(N2CCCCC2)CCN(CCCN2C3=CC=CC=C3CCC3=CC=C(Cl)C=C32)CC1 crossing the blood-brain barrier? Explain your prediction.,bbbp,test
CC1=NC=CN=C1N1CCCCC1,Yes,"For the input CC1=NC=CN=C1N1CCCCC1, determine if it can penetrate the brain barrier and explain.",bbbp,test
CN1C=NC2=C1C(=O)NC(=O)N2C,Yes,"Predict whether the molecule CN1C=NC2=C1C(=O)NC(=O)N2C can cross the BBB, and provide reasoning.",bbbp,test
CN1C(CSCC(F)(F)F)NC2=CC(Cl)=C(S(N)(=O)=O)C=C2S1(=O)=O,No,What is your prediction for the molecule CN1C(CSCC(F)(F)F)NC2=CC(Cl)=C(S(N)(=O)=O)C=C2S1(=O)=O? Will it cross the blood-brain barrier?,bbbp,test
CCN(CC)CCCC(C)NC1=CC=NC2=CC(Cl)=CC=C12,Yes,"Based on the input CCN(CC)CCCC(C)NC1=CC=NC2=CC(Cl)=CC=C12, predict whether it can cross the blood-brain barrier and explain why.",bbbp,test
ClC1=CC=C2OC3=CC=CC=C3[C@H]3CNCC[C@@H]3C2=C1,Yes,"Based on the input ClC1=CC=C2OC3=CC=CC=C3[C@H]3CNCC[C@@H]3C2=C1, predict whether it can cross the blood-brain barrier and explain why.",bbbp,test
COC1=CC2=C(C=C1OC)[C@@H](C1=CC=CC=C1)CN(C)CC2,Yes,What are the chances of COC1=CC2=C(C=C1OC)[C@@H](C1=CC=CC=C1)CN(C)CC2 crossing the blood-brain barrier? Explain your prediction.,bbbp,test
CC12CC3CC(C)(C1)CC(N)(C3)C2,Yes,"Given the input SMILES CC12CC3CC(C)(C1)CC(N)(C3)C2, how likely is it to cross the blood-brain barrier?",bbbp,test
C=C[C@H]1CN2CC[C@@H]1C[C@H]2[C@H](O)C1=CC=NC2=CC=C(OC)C=C12,No,What are the chances of C=C[C@H]1CN2CC[C@@H]1C[C@H]2[C@H](O)C1=CC=NC2=CC=C(OC)C=C12 crossing the blood-brain barrier? Explain your prediction.,bbbp,test
CCCC(CCC)C(N)=O,Yes,"For the input CCCC(CCC)C(N)=O, determine if it can penetrate the brain barrier and explain.",bbbp,test
COC1=CC=C(O)C=C1,No,"Using the structure COC1=CC=C(O)C=C1, predict if the molecule is toxic and why.",clintox,train
CC1=CC2=C(N3CC[NH+](C)CC3)NC3=CC=CC=C3N=C2S1,No,"Given the molecular structure CC1=CC2=C(N3CC[NH+](C)CC3)NC3=CC=CC=C3N=C2S1, predict if it is toxic (Yes/No) and provide reasoning.",clintox,train
O=C(C1CCCCC1)N1CC(=O)N2CCC3=CC=CC=C3C2C1,No,Predict the toxicity of the compound O=C(C1CCCCC1)N1CC(=O)N2CCC3=CC=CC=C3C2C1 based on its molecular structure.,clintox,train
CCC(C)C(C)(COC(N)=O)COC(N)=O,No,Analyze the molecule CCC(C)C(C)(COC(N)=O)COC(N)=O and determine if it exhibits toxicity. Explain your answer.,clintox,train
CC(C)(OC1=CC=C(C(=O)C2=CC=C(Cl)C=C2)C=C1)C(=O)[O-],No,Is the molecule CC(C)(OC1=CC=C(C(=O)C2=CC=C(Cl)C=C2)C=C1)C(=O)[O-] toxic? Provide a detailed reasoning for your prediction.,clintox,train
CCC[NH2+]C(C)C(=O)NC1=CC=CC=C1C,No,Is the molecule CCC[NH2+]C(C)C(=O)NC1=CC=CC=C1C toxic? Provide a detailed reasoning for your prediction.,clintox,train
CC(=O)N(C1=C(C)C(C)=NO1)S(=O)(=O)C1=CC=C(N)C=C1,No,"Using the structure CC(=O)N(C1=C(C)C(C)=NO1)S(=O)(=O)C1=CC=C(N)C=C1, predict if the molecule is toxic and why.",clintox,train
CCCC1=NC(C)=C2C(=O)N=C(C3=CC(S(=O)(=O)N4CC[NH+](CC)CC4)=CC=C3OCC)NN12,No,"Based on the input CCCC1=NC(C)=C2C(=O)N=C(C3=CC(S(=O)(=O)N4CC[NH+](CC)CC4)=CC=C3OCC)NN12, determine if the molecule is toxic and provide a justification.",clintox,train
C/C=C(C(=C/C)/C1=CC=C(O)C=C1)\C1=CC=C(O)C=C1,No,What is your toxicity prediction for the molecule C/C=C(C(=C/C)/C1=CC=C(O)C=C1)\C1=CC=C(O)C=C1? Explain your reasoning.,clintox,train
[NH3+]C[C@H](O)C1=CC=C(O)C(O)=C1,No,Predict the toxicity of the compound [NH3+]C[C@H](O)C1=CC=C(O)C(O)=C1 based on its molecular structure.,clintox,train
C[NH2+]C[C@H](O)C1=CC=CC(O)=C1,No,"Based on the input C[NH2+]C[C@H](O)C1=CC=CC(O)=C1, determine if the molecule is toxic and provide a justification.",clintox,train
CC(C)CN(C[C@@H](O)[C@H](CC1=CC=CC=C1)NC(=O)O[C@H]1CO[C@H]2OCC[C@H]21)S(=O)(=O)C1=CC=C(N)C=C1,No,Is the molecule CC(C)CN(C[C@@H](O)[C@H](CC1=CC=CC=C1)NC(=O)O[C@H]1CO[C@H]2OCC[C@H]21)S(=O)(=O)C1=CC=C(N)C=C1 toxic? Provide a detailed reasoning for your prediction.,clintox,train
NC1=NC(F)=NC2=C1N=CN2[C@@H]1O[C@H](CO)[C@@H](O)[C@@H]1O,Yes,"Given the molecular structure NC1=NC(F)=NC2=C1N=CN2[C@@H]1O[C@H](CO)[C@@H](O)[C@@H]1O, predict if it is toxic (Yes/No) and provide reasoning.",clintox,train
CC1=CC(=O)N([O-])C(C2CCCCC2)=C1,No,"Based on the input CC1=CC(=O)N([O-])C(C2CCCCC2)=C1, determine if the molecule is toxic and provide a justification.",clintox,train
C[NH+]1[C@@H]2CC[C@@H]1CC(OC(C1=CC=CC=C1)C1=CC=CC=C1)C2,No,Predict the toxicity of the compound C[NH+]1[C@@H]2CC[C@@H]1CC(OC(C1=CC=CC=C1)C1=CC=CC=C1)C2 based on its molecular structure.,clintox,train
C#C[C@]1(O)CC[C@H]2[C@@H]3CCC4=CC(O)=CC=C4[C@H]3CC[C@@]21C,No,What is your toxicity prediction for the molecule C#C[C@]1(O)CC[C@H]2[C@@H]3CCC4=CC(O)=CC=C4[C@H]3CC[C@@]21C? Explain your reasoning.,clintox,train
CC1=C(CC(=O)[O-])C2=CC(F)=CC=C2/C1=C\C1=CC=C(S(C)=O)C=C1,No,"Using the structure CC1=C(CC(=O)[O-])C2=CC(F)=CC=C2/C1=C\C1=CC=C(S(C)=O)C=C1, predict if the molecule is toxic and why.",clintox,train
CCCC(CCC)C(=O)[O-],No,"Using the structure CCCC(CCC)C(=O)[O-], predict if the molecule is toxic and why.",clintox,train
COC1=CC=CC=C1OC1=C(OCCO)N=C(C2=NC=CC=N2)N=C1[N-]S(=O)(=O)C1=CC=C(C(C)(C)C)C=C1,No,"Based on the input COC1=CC=CC=C1OC1=C(OCCO)N=C(C2=NC=CC=N2)N=C1[N-]S(=O)(=O)C1=CC=C(C(C)(C)C)C=C1, determine if the molecule is toxic and provide a justification.",clintox,train
O=C([O-])C1=CC=C(N2N=C(C3=CC=CC=C3O)N=C2C2=CC=CC=C2O)C=C1,No,Evaluate whether the molecule O=C([O-])C1=CC=C(N2N=C(C3=CC=CC=C3O)N=C2C2=CC=CC=C2O)C=C1 is toxic and provide reasoning based on its structure.,clintox,train
O=C(NCC1CCCC[NH2+]1)C1=CC(OCC(F)(F)F)=CC=C1OCC(F)(F)F,No,Predict the toxicity of the compound O=C(NCC1CCCC[NH2+]1)C1=CC(OCC(F)(F)F)=CC=C1OCC(F)(F)F based on its molecular structure.,clintox,train
CC1=C(C2=CC=CC=C2)OC2=C(C(=O)OCC[NH+]3CCCCC3)C=CC=C2C1=O,No,"Using the SMILES CC1=C(C2=CC=CC=C2)OC2=C(C(=O)OCC[NH+]3CCCCC3)C=CC=C2C1=O, predict whether the molecule is toxic or non-toxic and provide reasoning.",clintox,train
CN/C(=C\[N+](=O)[O-])[NH2+]CCSCC1=CC=C(C[NH+](C)C)O1,No,"Given the molecular structure CN/C(=C\[N+](=O)[O-])[NH2+]CCSCC1=CC=C(C[NH+](C)C)O1, predict if it is toxic (Yes/No) and provide reasoning.",clintox,train
C[NH+]1CC[C@]23C4=C5C=CC(O)=C4O[C@H]2[C@@H](O)C=C[C@H]3[C@H]1C5,No,Is the molecule C[NH+]1CC[C@]23C4=C5C=CC(O)=C4O[C@H]2[C@@H](O)C=C[C@H]3[C@H]1C5 toxic? Provide a detailed reasoning for your prediction.,clintox,train
CC(=O)NO,No,Evaluate whether the molecule CC(=O)NO is toxic and provide reasoning based on its structure.,clintox,train
COC1=CC=CC=C1OCC(O)COC(N)=O,No,"Using the structure COC1=CC=CC=C1OCC(O)COC(N)=O, predict if the molecule is toxic and why.",clintox,train
CC1=NS(=O)(=O)C2=CC(Cl)=CC=C2N1,No,"Using the structure CC1=NS(=O)(=O)C2=CC(Cl)=CC=C2N1, predict if the molecule is toxic and why.",clintox,train
CC1=C(CN2CCC3=C(C2=O)C2=CC=CC=C2N3C)N=CN1,No,"Given the molecular structure CC1=C(CN2CCC3=C(C2=O)C2=CC=CC=C2N3C)N=CN1, predict if it is toxic (Yes/No) and provide reasoning.",clintox,train
C[N+]12CCC(CC1)C(OC(=O)C(O)(C1=CC=CC=C1)C1=CC=CC=C1)C2,No,Analyze the molecule C[N+]12CCC(CC1)C(OC(=O)C(O)(C1=CC=CC=C1)C1=CC=CC=C1)C2 and determine if it exhibits toxicity. Explain your answer.,clintox,train
N#CC(CC[NH+]1CCC(C(=O)[O-])(C2=CC=CC=C2)CC1)(C1=CC=CC=C1)C1=CC=CC=C1,No,Is the molecule N#CC(CC[NH+]1CCC(C(=O)[O-])(C2=CC=CC=C2)CC1)(C1=CC=CC=C1)C1=CC=CC=C1 toxic? Provide a detailed reasoning for your prediction.,clintox,train
[NH3+]C12CC3CC(CC(C3)C1)C2,No,"Given the molecular structure [NH3+]C12CC3CC(CC(C3)C1)C2, predict if it is toxic (Yes/No) and provide reasoning.",clintox,train
CN(C)C1=NC(N(C)C)=NC(N(C)C)=N1,No,"Using the SMILES CN(C)C1=NC(N(C)C)=NC(N(C)C)=N1, predict whether the molecule is toxic or non-toxic and provide reasoning.",clintox,train
C[C@@H]1C[C@H]2[C@@H]3C[C@H](F)C4=CC(=O)C=C[C@]4(C)[C@@]3(F)[C@@H](O)C[C@]2(C)[C@@]1(OC(=O)C1=CC=CO1)C(=O)SCF,No,Evaluate whether the molecule C[C@@H]1C[C@H]2[C@@H]3C[C@H](F)C4=CC(=O)C=C[C@]4(C)[C@@]3(F)[C@@H](O)C[C@]2(C)[C@@]1(OC(=O)C1=CC=CO1)C(=O)SCF is toxic and provide reasoning based on its structure.,clintox,train
O=C1OCCN1/N=C/C1=CC=C([N+](=O)[O-])O1,No,Is the molecule O=C1OCCN1/N=C/C1=CC=C([N+](=O)[O-])O1 toxic? Provide a detailed reasoning for your prediction.,clintox,train
O=C1NC(=O)N([C@H]2C[C@H](O)[C@@H](CO)O2)C=C1I,No,"Based on the input O=C1NC(=O)N([C@H]2C[C@H](O)[C@@H](CO)O2)C=C1I, determine if the molecule is toxic and provide a justification.",clintox,train
NNC1=NN=CC2=CC=CC=C12,No,"Using the structure NNC1=NN=CC2=CC=CC=C12, predict if the molecule is toxic and why.",clintox,train
CC#CCN1C(N2CCC[C@@H]([NH3+])C2)=NC2=C1C(=O)N(CC1=NC(C)=C3C=CC=CC3=N1)C(=O)N2C,No,"Based on the input CC#CCN1C(N2CCC[C@@H]([NH3+])C2)=NC2=C1C(=O)N(CC1=NC(C)=C3C=CC=CC3=N1)C(=O)N2C, determine if the molecule is toxic and provide a justification.",clintox,train
CC[NH2+][C@H]1C[C@H](C)S(=O)(=O)C2=C1C=C(S(N)(=O)=O)S2,No,Does the molecule CC[NH2+][C@H]1C[C@H](C)S(=O)(=O)C2=C1C=C(S(N)(=O)=O)S2 show toxic properties? Explain why or why not.,clintox,train
CC1=CC(C)=C(NC(=O)C[NH+](CC(=O)[O-])CC(=O)[O-])C(C)=C1Br,No,Analyze the molecule CC1=CC(C)=C(NC(=O)C[NH+](CC(=O)[O-])CC(=O)[O-])C(C)=C1Br and determine if it exhibits toxicity. Explain your answer.,clintox,train
C[NH+](C)CCC(C1=CC=C(Br)C=C1)C1=CC=CC=N1,No,Evaluate whether the molecule C[NH+](C)CCC(C1=CC=C(Br)C=C1)C1=CC=CC=N1 is toxic and provide reasoning based on its structure.,clintox,train
CC(C)[NH2+]CC(O)C1=CC(O)=CC(O)=C1,No,Is the molecule CC(C)[NH2+]CC(O)C1=CC(O)=CC(O)=C1 toxic? Provide a detailed reasoning for your prediction.,clintox,train
CC(C)C1=CC=CC(C(C)C)=C1NC(=O)C[NH+](CC(=O)[O-])CC(=O)[O-],No,"Given the molecular structure CC(C)C1=CC=CC(C(C)C)=C1NC(=O)C[NH+](CC(=O)[O-])CC(=O)[O-], predict if it is toxic (Yes/No) and provide reasoning.",clintox,train
CCC[NH+](CCC1=CC=CS1)[C@H]1CCC2=C(O)C=CC=C2C1,No,What is your toxicity prediction for the molecule CCC[NH+](CCC1=CC=CS1)[C@H]1CCC2=C(O)C=CC=C2C1? Explain your reasoning.,clintox,train
CC(=O)OCC[N+](C)(C)C,No,Is the molecule CC(=O)OCC[N+](C)(C)C toxic? Provide a detailed reasoning for your prediction.,clintox,train
CC1=CC=CC(NC2=CC=CC=C2C(=O)[O-])=C1C,No,Predict the toxicity of the compound CC1=CC=CC(NC2=CC=CC=C2C(=O)[O-])=C1C based on its molecular structure.,clintox,train
CC1=C(/C=C/C(C)=C/C=C/C(C)=C\C(=O)[O-])C(C)(C)CCC1,No,Is the molecule CC1=C(/C=C/C(C)=C/C=C/C(C)=C\C(=O)[O-])C(C)(C)CCC1 toxic? Provide a detailed reasoning for your prediction.,clintox,train
CC(O)C(=O)[O-],No,Analyze the molecule CC(O)C(=O)[O-] and determine if it exhibits toxicity. Explain your answer.,clintox,train
C[C@@H]1O[C@@]2(CS1)C[NH+]1CCC2CC1,No,"Based on the input C[C@@H]1O[C@@]2(CS1)C[NH+]1CCC2CC1, determine if the molecule is toxic and provide a justification.",clintox,train
C#C[C@]1(O)CC[C@H]2[C@@H]3CCC4=C/C(=N/O)CC[C@@H]4[C@H]3CC[C@@]21CC,No,What is your toxicity prediction for the molecule C#C[C@]1(O)CC[C@H]2[C@@H]3CCC4=C/C(=N/O)CC[C@@H]4[C@H]3CC[C@@]21CC? Explain your reasoning.,clintox,train
CC(=O)[C@H]1CC[C@H]2[C@@H]3C=CC4=CC(=O)CC[C@@]4(C)[C@@H]3CC[C@]12C,No,"Using the structure CC(=O)[C@H]1CC[C@H]2[C@@H]3C=CC4=CC(=O)CC[C@@]4(C)[C@@H]3CC[C@]12C, predict if the molecule is toxic and why.",clintox,train
COCCCOC1=CC=NC(CS(=O)C2=NC3=CC=CC=C3N2)=C1C,No,"Based on the input COCCCOC1=CC=NC(CS(=O)C2=NC3=CC=CC=C3N2)=C1C, determine if the molecule is toxic and provide a justification.",clintox,train
C[N+](C)(C)CCCCCCCCCC[N+](C)(C)C,No,Evaluate whether the molecule C[N+](C)(C)CCCCCCCCCC[N+](C)(C)C is toxic and provide reasoning based on its structure.,clintox,train
CO[Si](C)(C)O[Si](C)(C)C,No,"Using the SMILES CO[Si](C)(C)O[Si](C)(C)C, predict whether the molecule is toxic or non-toxic and provide reasoning.",clintox,train
O1[As]2O[As]1O2,No,What is your toxicity prediction for the molecule O1[As]2O[As]1O2? Explain your reasoning.,clintox,train
CCOC(=O)O[C@]1(C(=O)COC(=O)CC)CC[C@H]2[C@@H]3CCC4=CC(=O)C=C[C@]4(C)[C@H]3[C@@H](O)C[C@@]21C,No,Does the molecule CCOC(=O)O[C@]1(C(=O)COC(=O)CC)CC[C@H]2[C@@H]3CCC4=CC(=O)C=C[C@]4(C)[C@H]3[C@@H](O)C[C@@]21C show toxic properties? Explain why or why not.,clintox,train
N=O,No,Does the molecule N=O show toxic properties? Explain why or why not.,clintox,train
CC(C[N+](C)(C)C)OC(N)=O,No,"Using the structure CC(C[N+](C)(C)C)OC(N)=O, predict if the molecule is toxic and why.",clintox,train
OC(CCC[NH+]1CCCCC1)(C1=CC=CC=C1)C1=CC=CC=C1,No,Is the molecule OC(CCC[NH+]1CCCCC1)(C1=CC=CC=C1)C1=CC=CC=C1 toxic? Provide a detailed reasoning for your prediction.,clintox,train
CCCCC1=[NH+]C=C(/C=C(\CC2=CC=CS2)C(=O)[O-])N1CC1=CC=C(C(=O)[O-])C=C1,No,Is the molecule CCCCC1=[NH+]C=C(/C=C(\CC2=CC=CS2)C(=O)[O-])N1CC1=CC=C(C(=O)[O-])C=C1 toxic? Provide a detailed reasoning for your prediction.,clintox,train
NC(=O)OCC(O)COC1=CC=C(Cl)C=C1,No,"Using the SMILES NC(=O)OCC(O)COC1=CC=C(Cl)C=C1, predict whether the molecule is toxic or non-toxic and provide reasoning.",clintox,train
NC(=O)OCC(COC(N)=O)C1=CC=CC=C1,No,Does the molecule NC(=O)OCC(COC(N)=O)C1=CC=CC=C1 show toxic properties? Explain why or why not.,clintox,train
C[NH+]1CCC(=C2C3=CC=CC=C3CC(=O)C3=C2C=CS3)CC1,No,Evaluate whether the molecule C[NH+]1CCC(=C2C3=CC=CC=C3CC(=O)C3=C2C=CS3)CC1 is toxic and provide reasoning based on its structure.,clintox,train
CN1C(=O)C2=C(N=CN2C)N(C)C1=O,No,Evaluate whether the molecule CN1C(=O)C2=C(N=CN2C)N(C)C1=O is toxic and provide reasoning based on its structure.,clintox,train
OC1=CC=C(CCCC[NH2+]C[C@H](O)C2=CC=C(O)C(O)=C2)C=C1,No,Is the molecule OC1=CC=C(CCCC[NH2+]C[C@H](O)C2=CC=C(O)C(O)=C2)C=C1 toxic? Provide a detailed reasoning for your prediction.,clintox,train
CC1=CC=C(/C(=C\C[NH+]2CCCC2)C2=CC=CC=N2)C=C1,No,Is the molecule CC1=CC=C(/C(=C\C[NH+]2CCCC2)C2=CC=CC=N2)C=C1 toxic? Provide a detailed reasoning for your prediction.,clintox,train
CC[NH+](CC)CCOC(=O)C1=CC=C(N)C=C1Cl,No,What is your toxicity prediction for the molecule CC[NH+](CC)CCOC(=O)C1=CC=C(N)C=C1Cl? Explain your reasoning.,clintox,train
C[NH+](C)CCC1=CNC2=CC=C(CN3C=NC=N3)C=C12,No,Analyze the molecule C[NH+](C)CCC1=CNC2=CC=C(CN3C=NC=N3)C=C12 and determine if it exhibits toxicity. Explain your answer.,clintox,train
CC(C)[NH2+]CC1CCC2=CC(CO)=C([N+](=O)[O-])C=C2N1,No,"Based on the input CC(C)[NH2+]CC1CCC2=CC(CO)=C([N+](=O)[O-])C=C2N1, determine if the molecule is toxic and provide a justification.",clintox,train
COC1=CC2=C(C=C1OC)C(=O)C(CC1CC[NH+](CC3=CC=CC=C3)CC1)C2,No,"Using the SMILES COC1=CC2=C(C=C1OC)C(=O)C(CC1CC[NH+](CC3=CC=CC=C3)CC1)C2, predict whether the molecule is toxic or non-toxic and provide reasoning.",clintox,train
CC1CC2=CC=CC=C2N1NC(=O)C1=CC=C(Cl)C(S(N)(=O)=O)=C1,No,"Given the molecular structure CC1CC2=CC=CC=C2N1NC(=O)C1=CC=C(Cl)C(S(N)(=O)=O)=C1, predict if it is toxic (Yes/No) and provide reasoning.",clintox,train
CC1(C)[C@H](C(=O)[O-])N2C(=O)C[C@H]2S1(=O)=O,No,Does the molecule CC1(C)[C@H](C(=O)[O-])N2C(=O)C[C@H]2S1(=O)=O show toxic properties? Explain why or why not.,clintox,train
CCCCC[C@H](O)/C=C/[C@@H]1[C@@H](C/C=C\CCCC(=O)[O-])[C@@H](O)C[C@H]1O,No,Analyze the molecule CCCCC[C@H](O)/C=C/[C@@H]1[C@@H](C/C=C\CCCC(=O)[O-])[C@@H](O)C[C@H]1O and determine if it exhibits toxicity. Explain your answer.,clintox,train
COC(=O)CCC1=CC=C(OCC(O)C[NH2+]C(C)C)C=C1,No,"Using the SMILES COC(=O)CCC1=CC=C(OCC(O)C[NH2+]C(C)C)C=C1, predict whether the molecule is toxic or non-toxic and provide reasoning.",clintox,train
COC1=CN=C([N-]S(=O)(=O)C2=CC=C(N)C=C2)N=C1,No,"Using the SMILES COC1=CN=C([N-]S(=O)(=O)C2=CC=C(N)C=C2)N=C1, predict whether the molecule is toxic or non-toxic and provide reasoning.",clintox,train
C[C@H]1C[C@H]2[C@@H]3CCC4=CC(=O)C=C[C@]4(C)[C@@]3(F)[C@@H](O)C[C@]2(C)[C@@]1(O)C(=O)CO,No,Is the molecule C[C@H]1C[C@H]2[C@@H]3CCC4=CC(=O)C=C[C@]4(C)[C@@]3(F)[C@@H](O)C[C@]2(C)[C@@]1(O)C(=O)CO toxic? Provide a detailed reasoning for your prediction.,clintox,train
CC(=O)NC1=C(I)C=C(I)C(C(=O)[O-])=C1I,No,Analyze the molecule CC(=O)NC1=C(I)C=C(I)C(C(=O)[O-])=C1I and determine if it exhibits toxicity. Explain your answer.,clintox,train
O=C1C([O-])=C([C@H]2CC[C@H](C3=CC=C(Cl)C=C3)CC2)C(=O)C2=CC=CC=C12,No,Predict the toxicity of the compound O=C1C([O-])=C([C@H]2CC[C@H](C3=CC=C(Cl)C=C3)CC2)C(=O)C2=CC=CC=C12 based on its molecular structure.,clintox,train
COCCOC(=O)C1=C(C)NC(C)=C(C(=O)OC(C)C)C1C1=CC=CC([N+](=O)[O-])=C1,No,"Using the structure COCCOC(=O)C1=C(C)NC(C)=C(C(=O)OC(C)C)C1C1=CC=CC([N+](=O)[O-])=C1, predict if the molecule is toxic and why.",clintox,train
CCN(C(C)=O)C1=CC=CC(C2=CC=NC3=C(C#N)C=NN23)=C1,No,Evaluate whether the molecule CCN(C(C)=O)C1=CC=CC(C2=CC=NC3=C(C#N)C=NN23)=C1 is toxic and provide reasoning based on its structure.,clintox,train
C[NH2+][C@@H]1[C@H](O)[C@H]([NH2+]C)[C@H]2O[C@@]3(O)C(=O)C[C@@H](C)O[C@H]3O[C@@H]2[C@H]1O,No,Is the molecule C[NH2+][C@@H]1[C@H](O)[C@H]([NH2+]C)[C@H]2O[C@@]3(O)C(=O)C[C@@H](C)O[C@H]3O[C@@H]2[C@H]1O toxic? Provide a detailed reasoning for your prediction.,clintox,train
O=C(C1=CC=C(F)C(F)=C1NC1=CC=C(I)C=C1F)N1CC(O)([C@@H]2CCCCN2)C1,Yes,"Using the structure O=C(C1=CC=C(F)C(F)=C1NC1=CC=C(I)C=C1F)N1CC(O)([C@@H]2CCCCN2)C1, predict if the molecule is toxic and why.",clintox,valid
COC1=CC(NC(C)CCC[NH3+])=C2N=CC=CC2=C1,No,"Using the structure COC1=CC(NC(C)CCC[NH3+])=C2N=CC=CC2=C1, predict if the molecule is toxic and why.",clintox,valid
CN1N=NC2=C(C(N)=O)N=CN2C1=O,Yes,Analyze the molecule CN1N=NC2=C(C(N)=O)N=CN2C1=O and determine if it exhibits toxicity. Explain your answer.,clintox,valid
C#C[C@]1(O)CC[C@H]2[C@@H]3CCC4=CC(=O)CC[C@@H]4[C@H]3C(=C)C[C@@]21CC,No,"Based on the input C#C[C@]1(O)CC[C@H]2[C@@H]3CCC4=CC(=O)CC[C@@H]4[C@H]3C(=C)C[C@@]21CC, determine if the molecule is toxic and provide a justification.",clintox,valid
CCC[NH2+]CC(O)COC1=CC=CC=C1C(=O)CCC1=CC=CC=C1,No,"Given the molecular structure CCC[NH2+]CC(O)COC1=CC=CC=C1C(=O)CCC1=CC=CC=C1, predict if it is toxic (Yes/No) and provide reasoning.",clintox,valid
COC1=CC2=NC=NC(NC3=CC=C(F)C(Cl)=C3)=C2C=C1OCCC[NH+]1CCOCC1,No,Predict the toxicity of the compound COC1=CC2=NC=NC(NC3=CC=C(F)C(Cl)=C3)=C2C=C1OCCC[NH+]1CCOCC1 based on its molecular structure.,clintox,valid
C[NH+]1C[C@H](C(=O)N[C@]2(C)O[C@@]3(O)[C@@H]4CCCN4C(=O)[C@H](CC4=CC=CC=C4)N3C2=O)C=C2C3=CC=CC4=C3C(=CN4)C[C@H]21,No,Is the molecule C[NH+]1C[C@H](C(=O)N[C@]2(C)O[C@@]3(O)[C@@H]4CCCN4C(=O)[C@H](CC4=CC=CC=C4)N3C2=O)C=C2C3=CC=CC4=C3C(=CN4)C[C@H]21 toxic? Provide a detailed reasoning for your prediction.,clintox,valid
CC[N+](C)(CC)CCOC(=O)C1C2=CC=CC=C2OC2=CC=CC=C21,No,"Using the SMILES CC[N+](C)(CC)CCOC(=O)C1C2=CC=CC=C2OC2=CC=CC=C21, predict whether the molecule is toxic or non-toxic and provide reasoning.",clintox,valid
O=C([O-])CNC(=O)C1=CC=CC=C1,No,Is the molecule O=C([O-])CNC(=O)C1=CC=CC=C1 toxic? Provide a detailed reasoning for your prediction.,clintox,valid
C[C@H]([NH3+])CC1=CC=CC=C1,No,"Given the molecular structure C[C@H]([NH3+])CC1=CC=CC=C1, predict if it is toxic (Yes/No) and provide reasoning.",clintox,valid
COCCC1=CC=C(OCC(O)C[NH2+]C(C)C)C=C1,No,"Using the SMILES COCCC1=CC=C(OCC(O)C[NH2+]C(C)C)C=C1, predict whether the molecule is toxic or non-toxic and provide reasoning.",clintox,test
CC1(C)S[C@@H]2[C@H](NC(=O)[C@H](C(=O)[O-])C3=CSC=C3)C(=O)N2[C@H]1C(=O)[O-],No,What is your toxicity prediction for the molecule CC1(C)S[C@@H]2[C@H](NC(=O)[C@H](C(=O)[O-])C3=CSC=C3)C(=O)N2[C@H]1C(=O)[O-]? Explain your reasoning.,clintox,test
NS(=O)(=O)C1=CC(C(=O)[O-])=C(NCC2=CC=CO2)C=C1Cl,No,"Using the structure NS(=O)(=O)C1=CC(C(=O)[O-])=C(NCC2=CC=CO2)C=C1Cl, predict if the molecule is toxic and why.",clintox,test
CC(C)[C@H]1CC[C@H](C(=O)N[C@H](CC2=CC=CC=C2)C(=O)[O-])CC1,No,Evaluate whether the molecule CC(C)[C@H]1CC[C@H](C(=O)N[C@H](CC2=CC=CC=C2)C(=O)[O-])CC1 is toxic and provide reasoning based on its structure.,clintox,test
CC1=C(CCN2CCC(C3=NOC4=CC(F)=CC=C34)CC2)C(=O)N2CCCCC2=N1,Yes,"Given the molecular structure CC1=C(CCN2CCC(C3=NOC4=CC(F)=CC=C34)CC2)C(=O)N2CCCCC2=N1, predict if it is toxic (Yes/No) and provide reasoning.",clintox,test
C/C=C/C1=C(C(=O)[O-])N2C(=O)[C@@H](NC(=O)[C@H]([NH3+])C3=CC=C(O)C=C3)[C@H]2SC1,No,Evaluate whether the molecule C/C=C/C1=C(C(=O)[O-])N2C(=O)[C@@H](NC(=O)[C@H]([NH3+])C3=CC=C(O)C=C3)[C@H]2SC1 is toxic and provide reasoning based on its structure.,clintox,test
CC(C)[NH+](CCC(C(N)=O)(C1=CC=CC=C1)C1=CC=CC=N1)C(C)C,No,What is your toxicity prediction for the molecule CC(C)[NH+](CCC(C(N)=O)(C1=CC=CC=C1)C1=CC=CC=N1)C(C)C? Explain your reasoning.,clintox,test
COC1=CC=CC([C@@]2(O)CCCC[C@@H]2CN(C)C)=C1,Yes,Predict the toxicity of the compound COC1=CC=CC([C@@]2(O)CCCC[C@@H]2CN(C)C)=C1 based on its molecular structure.,clintox,test
CNC(=O)C1=C(C)C(C(=O)[O-])=C(I)C(NC(C)=O)=C1I,No,"Using the structure CNC(=O)C1=C(C)C(C(=O)[O-])=C(I)C(NC(C)=O)=C1I, predict if the molecule is toxic and why.",clintox,test
CC(=O)O[C@]1(C(C)=O)CC[C@H]2[C@@H]3C=C(C)C4=CC(=O)CC[C@]4(C)[C@H]3CC[C@@]21C,No,Evaluate whether the molecule CC(=O)O[C@]1(C(C)=O)CC[C@H]2[C@@H]3C=C(C)C4=CC(=O)CC[C@]4(C)[C@H]3CC[C@@]21C is toxic and provide reasoning based on its structure.,clintox,test
CC1=C([N+](=O)[O-])C=C([N+](=O)[O-])C=C1[N+](=O)[O-],-3.22,"Given the molecular structure represented by CC1=C([N+](=O)[O-])C=C([N+](=O)[O-])C=C1[N+](=O)[O-], predict its solubility.",esol,train
CC1=CC(=O)N(C2=CC=CC=C2)N1C,0.715,"Using the SMILES notation CC1=CC(=O)N(C2=CC=CC=C2)N1C, provide a reasoning and predict the output solubility.",esol,train
CC1CC2C3CC(F)C4=CC(=O)C=CC4(C)C3(F)C(O)CC2(C)C1(O)C(=O)CO,-5.613,Predict the solubility for CC1CC2C3CC(F)C4=CC(=O)C=CC4(C)C3(F)C(O)CC2(C)C1(O)C(=O)CO and explain your reasoning.,esol,train
CCOP(=S)(OCC)OC1=CC=C(S(C)=O)C=C1,-2.3,"Using the SMILES notation CCOP(=S)(OCC)OC1=CC=C(S(C)=O)C=C1, provide a reasoning and predict the output solubility.",esol,train
CC(Cl)(Cl)Cl,-2,Analyze the molecular structure CC(Cl)(Cl)Cl and predict its aqueous solubility.,esol,train
CCC1(C2=CC=CC=C2)C(=O)NC(=O)NC1=O,-2.322,"For the molecular representation CCC1(C2=CC=CC=C2)C(=O)NC(=O)NC1=O, explain how you would predict the solubility.",esol,train
O=[N+]([O-])C1=C(Cl)C(Cl)=C(Cl)C(Cl)=C1Cl,-5.82,"Given the SMILES O=[N+]([O-])C1=C(Cl)C(Cl)=C(Cl)C(Cl)=C1Cl, predict the solubility of this molecule and provide an explanation.",esol,train
CC1=CC(C)=C(O)C(C)=C1,-2.05,Predict the solubility for CC1=CC(C)=C(O)C(C)=C1 and explain your reasoning.,esol,train
CCCCCCCCC,-5.88,"For the molecular representation CCCCCCCCC, explain how you would predict the solubility.",esol,train
CCC1=CC=CC2=CC=CC=C12,-4.17,"With the given input CCC1=CC=CC2=CC=CC=C12, determine the solubility and explain the reasoning behind it.",esol,train
COC1=CC=CC(Cl)=C1,-2.78,Analyze the molecular structure COC1=CC=CC(Cl)=C1 and predict its aqueous solubility.,esol,train
CC(C)SC(C)C,-2.24,"Given the molecular structure represented by CC(C)SC(C)C, predict its solubility.",esol,train
CC(C)OC(=O)C(O)(C1=CC=C(Br)C=C1)C1=CC=C(Br)C=C1,-4.93,"Using the SMILES notation CC(C)OC(=O)C(O)(C1=CC=C(Br)C=C1)C1=CC=C(Br)C=C1, provide a reasoning and predict the output solubility.",esol,train
CN1C=NC2=C1C(=O)NC(=O)N2C,-2.523,"For the molecular representation CN1C=NC2=C1C(=O)NC(=O)N2C, explain how you would predict the solubility.",esol,train
OC1=CC=CC=N1,1.02,"Given the SMILES OC1=CC=CC=N1, predict the solubility of this molecule and provide an explanation.",esol,train
C=CC1(C)OC(=O)N(C2=CC(Cl)=CC(Cl)=C2)C1=O,-4.925,Analyze the molecular structure C=CC1(C)OC(=O)N(C2=CC(Cl)=CC(Cl)=C2)C1=O and predict its aqueous solubility.,esol,train
CC1=CC=C(O)C=C1,-0.73,"For the molecular representation CC1=CC=C(O)C=C1, explain how you would predict the solubility.",esol,train
CCCCCCCI,-4.81,"For the molecular representation CCCCCCCI, explain how you would predict the solubility.",esol,train
C=COCC,-0.85,"Using the SMILES notation C=COCC, provide a reasoning and predict the output solubility.",esol,train
CC1=CC=CC2=C(C)C=CC=C12,-4.679,Predict the solubility for CC1=CC=CC2=C(C)C=CC=C12 and explain your reasoning.,esol,train
CCC1=CC=CC=C1,-2.77,What is your solubility prediction for the compound CCC1=CC=CC=C1? Give a detailed reasoning.,esol,train
CCOC(=O)C=CC1=CC=CC=C1,-3,"Using the SMILES notation CCOC(=O)C=CC1=CC=CC=C1, provide a reasoning and predict the output solubility.",esol,train
C1=CC2=C3C(=C1)C=CC=C3C1=CC=CC3=CC=CC2=C31,-8.804,What is your solubility prediction for the compound C1=CC2=C3C(=C1)C=CC=C3C1=CC=CC3=CC=CC2=C31? Give a detailed reasoning.,esol,train
COC(=O)NC1=CC=CC(OC(=O)NC2=CC=CC(C)=C2)=C1,-4.805,"Given the SMILES COC(=O)NC1=CC=CC(OC(=O)NC2=CC=CC(C)=C2)=C1, predict the solubility of this molecule and provide an explanation.",esol,train
CC[N+](=O)[O-],-0.22,What is the solubility prediction for the molecule CC[N+](=O)[O-]? Explain your reasoning.,esol,train
CCCCCC1CCCC1,-6.08,"Using the SMILES notation CCCCCC1CCCC1, provide a reasoning and predict the output solubility.",esol,train
NC1=NNC=N1,0.522,"For the molecular representation NC1=NNC=N1, explain how you would predict the solubility.",esol,train
CC(Cl)Cl,-1.29,What is the solubility prediction for the molecule CC(Cl)Cl? Explain your reasoning.,esol,train
CCC(C1=CC=C(O)C=C1)C(CC)C1=CC=C(O)C=C1,-4.43,What is your solubility prediction for the compound CCC(C1=CC=C(O)C=C1)C(CC)C1=CC=C(O)C=C1? Give a detailed reasoning.,esol,train
C=C(C)CC,-2.73,"With the given input C=C(C)CC, determine the solubility and explain the reasoning behind it.",esol,train
CCN(CC)C1=NC(Cl)=NC(N(CC)CC)=N1,-4.411,"Given the SMILES CCN(CC)C1=NC(Cl)=NC(N(CC)CC)=N1, predict the solubility of this molecule and provide an explanation.",esol,train
CCNC(=S)NCC,-1.46,"For the molecular representation CCNC(=S)NCC, explain how you would predict the solubility.",esol,train
C1=CC=C(C2=CC=CC=C2)C=C1,-4.345,"Given the molecular structure represented by C1=CC=C(C2=CC=CC=C2)C=C1, predict its solubility.",esol,train
CCN1C2=NC=CC=C2C(=S)N(C)C2=CC=CN=C21,-4.634,"Given the molecular structure represented by CCN1C2=NC=CC=C2C(=S)N(C)C2=CC=CN=C21, predict its solubility.",esol,train
C#CC1(OC(C)=O)CCC2C3CCC4=CC(=O)CCC4C3CCC21C,-4.8,Predict the solubility for C#CC1(OC(C)=O)CCC2C3CCC4=CC(=O)CCC4C3CCC21C and explain your reasoning.,esol,train
CCCCCCCCC(C)=O,-3.3,"Using the SMILES notation CCCCCCCCC(C)=O, provide a reasoning and predict the output solubility.",esol,train
CCNC(=O)C(C)OC(=O)NC1=CC=CC=C1,-1.83,What is the solubility prediction for the molecule CCNC(=O)C(C)OC(=O)NC1=CC=CC=C1? Explain your reasoning.,esol,train
ClC(Cl)C(Cl)(Cl)Cl,-2.6,"With the given input ClC(Cl)C(Cl)(Cl)Cl, determine the solubility and explain the reasoning behind it.",esol,train
C1CCC2CCCCC2C1,-5.19,Analyze the molecular structure C1CCC2CCCCC2C1 and predict its aqueous solubility.,esol,train
CCOP(=S)(NC(C)C)OC1=CC=CC=C1C(=O)OC(C)C,-4.194,What is your solubility prediction for the compound CCOP(=S)(NC(C)C)OC1=CC=CC=C1C(=O)OC(C)C? Give a detailed reasoning.,esol,train
CCC#CCC,-1.99,What is your solubility prediction for the compound CCC#CCC? Give a detailed reasoning.,esol,train
CCCCCCCl,-3.12,What is the solubility prediction for the molecule CCCCCCCl? Explain your reasoning.,esol,train
C#CCCCCC,-3.01,"For the molecular representation C#CCCCCC, explain how you would predict the solubility.",esol,train
CC(=O)OCC(=O)C1(O)C(OC(C)=O)CC2C3CCC4=CC(=O)C=CC4(C)C3(F)C(O)CC21C,-4.13,What is the solubility prediction for the molecule CC(=O)OCC(=O)C1(O)C(OC(C)=O)CC2C3CCC4=CC(=O)C=CC4(C)C3(F)C(O)CC21C? Explain your reasoning.,esol,train
OC1=CC=CC=C1,0,"With the given input OC1=CC=CC=C1, determine the solubility and explain the reasoning behind it.",esol,train
CC1=C(C(=O)NC2=CC=CC=C2)C=CO1,-3.3,"Given the SMILES CC1=C(C(=O)NC2=CC=CC=C2)C=CO1, predict the solubility of this molecule and provide an explanation.",esol,train
IC1=CC=CC=C1,-3.01,Predict the solubility for IC1=CC=CC=C1 and explain your reasoning.,esol,train
C#CC1(O)CCC2C3CCC4=CC(=O)CCC4(C)C3CCC21C,-5.66,"Using the SMILES notation C#CC1(O)CCC2C3CCC4=CC(=O)CCC4(C)C3CCC21C, provide a reasoning and predict the output solubility.",esol,train
CCCCC1(CC)C(=O)NC(=O)NC1=O,-1.661,"Given the SMILES CCCCC1(CC)C(=O)NC(=O)NC1=O, predict the solubility of this molecule and provide an explanation.",esol,train
CCOP(=O)(OCC)OCC,0.43,"For the molecular representation CCOP(=O)(OCC)OCC, explain how you would predict the solubility.",esol,train
C1=CC=C2NCCC2=C1,-1.04,Analyze the molecular structure C1=CC=C2NCCC2=C1 and predict its aqueous solubility.,esol,train
FC1=CC=CC(Br)=C1,-2.67,Analyze the molecular structure FC1=CC=CC(Br)=C1 and predict its aqueous solubility.,esol,train
COCC(=O)N(C1=C(C)C=CC=C1C)C(C)C(=O)OC,-1.601,"Based on the input COCC(=O)N(C1=C(C)C=CC=C1C)C(C)C(=O)OC, how would you predict its solubility? Provide reasoning.",esol,train
C=CC#N,0.15,"Based on the input C=CC#N, how would you predict its solubility? Provide reasoning.",esol,train
BrC1=CC=C(Br)C(Br)=C1,-4.5,Analyze the molecular structure BrC1=CC=C(Br)C(Br)=C1 and predict its aqueous solubility.,esol,train
CCC1=CC=CC=C1CC,-3.28,Predict the solubility for CCC1=CC=CC=C1CC and explain your reasoning.,esol,train
CCC1(CC)C(=O)NC(=O)NC1=O,-2.4,"For the molecular representation CCC1(CC)C(=O)NC(=O)NC1=O, explain how you would predict the solubility.",esol,train
C=CC1=CC=CC=C1,-2.82,What is the solubility prediction for the molecule C=CC1=CC=CC=C1? Explain your reasoning.,esol,train
NC1=CC=CC2=NC3=CC=CC=C3C=C12,-4.22,"Using the SMILES notation NC1=CC=CC2=NC3=CC=CC=C3C=C12, provide a reasoning and predict the output solubility.",esol,train
FC1=CC=CC=C1,-1.8,"With the given input FC1=CC=CC=C1, determine the solubility and explain the reasoning behind it.",esol,train
ClC1=CC=C(I)C=C1,-4.03,"Given the SMILES ClC1=CC=C(I)C=C1, predict the solubility of this molecule and provide an explanation.",esol,train
CCCCCCC1=CC=C(O)C=C1O,-2.59,"Using the SMILES notation CCCCCCC1=CC=C(O)C=C1O, provide a reasoning and predict the output solubility.",esol,train
ClC1=CC=C(C2=CC=CC=C2Cl)C=C1,-5.28,Analyze the molecular structure ClC1=CC=C(C2=CC=CC=C2Cl)C=C1 and predict its aqueous solubility.,esol,train
O=C1NC(=O)C2=CC=CC=C12,-2.61,What is your solubility prediction for the compound O=C1NC(=O)C2=CC=CC=C12? Give a detailed reasoning.,esol,train
CCSCC1=CC=CC=C1OC(=O)NC,-2.09,Analyze the molecular structure CCSCC1=CC=CC=C1OC(=O)NC and predict its aqueous solubility.,esol,train
CC1CC2C3CCC4=CC(=O)C=CC4(C)C3(F)C(O)CC2(C)C1(O)C(=O)CO,-3.59,"Given the molecular structure represented by CC1CC2C3CCC4=CC(=O)C=CC4(C)C3(F)C(O)CC2(C)C1(O)C(=O)CO, predict its solubility.",esol,train
CC1CC2=CC=CC=C2N1NC(=O)C1=CC=C(Cl)C(S(N)(=O)=O)=C1,-3.586,Predict the solubility for CC1CC2=CC=CC=C2N1NC(=O)C1=CC=C(Cl)C(S(N)(=O)=O)=C1 and explain your reasoning.,esol,train
CC1=C(C)C2=C3C=CC=CC3=CC=C2C2=CC=CC=C12,-7.01,Predict the solubility for CC1=C(C)C2=C3C=CC=CC3=CC=C2C2=CC=CC=C12 and explain your reasoning.,esol,train
CC1=CC(C)=C2C=CC=CC2=C1,-4.29,What is the solubility prediction for the molecule CC1=CC(C)=C2C=CC=CC2=C1? Explain your reasoning.,esol,train
CCCC(C)=O,-0.19,"Based on the input CCCC(C)=O, how would you predict its solubility? Provide reasoning.",esol,train
CCCCCCl,-2.73,What is the solubility prediction for the molecule CCCCCCl? Explain your reasoning.,esol,train
C1=CC=C2C(=C1)C1=CC=CC=C1C1=CC=CC=C21,-6.726,"Based on the input C1=CC=C2C(=C1)C1=CC=CC=C1C1=CC=CC=C21, how would you predict its solubility? Provide reasoning.",esol,train
OCC1=CC=CC=C1,-0.4,What is the solubility prediction for the molecule OCC1=CC=CC=C1? Explain your reasoning.,esol,train
CCN1C2=CC(N(C)C)=CC(C)=C2NC(=O)C2=CC=CN=C21,-4.871,What is your solubility prediction for the compound CCN1C2=CC(N(C)C)=CC(C)=C2NC(=O)C2=CC=CN=C21? Give a detailed reasoning.,esol,train
CCCCCCOC(=O)C1=CC=CC=C1C(=O)OCCCCCC,-6.144,"With the given input CCCCCCOC(=O)C1=CC=CC=C1C(=O)OCCCCCC, determine the solubility and explain the reasoning behind it.",esol,train
C1=CC=C2OC=NC2=C1,-1.16,"For the molecular representation C1=CC=C2OC=NC2=C1, explain how you would predict the solubility.",esol,train
NC(=O)NC1NC(=O)NC1=O,-1.6,What is the solubility prediction for the molecule NC(=O)NC1NC(=O)NC1=O? Explain your reasoning.,esol,train
CC(C)(C)CO,-0.4,What is the solubility prediction for the molecule CC(C)(C)CO? Explain your reasoning.,esol,train
CC1=C(N)C(=O)N(C2=CC=CC=C2)N1C,-0.624,"Given the molecular structure represented by CC1=C(N)C(=O)N(C2=CC=CC=C2)N1C, predict its solubility.",esol,train
ClC1=CC=CC=C1Br,-3.19,What is your solubility prediction for the compound ClC1=CC=CC=C1Br? Give a detailed reasoning.,esol,train
C=C(C)C1CC=C(C)C(=O)C1,-2.06,"With the given input C=C(C)C1CC=C(C)C(=O)C1, determine the solubility and explain the reasoning behind it.",esol,valid
CCCCOCCCC,-1.85,"Given the molecular structure represented by CCCCOCCCC, predict its solubility.",esol,valid
C1=CC=C2C(=C1)C=NC1=CC=CC=C12,-2.78,"Given the SMILES C1=CC=C2C(=C1)C=NC1=CC=CC=C12, predict the solubility of this molecule and provide an explanation.",esol,valid
CCOCC,-0.09,"Given the molecular structure represented by CCOCC, predict its solubility.",esol,valid
CCCCC(C)CC,-5.16,What is the solubility prediction for the molecule CCCCC(C)CC? Explain your reasoning.,esol,valid
CNC(=O)C(C)SCCSP(=O)(OC)OC,1.144,Predict the solubility for CNC(=O)C(C)SCCSP(=O)(OC)OC and explain your reasoning.,esol,valid
CCCCC(C)=O,-0.8,Analyze the molecular structure CCCCC(C)=O and predict its aqueous solubility.,esol,valid
C1=CC=C2C(=C1)NC1=CC=CC=C12,-5.27,"Given the SMILES C1=CC=C2C(=C1)NC1=CC=CC=C12, predict the solubility of this molecule and provide an explanation.",esol,valid
CC1=CC=C(C2=CC=CC=C2)C=C1,-4.62,Predict the solubility for CC1=CC=C(C2=CC=CC=C2)C=C1 and explain your reasoning.,esol,valid
NS(=O)(=O)C1=CC2=C(C=C1Cl)NC(C(Cl)Cl)NS2(=O)=O,-2.68,What is your solubility prediction for the compound NS(=O)(=O)C1=CC2=C(C=C1Cl)NC(C(Cl)Cl)NS2(=O)=O? Give a detailed reasoning.,esol,valid
CC=C(C)C,-2.56,"With the given input CC=C(C)C, determine the solubility and explain the reasoning behind it.",esol,test
ClC1=C(Cl)C(Cl)=C2N=CC=NC2=C1Cl,-5.43,"With the given input ClC1=C(Cl)C(Cl)=C2N=CC=NC2=C1Cl, determine the solubility and explain the reasoning behind it.",esol,test
C1=CC=C2C(=C1)C=CC1=C3C=CC=CC3=CC=C21,-8.057,What is your solubility prediction for the compound C1=CC=C2C(=C1)C=CC1=C3C=CC=CC3=CC=C21? Give a detailed reasoning.,esol,test
ClC1=CC=C(Cl)C(Cl)=C1,-3.59,"For the molecular representation ClC1=CC=C(Cl)C(Cl)=C1, explain how you would predict the solubility.",esol,test
CC(C)C(C)C(C)C,-4.8,"With the given input CC(C)C(C)C(C)C, determine the solubility and explain the reasoning behind it.",esol,test
CCCCCCC(=O)OCC,-2.74,"Using the SMILES notation CCCCCCC(=O)OCC, provide a reasoning and predict the output solubility.",esol,test
CN(C)C(=O)NC1=CC=C(N2N=C(C(C)(C)C)OC2=O)C(Cl)=C1,-4.328,"Using the SMILES notation CN(C)C(=O)NC1=CC=C(N2N=C(C(C)(C)C)OC2=O)C(Cl)=C1, provide a reasoning and predict the output solubility.",esol,test
CCC(C)(C)CO,-1.04,Predict the solubility for CCC(C)(C)CO and explain your reasoning.,esol,test
O=[N+]([O-])C1=CC=CC=C1O,-1.74,What is your solubility prediction for the compound O=[N+]([O-])C1=CC=CC=C1O? Give a detailed reasoning.,esol,test
CC(=O)NC1=CC=C(Br)C=C1,-3.083,"Given the SMILES CC(=O)NC1=CC=C(Br)C=C1, predict the solubility of this molecule and provide an explanation.",esol,test
CC[C@H](NC(=O)C1=C([S+](C)[O-])C(C2=CC=C(F)C=C2)=NC2=CC=CC=C12)C1=CC=CC=C1,3.72,Analyze the molecular structure CC[C@H](NC(=O)C1=C([S+](C)[O-])C(C2=CC=C(F)C=C2)=NC2=CC=CC=C12)C1=CC=CC=C1 and predict its lipophilicity.,lipo,train
CC1=C(C2=C3C(=O)N(C)C(=O)N(CC4CC4)C3=NN2CC2=CC=NC3=CC=C(Cl)C=C23)C=C(S(C)(=O)=O)O1,3.2,"Using the SMILES CC1=C(C2=C3C(=O)N(C)C(=O)N(CC4CC4)C3=NN2CC2=CC=NC3=CC=C(Cl)C=C23)C=C(S(C)(=O)=O)O1, provide a reasoning and predict the LogP value.",lipo,train
CC1CC(OC(=O)C(O)C2=CC=CC=C2)CC(C)(C)C1,2.31,"Using the SMILES CC1CC(OC(=O)C(O)C2=CC=CC=C2)CC(C)(C)C1, provide a reasoning and predict the LogP value.",lipo,train
O=C1NC([C@@H]2CCCN2)=NC2=C1OC1=CC=C(Cl)C=C12,2.01,What is the LogP prediction for the molecule O=C1NC([C@@H]2CCCN2)=NC2=C1OC1=CC=C(Cl)C=C12? Explain your reasoning.,lipo,train
CC[C@H](C)C(=O)O[C@H]1C[C@H](O)C=C2C=C[C@H](C)[C@H](CC[C@@H](O)C[C@@H](O)CC(=O)O)[C@H]21,-0.76,What is the LogP prediction for the molecule CC[C@H](C)C(=O)O[C@H]1C[C@H](O)C=C2C=C[C@H](C)[C@H](CC[C@@H](O)C[C@@H](O)CC(=O)O)[C@H]21? Explain your reasoning.,lipo,train
CC1(C)[C@@H]2CC[C@@]1(CS(=O)(=O)N1CCN(C3=CC=C(C#N)C=N3)CC1)C(=O)C2,2.46,"Given the molecular structure CC1(C)[C@@H]2CC[C@@]1(CS(=O)(=O)N1CCN(C3=CC=C(C#N)C=N3)CC1)C(=O)C2, predict its lipophilicity (LogP).",lipo,train
CC1=CC=C2N=C(CCNCCCO)C=CC2=C1NC(=O)CC12CC3CC(CC(C3)C1)C2,1.18,Predict the LogP value for CC1=CC=C2N=C(CCNCCCO)C=CC2=C1NC(=O)CC12CC3CC(CC(C3)C1)C2 and provide an explanation for your prediction.,lipo,train
N#CC1=NC(NC2CCCCC2)=C(N)C(N2CCOCC2)=N1,2.81,Analyze the molecular structure N#CC1=NC(NC2CCCCC2)=C(N)C(N2CCOCC2)=N1 and predict its lipophilicity.,lipo,train
NC1=NC=NC2=C1N=C(SC1=NC3=CC=CC(Cl)=C3S1)N2CCO,2.37,Predict the LogP value for NC1=NC=NC2=C1N=C(SC1=NC3=CC=CC(Cl)=C3S1)N2CCO and provide an explanation for your prediction.,lipo,train
CCCSC1=NC2=CC=C(NC(=O)CCNC(N)=O)C=C2S1,2.9,"For the molecular input CCCSC1=NC2=CC=C(NC(=O)CCNC(N)=O)C=C2S1, explain how you would predict its LogP value.",lipo,train
COC1=CC(C(=O)NC2=CC=C(N3CCOCC3)C=C2)=NC2=C(N3CCN(C)CC3)C=C(F)C=C12,3.85,"With the input COC1=CC(C(=O)NC2=CC=C(N3CCOCC3)C=C2)=NC2=C(N3CCN(C)CC3)C=C(F)C=C12, determine the LogP and provide the reasoning behind it.",lipo,train
CN(C)CCNC(=O)C1=CC=C(NC2=NC=C3C=C(C4=CC=NC=C4)C=CC3=N2)C=C1,2.29,"With the input CN(C)CCNC(=O)C1=CC=C(NC2=NC=C3C=C(C4=CC=NC=C4)C=CC3=N2)C=C1, determine the LogP and provide the reasoning behind it.",lipo,train
CN1CCC[C@H]1CCN1CCCC2=CC(NC(=N)C3=CC=CS3)=CC=C21,0.37,"With the input CN1CCC[C@H]1CCN1CCCC2=CC(NC(=N)C3=CC=CS3)=CC=C21, determine the LogP and provide the reasoning behind it.",lipo,train
NC1(C2=CC=C(C3=NC4=CC=CC=C4C=C3C3=CC=CC=C3)C=C2)CCC1,3.6,Analyze the molecular structure NC1(C2=CC=C(C3=NC4=CC=CC=C4C=C3C3=CC=CC=C3)C=C2)CCC1 and predict its lipophilicity.,lipo,train
NC1=NC=NC2=C1N=CN2[C@@H]1O[C@H](CSCCCNC(=O)NC2=CC=CC=C2)[C@@H](O)[C@H]1O,1.9,What is your LogP prediction for the compound NC1=NC=NC2=C1N=CN2[C@@H]1O[C@H](CSCCCNC(=O)NC2=CC=CC=C2)[C@@H](O)[C@H]1O? Give a detailed reasoning.,lipo,train
CCN(CC)C(=O)C1=CC=C(C(=C2CCNCC2)C2=CC=CC=C2)C=C1,1.2,"Given the molecular structure CCN(CC)C(=O)C1=CC=C(C(=C2CCNCC2)C2=CC=CC=C2)C=C1, predict its lipophilicity (LogP).",lipo,train
CC(C)(C)OC(=O)N1CCN(C2=NC=C(OCC3=C(F)C=NC=C3F)C=N2)CC1,3.7,"With the input CC(C)(C)OC(=O)N1CCN(C2=NC=C(OCC3=C(F)C=NC=C3F)C=N2)CC1, determine the LogP and provide the reasoning behind it.",lipo,train
CCNC(=O)C1=CC=C(C)C(N2C=NC3=CC=C(N4CCN(C)CC4)C=C3C2=O)=C1,1.47,"Given the molecular structure CCNC(=O)C1=CC=C(C)C(N2C=NC3=CC=C(N4CCN(C)CC4)C=C3C2=O)=C1, predict its lipophilicity (LogP).",lipo,train
OCC(CO)NC1=NC(SCC2=CC=CC(F)=C2F)=NC2=C1SC(NC1CC1)=N2,3.11,Analyze the molecular structure OCC(CO)NC1=NC(SCC2=CC=CC(F)=C2F)=NC2=C1SC(NC1CC1)=N2 and predict its lipophilicity.,lipo,train
CC#CCN1C(=O)C2=C(C3=CN=CN3C)N(CC3=CC=NC4=CC=C(Cl)C=C34)N=C2N(CC2CC2)C1=O,3.61,"For the molecular input CC#CCN1C(=O)C2=C(C3=CN=CN3C)N(CC3=CC=NC4=CC=C(Cl)C=C34)N=C2N(CC2CC2)C1=O, explain how you would predict its LogP value.",lipo,train
CO[C@@H](C(=O)N1CC2=NNC(NC(=O)C3=CC=C(N4CCN(C)CC4)C=C3)=C2C1)C1=CC=CC=C1,2,What is the LogP prediction for the molecule CO[C@@H](C(=O)N1CC2=NNC(NC(=O)C3=CC=C(N4CCN(C)CC4)C=C3)=C2C1)C1=CC=CC=C1? Explain your reasoning.,lipo,train
O=S1(=O)CC(O)C(N2CCC(C3=CC=CC=C3)CC2)C1,1.4,Predict the LogP value for O=S1(=O)CC(O)C(N2CCC(C3=CC=CC=C3)CC2)C1 and provide an explanation for your prediction.,lipo,train
COC1=CC2=C(NC3=CC=C(F)C(Cl)=C3)C(C(N)=O)=CN=C2C=C1OCCCN1CCN(C)CC1,1.2,"Using the SMILES COC1=CC2=C(NC3=CC=C(F)C(Cl)=C3)C(C(N)=O)=CN=C2C=C1OCCCN1CCN(C)CC1, provide a reasoning and predict the LogP value.",lipo,train
COC1=CC(CNC2=NC3=CC=CC=C3N2)=CC(OC)=C1OC,2.36,"Given the molecular structure COC1=CC(CNC2=NC3=CC=CC=C3N2)=CC(OC)=C1OC, predict its lipophilicity (LogP).",lipo,train
COC(=O)C1=C(C)NC(C)=C(C(=O)OC(C)C)[C@@H]1C1=CC=CC2=NON=C12,3.77,"Given the molecular structure COC(=O)C1=C(C)NC(C)=C(C(=O)OC(C)C)[C@@H]1C1=CC=CC2=NON=C12, predict its lipophilicity (LogP).",lipo,train
COC1=CC2=NC=NC(NC3=CC=NC=C3)=C2C=C1OC,2.22,How would you predict the LogP value for the molecule COC1=CC2=NC=NC(NC3=CC=NC=C3)=C2C=C1OC? Provide an explanation.,lipo,train
CCC(CC)NC(=O)C1=C(NS(=O)(=O)C2=CC=C(C)C=C2)N(C2=CC=CC=C2Cl)N=C1,0.65,"With the input CCC(CC)NC(=O)C1=C(NS(=O)(=O)C2=CC=C(C)C=C2)N(C2=CC=CC=C2Cl)N=C1, determine the LogP and provide the reasoning behind it.",lipo,train
COC1=C(N2CCNC(C)C2)C(F)=CC2=C1N(C1CC1)C=C(C(=O)O)C2=O,-0.82,"With the input COC1=C(N2CCNC(C)C2)C(F)=CC2=C1N(C1CC1)C=C(C(=O)O)C2=O, determine the LogP and provide the reasoning behind it.",lipo,train
C=CC1CN2CCC1CC2[C@@H](O)C1=CC=NC2=CC=C(OC)C=C12,2.16,"Given the structure C=CC1CN2CCC1CC2[C@@H](O)C1=CC=NC2=CC=C(OC)C=C12, predict the lipophilicity and explain your reasoning.",lipo,train
COC1=CC=C2C(C)=NC(NC(=N)N)=NC2=C1,-0.51,"With the input COC1=CC=C2C(C)=NC(NC(=N)N)=NC2=C1, determine the LogP and provide the reasoning behind it.",lipo,train
C[C@H]1O[C@@H](N2C=NC3=C(N)N=C(OC4CCCC4)N=C32)[C@H](O)[C@H]1Cl,3.18,What is the LogP prediction for the molecule C[C@H]1O[C@@H](N2C=NC3=C(N)N=C(OC4CCCC4)N=C32)[C@H](O)[C@H]1Cl? Explain your reasoning.,lipo,train
ClC1=CC=C(C2(C3=CC=C(C4=CNN=C4)C=C3)CCNCC2)C=C1,1.51,"With the input ClC1=CC=C(C2(C3=CC=C(C4=CNN=C4)C=C3)CCNCC2)C=C1, determine the LogP and provide the reasoning behind it.",lipo,train
O=C(O)C1=C(/C=C2\CCN(C3=CC=CC=C3)C2=O)C2=C(Cl)C=C(Cl)C=C2N1,1.85,"For the molecular input O=C(O)C1=C(/C=C2\CCN(C3=CC=CC=C3)C2=O)C2=C(Cl)C=C(Cl)C=C2N1, explain how you would predict its LogP value.",lipo,train
CC(C)CCOC1=CC=C(N)C=C1,2.67,How would you predict the LogP value for the molecule CC(C)CCOC1=CC=C(N)C=C1? Provide an explanation.,lipo,train
CC1=CC=C(NC(=N)N)C=C1C,-1.34,Analyze the molecular structure CC1=CC=C(NC(=N)N)C=C1C and predict its lipophilicity.,lipo,train
CN(C(=O)CC1=CC=C(Cl)C(Cl)=C1)[C@H](CN1CCCC1)C1=CC=CC=C1,3.42,What is your LogP prediction for the compound CN(C(=O)CC1=CC=C(Cl)C(Cl)=C1)[C@H](CN1CCCC1)C1=CC=CC=C1? Give a detailed reasoning.,lipo,train
CC(=O)CCCCN1C(=O)C2=C(N=CN2C)N(C)C1=O,0.22,Predict the LogP value for CC(=O)CCCCN1C(=O)C2=C(N=CN2C)N(C)C1=O and provide an explanation for your prediction.,lipo,train
CC1=NC(CS(=O)(=O)C2=CC=C(Cl)C=C2)=CC(N2CCOCC2)=N1,1.8,"For the molecular input CC1=NC(CS(=O)(=O)C2=CC=C(Cl)C=C2)=CC(N2CCOCC2)=N1, explain how you would predict its LogP value.",lipo,train
NC1C2CN(C3=NC4=C(C=C3F)C(=O)C(C(=O)O)=CN4C3=CC=C(F)C=C3F)CC12,0.3,"For the molecular input NC1C2CN(C3=NC4=C(C=C3F)C(=O)C(C(=O)O)=CN4C3=CC=C(F)C=C3F)CC12, explain how you would predict its LogP value.",lipo,train
COC1=CC2=NC=NC(NC3=CC=C(OCC4=CC=CC=N4)C(C)=C3)=C2C=C1OC,3.6,Analyze the molecular structure COC1=CC2=NC=NC(NC3=CC=C(OCC4=CC=CC=N4)C(C)=C3)=C2C=C1OC and predict its lipophilicity.,lipo,train
CC1=CC(Cl)=CC=C1OC1CCN(C[C@H](O)CNC(=O)C2=CNC(=O)C3=CC(S(C)(=O)=O)=CC=C23)CC1,2.42,Analyze the molecular structure CC1=CC(Cl)=CC=C1OC1CCN(C[C@H](O)CNC(=O)C2=CNC(=O)C3=CC(S(C)(=O)=O)=CC=C23)CC1 and predict its lipophilicity.,lipo,train
COC1=CC=C2OCC(=O)N(CCN3CCC(NCC4=CC=C5OCC(=O)NC5=N4)CC3)C2=C1,0.87,Analyze the molecular structure COC1=CC=C2OCC(=O)N(CCN3CCC(NCC4=CC=C5OCC(=O)NC5=N4)CC3)C2=C1 and predict its lipophilicity.,lipo,train
COCCS(=O)(=O)C1=CC=C(NC2=NC=CC(C3=CN=C(C)N3C(C)C)=N2)C=C1,2.56,What is your LogP prediction for the compound COCCS(=O)(=O)C1=CC=C(NC2=NC=CC(C3=CN=C(C)N3C(C)C)=N2)C=C1? Give a detailed reasoning.,lipo,train
O=C1COC2=CC=CC=C2N1CCN1CCC(NCC2=CC3=C(C=N2)OCCO3)CC1,1.04,What is the LogP prediction for the molecule O=C1COC2=CC=CC=C2N1CCN1CCC(NCC2=CC3=C(C=N2)OCCO3)CC1? Explain your reasoning.,lipo,train
COC1=CC=C(C2=CC=CC3=C(N)C4=C(CN(C5CCC5)C4=O)N=C23)C(C)=N1,3.92,"With the input COC1=CC=C(C2=CC=CC3=C(N)C4=C(CN(C5CCC5)C4=O)N=C23)C(C)=N1, determine the LogP and provide the reasoning behind it.",lipo,train
CN(C)CCNC1=CC(C2=CC=CC=C2)=NC2=CC(C3=CC=C(F)C=C3)=NN12,4.5,How would you predict the LogP value for the molecule CN(C)CCNC1=CC(C2=CC=CC=C2)=NC2=CC(C3=CC=C(F)C=C3)=NN12? Provide an explanation.,lipo,train
CCCCC1=NC2=C(N)N=C3C=CC=CC3=C2N1CC(C)(C)O,2.37,"Using the SMILES CCCCC1=NC2=C(N)N=C3C=CC=CC3=C2N1CC(C)(C)O, provide a reasoning and predict the LogP value.",lipo,train
NC(=O)NC1=C(C(N)=O)C=C(C2=CC=C(OCCN3CCCCC3)C=C2)S1,1.2,"Using the SMILES NC(=O)NC1=C(C(N)=O)C=C(C2=CC=C(OCCN3CCCCC3)C=C2)S1, provide a reasoning and predict the LogP value.",lipo,train
CC1(C(=O)NC2CCCCC2)CCC(=O)N1CC1=CC=CS1,2.15,"With the input CC1(C(=O)NC2CCCCC2)CCC(=O)N1CC1=CC=CS1, determine the LogP and provide the reasoning behind it.",lipo,train
CN1C=NC=C1C1=C2C(=O)N(C3CC3)C(=O)N(CC3CC3)C2=NN1CC1=CC=NC2=CC=C(Cl)C=C12,3.53,Analyze the molecular structure CN1C=NC=C1C1=C2C(=O)N(C3CC3)C(=O)N(CC3CC3)C2=NN1CC1=CC=NC2=CC=C(Cl)C=C12 and predict its lipophilicity.,lipo,train
NC1=CC=NC(C2=CC=CN=C2)=N1,0.44,"Given the structure NC1=CC=NC(C2=CC=CN=C2)=N1, predict the lipophilicity and explain your reasoning.",lipo,train
CC1(C2=NC(N3CCOCC3)=NC=C2C(=O)N[C@H]2C3CC4CC2C[C@](O)(C4)C3)CC1,2,How would you predict the LogP value for the molecule CC1(C2=NC(N3CCOCC3)=NC=C2C(=O)N[C@H]2C3CC4CC2C[C@](O)(C4)C3)CC1? Provide an explanation.,lipo,train
COC1=CC2=C(NC3=CC=C(Cl)C=C3F)N=CN=C2C=C1OC[C@@H]1CCCN(C)C1,2.9,"Using the SMILES COC1=CC2=C(NC3=CC=C(Cl)C=C3F)N=CN=C2C=C1OC[C@@H]1CCCN(C)C1, provide a reasoning and predict the LogP value.",lipo,train
CCOC1=CC=C2N=C(N)SC2=C1,2.4,What is your LogP prediction for the compound CCOC1=CC=C2N=C(N)SC2=C1? Give a detailed reasoning.,lipo,train
CSC1=CC=C(OCC2=CC=CC=C2)C(C(=O)NC2=CC=C(C(=O)O)C=N2)=C1,1.6,"Given the structure CSC1=CC=C(OCC2=CC=CC=C2)C(C(=O)NC2=CC=C(C(=O)O)C=N2)=C1, predict the lipophilicity and explain your reasoning.",lipo,train
CC1=CC(NC2=CC(N3CCOCC3)=NC(N[C@@H](C)C3=NC=C(F)C=N3)=N2)=NN1,1.91,What is your LogP prediction for the compound CC1=CC(NC2=CC(N3CCOCC3)=NC(N[C@@H](C)C3=NC=C(F)C=N3)=N2)=NN1? Give a detailed reasoning.,lipo,train
CN1C(=O)CC(C2=CC=CC=C2)C1=O,0.68,"With the input CN1C(=O)CC(C2=CC=CC=C2)C1=O, determine the LogP and provide the reasoning behind it.",lipo,train
O=C1C=COC2=CC=CC=C12,1.4,"For the molecular input O=C1C=COC2=CC=CC=C12, explain how you would predict its LogP value.",lipo,train
O=C1C2=CC=CC=C2C(=O)N1C1=CC=C(O)C=C1,2,Predict the LogP value for O=C1C2=CC=CC=C2C(=O)N1C1=CC=C(O)C=C1 and provide an explanation for your prediction.,lipo,train
CCOC1=CC=C(C2=CN=C3CCCN23)C=C1,2.65,Predict the LogP value for CCOC1=CC=C(C2=CN=C3CCCN23)C=C1 and provide an explanation for your prediction.,lipo,train
NC1=NC(C2=CC=CC=C2)=NS1,2.2,"With the input NC1=NC(C2=CC=CC=C2)=NS1, determine the LogP and provide the reasoning behind it.",lipo,train
NC1=NNC(N)=C1CC1=CC=C2OCOC2=C1,0.47,Predict the LogP value for NC1=NNC(N)=C1CC1=CC=C2OCOC2=C1 and provide an explanation for your prediction.,lipo,train
COC1=CN=CC=C1COC1=CN=C(N2CCN(C(=O)OC(C)(C)C)CC2)N=C1,3.8,What is the LogP prediction for the molecule COC1=CN=CC=C1COC1=CN=C(N2CCN(C(=O)OC(C)(C)C)CC2)N=C1? Explain your reasoning.,lipo,train
O=C(O)COC1=CC=C(C2=NC=CS2)C=C1C1=CC=CC=C1,-0.16,What is your LogP prediction for the compound O=C(O)COC1=CC=C(C2=NC=CS2)C=C1C1=CC=CC=C1? Give a detailed reasoning.,lipo,train
CC1=NC2=CC=C(C3=CC=C(Cl)C=C3)C=C2C(=O)N1C[C@H]1CCCN(C(C)C)C1,3.3,"For the molecular input CC1=NC2=CC=C(C3=CC=C(Cl)C=C3)C=C2C(=O)N1C[C@H]1CCCN(C(C)C)C1, explain how you would predict its LogP value.",lipo,train
NC(=O)C1=CC=CC(O[C@@H]2C[C@H]3CC[C@@H](C2)N3CC2CC2)=C1,0.07,"Using the SMILES NC(=O)C1=CC=CC(O[C@@H]2C[C@H]3CC[C@@H](C2)N3CC2CC2)=C1, provide a reasoning and predict the LogP value.",lipo,train
N#CC1(NC(=O)[C@@H]2CCCC[C@H]2C(=O)N2CCC3=C(C2)C2=CC=CC(F)=C2N3)CC1,3.03,"Using the SMILES N#CC1(NC(=O)[C@@H]2CCCC[C@H]2C(=O)N2CCC3=C(C2)C2=CC=CC(F)=C2N3)CC1, provide a reasoning and predict the LogP value.",lipo,train
CCOC1=CC=C(C2=CN=C3CCCCCN23)C=C1,3.01,"Given the structure CCOC1=CC=C(C2=CN=C3CCCCCN23)C=C1, predict the lipophilicity and explain your reasoning.",lipo,train
CN1CCC2=C1N=C1C=CC=CC1=C2NC(=O)CC1=CC=CC=C1,2.8,"With the input CN1CCC2=C1N=C1C=CC=CC1=C2NC(=O)CC1=CC=CC=C1, determine the LogP and provide the reasoning behind it.",lipo,train
COC1=CC(F)=CC=C1C1=CN=CC(CNC(=O)C2CC2)=C1,2.9,"Using the SMILES COC1=CC(F)=CC=C1C1=CN=CC(CNC(=O)C2CC2)=C1, provide a reasoning and predict the LogP value.",lipo,train
NS(=O)(=O)C1=CC=C(NC2=NC=CC(C3=CN=C4C=CC=CN34)=N2)C=C1,2.7,"Given the molecular structure NS(=O)(=O)C1=CC=C(NC2=NC=CC(C3=CN=C4C=CC=CN34)=N2)C=C1, predict its lipophilicity (LogP).",lipo,train
CC1=CC=C(Cl)C(NC2=CC(NC3=CC=C(OCC(O)CN(C)C)C=C3)=NC=N2)=C1,2.16,What is your LogP prediction for the compound CC1=CC=C(Cl)C(NC2=CC(NC3=CC=C(OCC(O)CN(C)C)C=C3)=NC=N2)=C1? Give a detailed reasoning.,lipo,train
C1=CC=C2NN=CC2=C1,1.9,Predict the LogP value for C1=CC=C2NN=CC2=C1 and provide an explanation for your prediction.,lipo,train
NC1=NC(N)=C(C(=O)NC2=CC=CC=N2)N=C1Cl,2.67,What is the LogP prediction for the molecule NC1=NC(N)=C(C(=O)NC2=CC=CC=N2)N=C1Cl? Explain your reasoning.,lipo,train
CCOC(=O)C1=CC=C(CCN2CCN(C3=CC=C(C)N=N3)CC2)C=C1,2.58,How would you predict the LogP value for the molecule CCOC(=O)C1=CC=C(CCN2CCN(C3=CC=C(C)N=N3)CC2)C=C1? Provide an explanation.,lipo,train
CN1C=C(C#N)C=C1C1=C2C(=O)N(C)C(=O)N(CC3CC3)C2=NN1CC1=CC=NC2=CC=C(Cl)C=C12,3.67,"Given the molecular structure CN1C=C(C#N)C=C1C1=C2C(=O)N(C)C(=O)N(CC3CC3)C2=NN1CC1=CC=NC2=CC=C(Cl)C=C12, predict its lipophilicity (LogP).",lipo,train
NC1=NC(NC2=CC=CC(Br)=C2)=C2N=CNC2=N1,3.04,"With the input NC1=NC(NC2=CC=CC(Br)=C2)=C2N=CNC2=N1, determine the LogP and provide the reasoning behind it.",lipo,train
CC1=NN(C2=CC=C(F)C=C2)C(NS(=O)(=O)C2=CC=C(C#N)C=C2)=C1C(=O)N[C@@H](C)C(C)(C)C,0.45,What is your LogP prediction for the compound CC1=NN(C2=CC=C(F)C=C2)C(NS(=O)(=O)C2=CC=C(C#N)C=C2)=C1C(=O)N[C@@H](C)C(C)(C)C? Give a detailed reasoning.,lipo,train
NC1=NC(N)=C2C=C(Br)C=CC2=N1,1.78,Analyze the molecular structure NC1=NC(N)=C2C=C(Br)C=CC2=N1 and predict its lipophilicity.,lipo,train
O=C(O)[C@H](CC1=CC=CC(F)=C1)N1CCC(CN2CCC(OC3=CC=C(Cl)C(Cl)=C3)CC2)CC1,2.68,How would you predict the LogP value for the molecule O=C(O)[C@H](CC1=CC=CC(F)=C1)N1CCC(CN2CCC(OC3=CC=C(Cl)C(Cl)=C3)CC2)CC1? Provide an explanation.,lipo,train
CC1=CC2=C(OC(=O)C=C2C)C2=C1NCCC2,2.9,"Using the SMILES CC1=CC2=C(OC(=O)C=C2C)C2=C1NCCC2, provide a reasoning and predict the LogP value.",lipo,valid
NC1=NC(OC2CCCC2)=NC2=C1N=CN2[C@@H]1O[C@H](CO)[C@@H](O)[C@H]1O,0.79,"With the input NC1=NC(OC2CCCC2)=NC2=C1N=CN2[C@@H]1O[C@H](CO)[C@@H](O)[C@H]1O, determine the LogP and provide the reasoning behind it.",lipo,valid
N=C(N)NC1=CC=C(C(=O)OC2=CC=C(Cl)C=C2)C=C1,0.7,"With the input N=C(N)NC1=CC=C(C(=O)OC2=CC=C(Cl)C=C2)C=C1, determine the LogP and provide the reasoning behind it.",lipo,valid
CN1CCCN(C(C2=CC=CC=C2)C2=CC=C(Cl)C=C2)CC1,2.36,What is your LogP prediction for the compound CN1CCCN(C(C2=CC=CC=C2)C2=CC=C(Cl)C=C2)CC1? Give a detailed reasoning.,lipo,valid
CN1CCN(C(=O)C2=CC3=CC=CC=C3N2)CC1,1.7,Analyze the molecular structure CN1CCN(C(=O)C2=CC3=CC=CC=C3N2)CC1 and predict its lipophilicity.,lipo,valid
NC(=O)NC1=C(C(N)=O)SC(C2=CC=CC(O)=C2)=C1,2.21,What is your LogP prediction for the compound NC(=O)NC1=C(C(N)=O)SC(C2=CC=CC(O)=C2)=C1? Give a detailed reasoning.,lipo,valid
CC1=NOC(CCCOC2=C(C)C=C(C3=NOC(C(F)(F)F)=N3)C=C2C)=C1,3.63,"Given the molecular structure CC1=NOC(CCCOC2=C(C)C=C(C3=NOC(C(F)(F)F)=N3)C=C2C)=C1, predict its lipophilicity (LogP).",lipo,valid
COC1=CC2=C(NC3=NC=C(NC(=O)C4=CC=CC=C4)C=N3)N=CN=C2C=C1OCCCN1CCOCC1,2.32,Analyze the molecular structure COC1=CC2=C(NC3=NC=C(NC(=O)C4=CC=CC=C4)C=N3)N=CN=C2C=C1OCCCN1CCOCC1 and predict its lipophilicity.,lipo,valid
CC(=O)N1CCN(CCOC2=CC=C(C3CCN(C4=NN5C(C(F)(F)F)=NN=C5C=C4)CC3)C=C2)CC1,3.2,"Given the molecular structure CC(=O)N1CCN(CCOC2=CC=C(C3CCN(C4=NN5C(C(F)(F)F)=NN=C5C=C4)CC3)C=C2)CC1, predict its lipophilicity (LogP).",lipo,valid
O=C(NNC1=CC=CC(Cl)=C1)C1=CC=CN=C1Cl,1.87,"With the input O=C(NNC1=CC=CC(Cl)=C1)C1=CC=CN=C1Cl, determine the LogP and provide the reasoning behind it.",lipo,valid
CC(O)(C(=O)C1=CC=CC=C1)C1=CC=CC=C1,2.92,"Using the SMILES CC(O)(C(=O)C1=CC=CC=C1)C1=CC=CC=C1, provide a reasoning and predict the LogP value.",lipo,test
CC1=CC=CC=C1NC1=NC=NC2=CC=CC=C12,2.85,"Given the molecular structure CC1=CC=CC=C1NC1=NC=NC2=CC=CC=C12, predict its lipophilicity (LogP).",lipo,test
COC1=CC=C([C@]2(O)CC[C@H](N3CC[C@@H](NC(=O)CNC(=O)C4=CC=CC(C(F)(F)F)=C4)C3)CC2)C=N1,1.72,"Given the structure COC1=CC=C([C@]2(O)CC[C@H](N3CC[C@@H](NC(=O)CNC(=O)C4=CC=CC(C(F)(F)F)=C4)C3)CC2)C=N1, predict the lipophilicity and explain your reasoning.",lipo,test
O=C(C1=CC2=CC=CC=C2N1)N1CCNCC1,0.6,"With the input O=C(C1=CC2=CC=CC=C2N1)N1CCNCC1, determine the LogP and provide the reasoning behind it.",lipo,test
NC1=NC(C2=CC=CC=C2)=NC2=C1N=C(O)N2CC1=CC=CC=C1,4.16,What is your LogP prediction for the compound NC1=NC(C2=CC=CC=C2)=NC2=C1N=C(O)N2CC1=CC=CC=C1? Give a detailed reasoning.,lipo,test
CC(C)(C)NC(=O)C(C1=CC=NC=C1)N(CC1=CC=CO1)C(=O)C1=CC=C(C2=CC=CC=C2)N1,4.13,"With the input CC(C)(C)NC(=O)C(C1=CC=NC=C1)N(CC1=CC=CO1)C(=O)C1=CC=C(C2=CC=CC=C2)N1, determine the LogP and provide the reasoning behind it.",lipo,test
CC1=CC(NC2=NC(N[C@@H](C)C3=NC=C(F)C=N3)=NC(N3CCOCC3)=C2Cl)=NN1,2.61,Predict the LogP value for CC1=CC(NC2=NC(N[C@@H](C)C3=NC=C(F)C=N3)=NC(N3CCOCC3)=C2Cl)=NN1 and provide an explanation for your prediction.,lipo,test
O=C(NC1=CC=NC=C1)C1=CC=CC2=CC=CC=C12,3.1,Analyze the molecular structure O=C(NC1=CC=NC=C1)C1=CC=CC2=CC=CC=C12 and predict its lipophilicity.,lipo,test
CCN(CC)CC(=O)NC1=C(C#N)C=NN1C1=CC=CC=C1,0.4,"With the input CCN(CC)CC(=O)NC1=C(C#N)C=NN1C1=CC=CC=C1, determine the LogP and provide the reasoning behind it.",lipo,test
O=C1NC(C2=CC=C(Br)C=C2)NC2=CC=CC=C12,2.68,"With the input O=C1NC(C2=CC=C(Br)C=C2)NC2=CC=CC=C12, determine the LogP and provide the reasoning behind it.",lipo,test
CC1=CN=C(C(=O)CN2C=CC=C2C(=O)C(Cl)(Cl)Cl)C=N1,CC1=CN=C(C(=O)CN2C=CC=C2)C=N1.O=C(Cl)C(Cl)(Cl)Cl,"Using the molecule CC1=CN=C(C(=O)CN2C=CC=C2C(=O)C(Cl)(Cl)Cl)C=N1, predict the reactants needed for its synthesis. Provide reasoning.",retrosynthesis,train
CCOC(=O)N1C(C(=O)C2=CC=NC=C2)=C(N)C2=CC=C(Cl)C=C21,CCOC(=O)NC1=CC(Cl)=CC=C1C#N.O=C(CBr)C1=CC=NC=C1,"Given the molecular structure CCOC(=O)N1C(C(=O)C2=CC=NC=C2)=C(N)C2=CC=C(Cl)C=C21, predict how it can be synthesized and identify the reactants.",retrosynthesis,train
COC1=CC(C(=O)C2=CC=NC3=CC=CC=C23)=CC([N+](=O)[O-])=C1O,COC1=CC(C(=O)C2=CC=NC3=CC=CC=C23)=CC=C1O.O=[N+]([O-])O,"Given the target molecule COC1=CC(C(=O)C2=CC=NC3=CC=CC=C23)=CC([N+](=O)[O-])=C1O, determine the possible reactants for its synthesis.",retrosynthesis,train
CCC1=C(CO)N(C)N=C1C1=CC=C(Cl)C=C1,CCOC(=O)C1=C(CC)C(C2=CC=C(Cl)C=C2)=NN1C,How would you synthesize the molecule CCC1=C(CO)N(C)N=C1C1=CC=C(Cl)C=C1? Identify the reactants.,retrosynthesis,train
CNC(=O)NC1=CC(C#N)=CC=N1,CNC(N)=O.N#CC1=CC=NC(Cl)=C1,"For the given target molecule CNC(=O)NC1=CC(C#N)=CC=N1, determine the starting materials required for its synthesis.",retrosynthesis,train
CCOP(=O)(CC1=CC=CC=C1C(=O)O)OCC,CCOP(=O)(CC1=CC=CC=C1C)OCC.O=C([O-])[O-],Predict the reactants needed to synthesize the molecule CCOP(=O)(CC1=CC=CC=C1C(=O)O)OCC and provide reasoning.,retrosynthesis,train
CC[C@H]1C[C@H]2[C@@H]3CCC4=CC(=O)CC[C@@H]4[C@H]3CC[C@]2(C)[C@H]1OC(=O)COC(=O)CC(C)=O,C=C1CC(=O)O1.CC[C@H]1C[C@H]2[C@@H]3CCC4=CC(=O)CC[C@@H]4[C@H]3CC[C@]2(C)[C@H]1OC(=O)CO,What are the possible reactants to synthesize the molecule CC[C@H]1C[C@H]2[C@@H]3CCC4=CC(=O)CC[C@@H]4[C@H]3CC[C@]2(C)[C@H]1OC(=O)COC(=O)CC(C)=O?,retrosynthesis,train
CC(C)(C)OC(=O)NCCOC1=NOC(C2=CC=C(O)C=C2)=C1,CC(C)(C)OC(=O)NCCO.OC1=CC=C(C2=CC(O)=NO2)C=C1,Analyze the molecule CC(C)(C)OC(=O)NCCOC1=NOC(C2=CC=C(O)C=C2)=C1 and suggest potential reactants to synthesize it.,retrosynthesis,train
CNC(=O)/C(=N/OC)C1=CC=CC=C1OC1=CC=C(C(C)(C)C)C=C1,CC(C)(C)Cl.CNC(=O)/C(=N/OC)C1=CC=CC=C1OC1=CC=CC=C1,How would you synthesize the molecule CNC(=O)/C(=N/OC)C1=CC=CC=C1OC1=CC=C(C(C)(C)C)C=C1? Identify the reactants.,retrosynthesis,train
C[C@H]1CC[C@H](C(=O)N(C2=C(C(=O)O)SC(C3=CCC(=O)CC3)=C2)[C@H]2CC[C@H](O)CC2)CC1,C[C@H]1CC[C@H](C(=O)N(C2=C(C(=O)O)SC(C3=CCC4(CC3)OCCO4)=C2)[C@H]2CC[C@H](O)CC2)CC1,"Given the molecular structure C[C@H]1CC[C@H](C(=O)N(C2=C(C(=O)O)SC(C3=CCC(=O)CC3)=C2)[C@H]2CC[C@H](O)CC2)CC1, predict how it can be synthesized and identify the reactants.",retrosynthesis,train
C=CC(C)OC(=O)NC1=CN=C2NC(C3=CC=CC=C3)=NC2=C1,C=CC(C)OC(=O)Cl.NC1=CN=C2NC(C3=CC=CC=C3)=NC2=C1,What are the possible reactants to synthesize the molecule C=CC(C)OC(=O)NC1=CN=C2NC(C3=CC=CC=C3)=NC2=C1?,retrosynthesis,train
CC(=O)C1=CC=CC=C1C1=CC=C(C2=CN(CC#N)N=C2C2=CC(C)=CC(O)=C2)C=N1,COC1=CC(C)=CC(C2=NN(CC#N)C=C2C2=CC=C(C3=CC=CC=C3C(C)=O)N=C2)=C1,How would you synthesize the molecule CC(=O)C1=CC=CC=C1C1=CC=C(C2=CN(CC#N)N=C2C2=CC(C)=CC(O)=C2)C=N1? Identify the reactants.,retrosynthesis,train
O=C(Cl)C1=CC(Cl)=C(Cl)C(C2=CC=CC=C2)=N1,O=C(O)C1=CC(Cl)=C(Cl)C(C2=CC=CC=C2)=N1.O=S(Cl)Cl,What are the possible reactants to synthesize the molecule O=C(Cl)C1=CC(Cl)=C(Cl)C(C2=CC=CC=C2)=N1?,retrosynthesis,train
CCCCC(NC1=CC=C(F)C(C)=C1)C(=O)OC,CC1=CC(N)=CC=C1F.CCCCC(Br)C(=O)OC,"Using the target molecule CCCCC(NC1=CC=C(F)C(C)=C1)C(=O)OC, provide a retrosynthetic pathway by identifying the reactants.",retrosynthesis,train
CCCCC1=CC(C#N)=NN1C(C)(C)C,CCCCC1=CC(C(N)=O)=NN1C(C)(C)C,"Given the target molecule CCCCC1=CC(C#N)=NN1C(C)(C)C, determine the possible reactants for its synthesis.",retrosynthesis,train
CCOC(=O)C1=C(N(C)CCOCOCCOC)OCC1=O,CCOC(=O)C1=C(N(C)CCO)OCC1=O.COCCOCCl,"Using the target molecule CCOC(=O)C1=C(N(C)CCOCOCCOC)OCC1=O, provide a retrosynthetic pathway by identifying the reactants.",retrosynthesis,train
COC(=O)C1=CC=C([C@H](C)NC(=O)C2=CC(Cl)=CN=C2CC2=CC=CC(Cl)=C2)C=C1,COC(=O)C1=CC=C([C@H](C)N)C=C1.O=C(O)C1=CC(Cl)=CN=C1CC1=CC=CC(Cl)=C1,"Given the molecular structure COC(=O)C1=CC=C([C@H](C)NC(=O)C2=CC(Cl)=CN=C2CC2=CC=CC(Cl)=C2)C=C1, predict how it can be synthesized and identify the reactants.",retrosynthesis,train
CN1CCC(OC(C2=CC=CC=C2)C2=NC3=CC(Cl)=C(Cl)C=C3N2)CC1,CCOC(=O)C(OC1CCN(C)CC1)C1=CC=CC=C1.NC1=CC(Cl)=C(Cl)C=C1N,"Given the molecular structure CN1CCC(OC(C2=CC=CC=C2)C2=NC3=CC(Cl)=C(Cl)C=C3N2)CC1, predict how it can be synthesized and identify the reactants.",retrosynthesis,train
COCC1=C(C=O)OC2=CC=C(F)C=C12,COCC1=C(C(=O)OC)OC2=CC=C(F)C=C12,"Based on the input molecule COCC1=C(C=O)OC2=CC=C(F)C=C12, determine the required reactants and explain your choice.",retrosynthesis,train
CC(C)(C)OC(=O)N1CC[C@@H](CC2=NNC(=O)N2C2=CC=C(Br)C=C2F)C1,CC(C)(C)OC(=O)N1CC[C@@H](CC(=O)NNC(=O)NC2=CC=C(Br)C=C2F)C1,"Given the molecular structure CC(C)(C)OC(=O)N1CC[C@@H](CC2=NNC(=O)N2C2=CC=C(Br)C=C2F)C1, predict how it can be synthesized and identify the reactants.",retrosynthesis,train
C=CCOC(=O)NCCCCCCOS(C)(=O)=O,C=CCOC(=O)NCCCCCCO.CS(=O)(=O)Cl,Predict the reactants needed to synthesize the molecule C=CCOC(=O)NCCCCCCOS(C)(=O)=O and provide reasoning.,retrosynthesis,train
C=C(C)C1=CC=CC(CN(C)C/C=C/C#CC(C)(C)C)=C1,CC(=O)C1=CC=CC(CN(C)C/C=C/C#CC(C)(C)C)=C1.[Li]CCCC,"Based on the input molecule C=C(C)C1=CC=CC(CN(C)C/C=C/C#CC(C)(C)C)=C1, determine the required reactants and explain your choice.",retrosynthesis,train
S=C1N=NC(C2=CC=CC=C2)=N1,NC(=S)NNC(=O)C1=CC=CC=C1,"Using the molecule S=C1N=NC(C2=CC=CC=C2)=N1, predict the reactants needed for its synthesis. Provide reasoning.",retrosynthesis,train
CC[Si](Cl)(CC)CC[Si](Cl)(CC)CC,CC[Si](Cl)(C=C[Si](Cl)(CC)CC)CC,How would you synthesize the molecule CC[Si](Cl)(CC)CC[Si](Cl)(CC)CC? Identify the reactants.,retrosynthesis,train
CCCC[C@@H](C(=O)N1CCCC1C1=CC=CN=C1)[C@H](O)C(=O)O,C1=CN=CC(C2CCCN2)=C1.CCCCC(C(=O)O)C1OC(C)(C)OC1=O,How would you synthesize the molecule CCCC[C@@H](C(=O)N1CCCC1C1=CC=CN=C1)[C@H](O)C(=O)O? Identify the reactants.,retrosynthesis,train
CCCCCCC(OC1=CC=C(C2=CCCCCC2)C=C1)C(=O)O,CCCCCCC(OC1=CC=C(C2=CCCCCC2)C=C1)C(=O)OCC,"Using the molecule CCCCCCC(OC1=CC=C(C2=CCCCCC2)C=C1)C(=O)O, predict the reactants needed for its synthesis. Provide reasoning.",retrosynthesis,train
NC1=C(C(=O)C2=CC=CC(OC[C@@H]3COC(=O)O3)=C2)C=NN1C1=CC=C(F)C=C1,NC1=C(C(=O)C2=CC=CC(OC[C@@H](O)CO)=C2)C=NN1C1=CC=C(F)C=C1.O=C(Cl)Cl,"Given the molecular structure NC1=C(C(=O)C2=CC=CC(OC[C@@H]3COC(=O)O3)=C2)C=NN1C1=CC=C(F)C=C1, predict how it can be synthesized and identify the reactants.",retrosynthesis,train
CC1=CC=C(C(=O)NC2CC2)C=C1NC(N)=S,CC1=CC=C(C(=O)NC2CC2)C=C1N=C=S.N,"Using the molecule CC1=CC=C(C(=O)NC2CC2)C=C1NC(N)=S, predict the reactants needed for its synthesis. Provide reasoning.",retrosynthesis,train
COC(=O)CC1=CC=C(OC)C(C2=CC=C(C(F)(F)F)C=C2CNC2CC3=CC=CC=C3C2)=C1,COC(=O)CC1=CC=C(OC)C(C2=CC=C(C(F)(F)F)C=C2C=O)=C1.NC1CC2=CC=CC=C2C1,Analyze the molecule COC(=O)CC1=CC=C(OC)C(C2=CC=C(C(F)(F)F)C=C2CNC2CC3=CC=CC=C3C2)=C1 and suggest potential reactants to synthesize it.,retrosynthesis,train
CCOC(=O)CC1=C(C)N(CC2=CC(Br)=CC=C2O)N=C1,CC(C)(C)OC(=O)NNCC1=CC(Br)=CC=C1O.CCOC(=O)CC(=CN(C)C)C(C)=O,"Given the target molecule CCOC(=O)CC1=C(C)N(CC2=CC(Br)=CC=C2O)N=C1, determine the possible reactants for its synthesis.",retrosynthesis,train
CC1=CC=C(S(=O)(=O)CC(C)(C)C)C=C1,CC(C)(C)CBr.CC1=CC=C(S(=O)[O-])C=C1,What are the possible reactants to synthesize the molecule CC1=CC=C(S(=O)(=O)CC(C)(C)C)C=C1?,retrosynthesis,train
CCCCN1C(=O)C2C(=O)N(CC3=CC(C)=CC=C3C)C(=O)C(C1=O)C2(C)C,CC1=CC=C(C)C(CCl)=C1.CCCCN1C(=O)C2C(=O)NC(=O)C(C1=O)C2(C)C,"Using the molecule CCCCN1C(=O)C2C(=O)N(CC3=CC(C)=CC=C3C)C(=O)C(C1=O)C2(C)C, predict the reactants needed for its synthesis. Provide reasoning.",retrosynthesis,train
N#CC1=CC=C(OCCCN2C=CN=C2)C=C1,C1=CNC=N1.N#CC1=CC=C(OCCCCl)C=C1,"Given the target molecule N#CC1=CC=C(OCCCN2C=CN=C2)C=C1, determine the possible reactants for its synthesis.",retrosynthesis,train
ON=C(Cl)C1=CC=C(Cl)C(I)=C1F,O=C1CCC(=O)N1Cl.ON=CC1=CC=C(Cl)C(I)=C1F,"Using the molecule ON=C(Cl)C1=CC=C(Cl)C(I)=C1F, predict the reactants needed for its synthesis. Provide reasoning.",retrosynthesis,train
CCCN(CCC)C1=CC=C2C(=C1)C(C1=CC=CC=C1[N+](=O)[O-])=NCC1=NN=CN21,CCCN(CCC)C1=CC=C2NC(=S)CN=C(C3=CC=CC=C3[N+](=O)[O-])C2=C1.NNC=O,"Using the target molecule CCCN(CCC)C1=CC=C2C(=C1)C(C1=CC=CC=C1[N+](=O)[O-])=NCC1=NN=CN21, provide a retrosynthetic pathway by identifying the reactants.",retrosynthesis,train
CN1CCC(C2=CNC3=CC=C(NC(=O)C4=C(F)C(F)=C(F)C(F)=C4F)N=C23)CC1,CN1CCC(C2=CNC3=CC=C(N)N=C23)CC1.O=C(Cl)C1=C(F)C(F)=C(F)C(F)=C1F,"Given the molecular structure CN1CCC(C2=CNC3=CC=C(NC(=O)C4=C(F)C(F)=C(F)C(F)=C4F)N=C23)CC1, predict how it can be synthesized and identify the reactants.",retrosynthesis,train
N#CC(C#N)(CCC(F)(F)F)CC1=CC=CN=C1,ClCC1=CC=CN=C1.N#CC(C#N)CCC(F)(F)F,"Using the molecule N#CC(C#N)(CCC(F)(F)F)CC1=CC=CN=C1, predict the reactants needed for its synthesis. Provide reasoning.",retrosynthesis,train
CN(C(=O)OC(C)(C)C)C(C(=O)O)C1=CC=CC(Br)=C1,CC(C)(C)OC(=O)NC(C(=O)O)C1=CC=CC(Br)=C1.CI,What are the possible reactants to synthesize the molecule CN(C(=O)OC(C)(C)C)C(C(=O)O)C1=CC=CC(Br)=C1?,retrosynthesis,train
C1=CC=C(COC2=CC=C(OC[C@H]3CCCN3)C=C2)C=C1,CC(C)(C)OC(=O)N1CCC[C@@H]1COC1=CC=C(OCC2=CC=CC=C2)C=C1,How would you synthesize the molecule C1=CC=C(COC2=CC=C(OC[C@H]3CCCN3)C=C2)C=C1? Identify the reactants.,retrosynthesis,train
N#CC1COC2=CC=CC=C2O1,C=C(Cl)C#N.OC1=CC=CC=C1O,"Given the molecular structure N#CC1COC2=CC=CC=C2O1, predict how it can be synthesized and identify the reactants.",retrosynthesis,train
NC(=O)NC1=CC=CC(F)=C1,CCOCC.N#CN.NC1=CC=CC(F)=C1,Predict the reactants needed to synthesize the molecule NC(=O)NC1=CC=CC(F)=C1 and provide reasoning.,retrosynthesis,train
N[C@H]1CCCN(C2=C3CCC(O)C3=NC=C2NC(=O)C2=CC=C(F)C(C3=C(F)C=CC=C3F)=N2)C1,CC(=O)OC1CCC2=C1N=CC(NC(=O)C1=CC=C(F)C(C3=C(F)C=CC=C3F)=N1)=C2N1CCC[C@H](NC(=O)OC(C)(C)C)C1,"For the given target molecule N[C@H]1CCCN(C2=C3CCC(O)C3=NC=C2NC(=O)C2=CC=C(F)C(C3=C(F)C=CC=C3F)=N2)C1, determine the starting materials required for its synthesis.",retrosynthesis,train
CC1=CC=C2C(=C1)C=CC1=CC(O[Si](C)(C)C(C)(C)C)=CC=C1C2C1=CNC(=O)NC1=O,CC(C)(C)[Si](C)(C)Cl.CC1=CC=C2C(=C1)C=CC1=CC(O)=CC=C1C2C1=CNC(=O)NC1=O,"Using the molecule CC1=CC=C2C(=C1)C=CC1=CC(O[Si](C)(C)C(C)(C)C)=CC=C1C2C1=CNC(=O)NC1=O, predict the reactants needed for its synthesis. Provide reasoning.",retrosynthesis,train
O=C(NC1=CC=NC=C1)C1=CC=CC(Cl)=C1,NC1=CC=NC=C1.O=C(Cl)C1=CC=CC(Cl)=C1,"Based on the input molecule O=C(NC1=CC=NC=C1)C1=CC=CC(Cl)=C1, determine the required reactants and explain your choice.",retrosynthesis,train
CC1=CC(C)=NC(N2CCN(C3=CC=C(NC(=O)C(=O)C4=C(C5=CC=CC=C5)C=C(C)N4C)C=C3)CC2)=C1,CC1=CC(C)=NC(N2CCN(C3=CC=C(N)C=C3)CC2)=C1.CC1=CC(C2=CC=CC=C2)=C(C(=O)C(=O)Cl)N1C,Predict the reactants needed to synthesize the molecule CC1=CC(C)=NC(N2CCN(C3=CC=C(NC(=O)C(=O)C4=C(C5=CC=CC=C5)C=C(C)N4C)C=C3)CC2)=C1 and provide reasoning.,retrosynthesis,train
CCC(Cl)N1C(C)=CC2=CC=CC(Cl)=C21,CC1=CC2=CC=CC(Cl)=C2N1.ClCCCBr,How would you synthesize the molecule CCC(Cl)N1C(C)=CC2=CC=CC(Cl)=C21? Identify the reactants.,retrosynthesis,train
COCN1C(=O)C(N)CN(C2=CC=CC=C2F)C2=CC=CC=C21,CCCNC(=O)ON=C1CN(C2=CC=CC=C2F)C2=CC=CC=C2N(COC)C1=O,Predict the reactants needed to synthesize the molecule COCN1C(=O)C(N)CN(C2=CC=CC=C2F)C2=CC=CC=C21 and provide reasoning.,retrosynthesis,train
COC1=CC=CC2=C1C(=O)C(C1=C(Cl)C=CC=C1Cl)C2=O,COC1=CC=CC2=C1COC2=O.O=CC1=C(Cl)C=CC=C1Cl,"Given the molecular structure COC1=CC=CC2=C1C(=O)C(C1=C(Cl)C=CC=C1Cl)C2=O, predict how it can be synthesized and identify the reactants.",retrosynthesis,train
COC1=CC2=C(C(=O)C3=C2N(C)C(=O)C2=CC=CC=C32)C(OC)=C1OC,COC1=CC([C@H]2[C@@H](C(=O)O)C3=CC=CC=C3C(=O)N2C)=CC(OC)=C1OC,"Using the molecule COC1=CC2=C(C(=O)C3=C2N(C)C(=O)C2=CC=CC=C32)C(OC)=C1OC, predict the reactants needed for its synthesis. Provide reasoning.",retrosynthesis,train
O=C1C2=CC(O)=NN2CCN1C1=CC=C(F)C=C1,O=C1C2=CC(OCC3=CC=CC=C3)=NN2CCN1C1=CC=C(F)C=C1,"Given the molecular structure O=C1C2=CC(O)=NN2CCN1C1=CC=C(F)C=C1, predict how it can be synthesized and identify the reactants.",retrosynthesis,train
CN(C)C=NS(=O)(=O)C1=CC=CC=C1C1=CC=C(CN2C(C3=CC=CC=C3)=NC(Cl)=C2C=O)C=C1,CN(C)C=NS(=O)(=O)C1=CC=CC=C1C1=CC=C(CBr)C=C1.O=CC1=C(Cl)N=C(C2=CC=CC=C2)N1,"Based on the input molecule CN(C)C=NS(=O)(=O)C1=CC=CC=C1C1=CC=C(CN2C(C3=CC=CC=C3)=NC(Cl)=C2C=O)C=C1, determine the required reactants and explain your choice.",retrosynthesis,train
O=C(NC1=NN(CC2=COC(C(O)O)=N2)N=C1)OCC1=CC=CC=C1Cl,CC(=O)C#N.O=C(NC1=NN(CC2=COC(CO)=N2)N=C1)OCC1=CC=CC=C1Cl,"Based on the input molecule O=C(NC1=NN(CC2=COC(C(O)O)=N2)N=C1)OCC1=CC=CC=C1Cl, determine the required reactants and explain your choice.",retrosynthesis,train
CC(C)C(=O)NC1=CC=CC(C2CCN(CCCC3OCC(C)(C)CO3)CC2)=C1,CC(C)C(=O)NC1=CC=CC(C2CCNCC2)=C1.CC1(C)COC(CCCBr)OC1,"For the given target molecule CC(C)C(=O)NC1=CC=CC(C2CCN(CCCC3OCC(C)(C)CO3)CC2)=C1, determine the starting materials required for its synthesis.",retrosynthesis,train
COC(=O)C1=CC(C#N)=CC([N+](=O)[O-])=C1O,COC(=O)C1=CC(C#N)=CC=C1O.O=[N+]([O-])O,What are the possible reactants to synthesize the molecule COC(=O)C1=CC(C#N)=CC([N+](=O)[O-])=C1O?,retrosynthesis,train
C[C@@H](OC1=CC=CC2=NC=NC(NC3=CC=C4C(=C3)C=NN4CC3=CC=CC(F)=C3)=C12)C(N)=O,COC(=O)[C@@H](C)OC1=CC=CC2=NC=NC(NC3=CC=C4C(=C3)C=NN4CC3=CC=CC(F)=C3)=C12.N,Analyze the molecule C[C@@H](OC1=CC=CC2=NC=NC(NC3=CC=C4C(=C3)C=NN4CC3=CC=CC(F)=C3)=C12)C(N)=O and suggest potential reactants to synthesize it.,retrosynthesis,train
O=C(Cl)C(F)(F)C1=CC=C(Cl)C=C1,CCOC(=O)C(F)(F)C1=CC=C(Cl)C=C1.O=C(Cl)C(=O)Cl,"Given the molecular structure O=C(Cl)C(F)(F)C1=CC=C(Cl)C=C1, predict how it can be synthesized and identify the reactants.",retrosynthesis,train
O=C1NC=C(C2=CC=CN=C2)C(=O)N1,O=C1NC(=O)N(C(C2=CC=CC=C2)C2=CC=CC=C2)C=C1C1=CC=CN=C1,"For the given target molecule O=C1NC=C(C2=CC=CN=C2)C(=O)N1, determine the starting materials required for its synthesis.",retrosynthesis,train
O=S1C2=CC=CC=C2CCC2=CC=C(CO)C=C21,O=C(OO)C1=CC=CC(Cl)=C1.OCC1=CC=C2CCC3=CC=CC=C3SC2=C1,"Using the molecule O=S1C2=CC=CC=C2CCC2=CC=C(CO)C=C21, predict the reactants needed for its synthesis. Provide reasoning.",retrosynthesis,train
C=CCC1=CC(C2=NNC(=O)CC2)=CC=C1OCC1CO1,C=CCC1=CC(C2=NNC(=O)CC2)=CC=C1O.ClCC1CO1,"For the given target molecule C=CCC1=CC(C2=NNC(=O)CC2)=CC=C1OCC1CO1, determine the starting materials required for its synthesis.",retrosynthesis,train
CC1=C(C=O)C=C(C2=CC=CN=C2)N1S(=O)(=O)C1=CC=CC=C1,CC1=C(C=O)C=C(Br)N1S(=O)(=O)C1=CC=CC=C1.OB(O)C1=CC=CN=C1,"Using the target molecule CC1=C(C=O)C=C(C2=CC=CN=C2)N1S(=O)(=O)C1=CC=CC=C1, provide a retrosynthetic pathway by identifying the reactants.",retrosynthesis,train
CC1=NC(=O)C=CN1[C@@H]1O[C@H](COC(=O)C2=CC=CC=C2)[C@@H](OC(=O)C2=CC=CC=C2)[C@H]1OC(=O)C1=CC=CC=C1,CC(=O)O[C@@H]1O[C@H](COC(=O)C2=CC=CC=C2)[C@@H](OC(=O)C2=CC=CC=C2)[C@H]1OC(=O)C1=CC=CC=C1.CC1=NC=CC(=O)N1,"Given the target molecule CC1=NC(=O)C=CN1[C@@H]1O[C@H](COC(=O)C2=CC=CC=C2)[C@@H](OC(=O)C2=CC=CC=C2)[C@H]1OC(=O)C1=CC=CC=C1, determine the possible reactants for its synthesis.",retrosynthesis,train
COC(=O)N[C@@H](CC1=CC=CC=C1)C(=O)OC,CCN(CC)CC.COC(=O)N[C@@H](CC1=CC=CC=C1)C(=O)O,"Given the target molecule COC(=O)N[C@@H](CC1=CC=CC=C1)C(=O)OC, determine the possible reactants for its synthesis.",retrosynthesis,train
CCS(=O)(=O)C1=CC=C(CNC(=O)C2=CN=C3C(=C2)CN[C@H]3C(C)C)N=C1,CCS(=O)(=O)C1=CC=C(CNC(=O)C2=CN=C3C(=C2)CN(C(=O)OC(C)(C)C)[C@H]3C(C)C)N=C1,"Using the target molecule CCS(=O)(=O)C1=CC=C(CNC(=O)C2=CN=C3C(=C2)CN[C@H]3C(C)C)N=C1, provide a retrosynthetic pathway by identifying the reactants.",retrosynthesis,train
CC1=CC=C(NC(=O)C2=CC=C(CN3CCN(C)CC3)C=C2)C=C1Br,CC1=CC=C(N)C=C1Br.COC(=O)C1=CC=C(CN2CCN(C)CC2)C=C1,How would you synthesize the molecule CC1=CC=C(NC(=O)C2=CC=C(CN3CCN(C)CC3)C=C2)C=C1Br? Identify the reactants.,retrosynthesis,train
COC(OC)C1=CC(SC2=CC=CC(N)=C2)=CC=C1[N+](=O)[O-],COC(OC)C1=CC(Cl)=CC=C1[N+](=O)[O-].NC1=CC=CC(S)=C1,What are the possible reactants to synthesize the molecule COC(OC)C1=CC(SC2=CC=CC(N)=C2)=CC=C1[N+](=O)[O-]?,retrosynthesis,train
CC(C)(C)OC(=O)N1CCC[C@H]1C1=NC(C2=CC=C(Br)C=C2)=CS1,CC(C)(C)OC(=O)N1CCC[C@H]1C(N)=S.O=C(CBr)C1=CC=C(Br)C=C1,Analyze the molecule CC(C)(C)OC(=O)N1CCC[C@H]1C1=NC(C2=CC=C(Br)C=C2)=CS1 and suggest potential reactants to synthesize it.,retrosynthesis,train
BrCCCCCCOCCCC1=CC=CC=C1,BrCCCCCCBr.OCCCC1=CC=CC=C1,"Using the molecule BrCCCCCCOCCCC1=CC=CC=C1, predict the reactants needed for its synthesis. Provide reasoning.",retrosynthesis,train
CC1=CC=C(C(=O)O)C=C1S(N)(=O)=O,CC1=CC=C(C(=O)O)C=C1S(=O)(=O)Cl.N,Analyze the molecule CC1=CC=C(C(=O)O)C=C1S(N)(=O)=O and suggest potential reactants to synthesize it.,retrosynthesis,train
CN1CCCC1CCN1C(C2=CC=C([N+](=O)[O-])C=C2)=CC2=CC(N)=CC=C21,CN1CCCC1CCN1C(C2=CC=C([N+](=O)[O-])C=C2)=CC2=CC(Br)=CC=C21.C[Si](C)(C)[N-][Si](C)(C)C,"Using the molecule CN1CCCC1CCN1C(C2=CC=C([N+](=O)[O-])C=C2)=CC2=CC(N)=CC=C21, predict the reactants needed for its synthesis. Provide reasoning.",retrosynthesis,train
CC1=CC=CC=C1NN=C1C(N)=NN=C1N,CC1=CC=C(N)C=C1.CC1=CC=CC=C1NN=C(C#N)C#N.NN,"Using the target molecule CC1=CC=CC=C1NN=C1C(N)=NN=C1N, provide a retrosynthetic pathway by identifying the reactants.",retrosynthesis,train
CC(C)N1C=C(C#N)C(C2=CC=C([N+](=O)[O-])O2)=N1,CC(C)N1C=C(C=NO)C(C2=CC=C([N+](=O)[O-])O2)=N1,"Given the molecular structure CC(C)N1C=C(C#N)C(C2=CC=C([N+](=O)[O-])O2)=N1, predict how it can be synthesized and identify the reactants.",retrosynthesis,train
CCCCSC1CC(=O)C2C(C1=O)C1(Cl)C(Cl)=C(Cl)C2(Cl)C1(Cl)Cl,CCCCS.O=C1C=CC(=O)C2C1C1(Cl)C(Cl)=C(Cl)C2(Cl)C1(Cl)Cl,"Using the target molecule CCCCSC1CC(=O)C2C(C1=O)C1(Cl)C(Cl)=C(Cl)C2(Cl)C1(Cl)Cl, provide a retrosynthetic pathway by identifying the reactants.",retrosynthesis,train
COC(=O)CC[C@@H](CF)NC(C)=O,CC(=O)OC(C)=O.COC(=O)CC[C@H](N)CF,"Using the molecule COC(=O)CC[C@@H](CF)NC(C)=O, predict the reactants needed for its synthesis. Provide reasoning.",retrosynthesis,train
CC1=CN=C(NCCSCC2=CC=C(CN(C)C)O2)NC1=O,CN(C)CC1=CC=C(CSCCN)O1.CSC1=NC=C(C)C(=O)N1,What are the possible reactants to synthesize the molecule CC1=CN=C(NCCSCC2=CC=C(CN(C)C)O2)NC1=O?,retrosynthesis,train
COC1=CC2=NC=NC(OC3=CC=C(NC(=O)NCC4=CC=CC=N4)C(Cl)=C3)=C2C=C1OC,CCN(CC)CC.CNC1=CC=CC=N1.COC1=CC2=NC=NC(OC3=CC=C(N)C(Cl)=C3)=C2C=C1OC.O=C(OC(Cl)(Cl)Cl)OC(Cl)(Cl)Cl,"Given the target molecule COC1=CC2=NC=NC(OC3=CC=C(NC(=O)NCC4=CC=CC=N4)C(Cl)=C3)=C2C=C1OC, determine the possible reactants for its synthesis.",retrosynthesis,train
CC1=CC=CC2=C1C=C(C(=O)NCC1CCN(C(C)C(=O)OC(C)(C)C)CC1)C(=O)N2C(C)C,CC(Br)C(=O)OC(C)(C)C.CC1=CC=CC2=C1C=C(C(=O)NCC1CCNCC1)C(=O)N2C(C)C,Predict the reactants needed to synthesize the molecule CC1=CC=CC2=C1C=C(C(=O)NCC1CCN(C(C)C(=O)OC(C)(C)C)CC1)C(=O)N2C(C)C and provide reasoning.,retrosynthesis,train
CC(=O)N1[C@@H](CC2=CC(F)=CC(F)=C2)[C@@H]([C@H]2CC(CC(=O)O)CN2C(=O)OC(C)(C)C)OC1(C)C,COC(=O)CC1C[C@H]([C@H]2OC(C)(C)N(C(C)=O)[C@H]2CC2=CC(F)=CC(F)=C2)N(C(=O)OC(C)(C)C)C1,Analyze the molecule CC(=O)N1[C@@H](CC2=CC(F)=CC(F)=C2)[C@@H]([C@H]2CC(CC(=O)O)CN2C(=O)OC(C)(C)C)OC1(C)C and suggest potential reactants to synthesize it.,retrosynthesis,train
OCCC1=C(C2=CC=CC=C2)SC2=CC=C(Cl)C=C12,CCOC(=O)CC1=C(C2=CC=CC=C2)SC2=CC=C(Cl)C=C12,How would you synthesize the molecule OCCC1=C(C2=CC=CC=C2)SC2=CC=C(Cl)C=C12? Identify the reactants.,retrosynthesis,train
COC(=O)CCC1=CC=C(S(=O)(=O)C2=CC=CC=C2)C=C1Br,COC(=O)/C=C/C1=CC=C(S(=O)(=O)C2=CC=CC=C2)C=C1Br,How would you synthesize the molecule COC(=O)CCC1=CC=C(S(=O)(=O)C2=CC=CC=C2)C=C1Br? Identify the reactants.,retrosynthesis,train
O=C(O)C1=CN(C2CC2)C2=C(F)C(N3CC4=C(CNC4)C3)=C(F)C(F)=C2C1=O,C1NCC2=C1CNC2.O=C(O)C1=CN(C2CC2)C2=C(F)C(F)=C(F)C(F)=C2C1=O,Predict the reactants needed to synthesize the molecule O=C(O)C1=CN(C2CC2)C2=C(F)C(N3CC4=C(CNC4)C3)=C(F)C(F)=C2C1=O and provide reasoning.,retrosynthesis,train
CC1=C(Br)SC(C(C)(C)C(=O)O)=C1,CC1=C(Br)SC(C(C)(C)C(=O)OCC2=CC=CC=C2)=C1,"Using the molecule CC1=C(Br)SC(C(C)(C)C(=O)O)=C1, predict the reactants needed for its synthesis. Provide reasoning.",retrosynthesis,valid
CC1=NC(N2CC=C(C3=CC=C(F)C=C3)CC2)=NC(=O)N1CC1=CN=C(C(F)(F)F)S1,CSC1=NC(=O)N(CC2=CN=C(C(F)(F)F)S2)C(C)=N1.FC1=CC=C(C2=CCNCC2)C=C1,"Using the molecule CC1=NC(N2CC=C(C3=CC=C(F)C=C3)CC2)=NC(=O)N1CC1=CN=C(C(F)(F)F)S1, predict the reactants needed for its synthesis. Provide reasoning.",retrosynthesis,valid
NC1=NC=CN2C(C3CCC3)=NC(C3=CC4=CC=CN=C4N3)=C12,C[Si](C)(C)CCOCN1C(C2=C3C(N)=NC=CN3C(C3CCC3)=N2)=CC2=CC=CN=C21,"Based on the input molecule NC1=NC=CN2C(C3CCC3)=NC(C3=CC4=CC=CN=C4N3)=C12, determine the required reactants and explain your choice.",retrosynthesis,valid
CSC1=C(N)SC(C2=CC=CN=C2)=N1,CSC1=C([N+](=O)[O-])SC(C2=CC=CN=C2)=N1,Predict the reactants needed to synthesize the molecule CSC1=C(N)SC(C2=CC=CN=C2)=N1 and provide reasoning.,retrosynthesis,valid
NC(=NOC1CCCCO1)NC1=C(Cl)C=CC=C1Cl,O=C(N=C(NOC1CCCCO1)NC1=C(Cl)C=CC=C1Cl)C1=CC=CC=C1,"Based on the input molecule NC(=NOC1CCCCO1)NC1=C(Cl)C=CC=C1Cl, determine the required reactants and explain your choice.",retrosynthesis,valid
CC(C)N1C(C(=O)N2CCN(S(C)(=O)=O)CC2)=CC2=CC(C(=O)N3CCCN(C(=O)OC(C)(C)C)CC3)=CC=C21,CC(C)N1C(C(=O)O)=CC2=CC(C(=O)N3CCCN(C(=O)OC(C)(C)C)CC3)=CC=C21.CS(=O)(=O)N1CCNCC1,What are the possible reactants to synthesize the molecule CC(C)N1C(C(=O)N2CCN(S(C)(=O)=O)CC2)=CC2=CC(C(=O)N3CCCN(C(=O)OC(C)(C)C)CC3)=CC=C21?,retrosynthesis,valid
CC1=CC=CC(Cl)=C1CNC(=O)C1=CN2C=C(Br)C=CC2=N1,CC1=CC=CC(Cl)=C1CN.CCOC(=O)C1=CN2C=C(Br)C=CC2=N1,"For the given target molecule CC1=CC=CC(Cl)=C1CNC(=O)C1=CN2C=C(Br)C=CC2=N1, determine the starting materials required for its synthesis.",retrosynthesis,valid
CN1C2=C(C(=O)N1C1=CC=C(C(F)(F)F)C=C1C(F)(F)F)[C@H]1CC[C@]2(C)C1(C)C,CC1(C)[C@@H]2CC[C@@]1(C)C(=O)C2C(=O)Cl.CN(NC1=CC=C(C(F)(F)F)C=C1C(F)(F)F)C(=O)OC(C)(C)C,"For the given target molecule CN1C2=C(C(=O)N1C1=CC=C(C(F)(F)F)C=C1C(F)(F)F)[C@H]1CC[C@]2(C)C1(C)C, determine the starting materials required for its synthesis.",retrosynthesis,valid
CC(C)(C)OC(=O)N1CCC(C2CC3=CC(C4=CC=C(NS(C)(=O)=O)C=C4)=NC=C3O2)CC1,CC(C)(C)OC(=O)N1CCC(C2CC3=CC(Cl)=NC=C3O2)CC1.CS(=O)(=O)NC1=CC=C(B(O)O)C=C1,"Given the target molecule CC(C)(C)OC(=O)N1CCC(C2CC3=CC(C4=CC=C(NS(C)(=O)=O)C=C4)=NC=C3O2)CC1, determine the possible reactants for its synthesis.",retrosynthesis,valid
CC1=CC(C2=CC=C(Cl)C=C2)=NC(N2C=NC(I)=C2)=N1,CC1=CC(C2=CC=C(Cl)C=C2)=NC(Cl)=N1.IC1=CNC=N1,How would you synthesize the molecule CC1=CC(C2=CC=C(Cl)C=C2)=NC(N2C=NC(I)=C2)=N1? Identify the reactants.,retrosynthesis,valid
CCC1=CC=C2C(=C1)C=CC1=C(N=C(C)O1)C2C1=CN(C2=CC=NC(Cl)=N2)C(=O)NC1=O,CCC1=CC=C2C(=C1)C=CC1=C(N=C(C)O1)C2C1=CNC(=O)NC1=O.ClC1=CC=NC(Cl)=N1,"For the given target molecule CCC1=CC=C2C(=C1)C=CC1=C(N=C(C)O1)C2C1=CN(C2=CC=NC(Cl)=N2)C(=O)NC1=O, determine the starting materials required for its synthesis.",retrosynthesis,test
CSC1=CC=C2C(=O)C3=C(C=CCN3)CCC2=C1,CS.O=C1C2=C(C=CCN2)CCC2=CC(Cl)=CC=C12,What are the possible reactants to synthesize the molecule CSC1=CC=C2C(=O)C3=C(C=CCN3)CCC2=C1?,retrosynthesis,test
O=C1C(Cl)=C(OCC2=CC=C(Cl)C=C2)C=NN1CCCBr,O=C1C(Cl)=C(OCC2=CC=C(Cl)C=C2)C=NN1CCCO.O=S(Br)Br,"Based on the input molecule O=C1C(Cl)=C(OCC2=CC=C(Cl)C=C2)C=NN1CCCBr, determine the required reactants and explain your choice.",retrosynthesis,test
CCCCC(NC1=CC(C)=C(F)C(C)=C1)C(=O)NO,CCCC[C@@H](NC1=CC(C)=C(F)C(C)=C1)C(=O)NOC(C)(C)C,"For the given target molecule CCCCC(NC1=CC(C)=C(F)C(C)=C1)C(=O)NO, determine the starting materials required for its synthesis.",retrosynthesis,test
CC(C)C[C@@H](NC(=O)C(C)(C)N)C(=O)NC1CC2=CC=CC(N3CCCC3=O)=C2N(CC2=CSC=C2)C1=O,CC(C)C[C@@H](NC(=O)C(C)(C)NC(=O)OC(C)(C)C)C(=O)NC1CC2=CC=CC(N3CCCC3=O)=C2N(CC2=CSC=C2)C1=O,Predict the reactants needed to synthesize the molecule CC(C)C[C@@H](NC(=O)C(C)(C)N)C(=O)NC1CC2=CC=CC(N3CCCC3=O)=C2N(CC2=CSC=C2)C1=O and provide reasoning.,retrosynthesis,test
CCCC1=NN(C)C2=C(NCC3=CC=C(OC)C(Cl)=C3)N=C(C3=CC=C(C(=O)OC)C=C3)N=C12,CCCC1=NN(C)C2=C(Cl)N=C(C3=CC=C(C(=O)OC)C=C3)N=C12.COC1=CC=C(CN)C=C1Cl,"Given the molecular structure CCCC1=NN(C)C2=C(NCC3=CC=C(OC)C(Cl)=C3)N=C(C3=CC=C(C(=O)OC)C=C3)N=C12, predict how it can be synthesized and identify the reactants.",retrosynthesis,test
CC1=CSC(C2=NN=C3CN(C(=O)C4=CC=C(Cl)C(F)=C4Cl)CCN32)=N1,CC1=CSC(C(=O)NN)=N1.O=C1CN(C(=O)C2=CC=C(Cl)C(F)=C2Cl)CCN1,"Using the target molecule CC1=CSC(C2=NN=C3CN(C(=O)C4=CC=C(Cl)C(F)=C4Cl)CCN32)=N1, provide a retrosynthetic pathway by identifying the reactants.",retrosynthesis,test
COC1=CC=CC(C2(N(C)C)CCC(C(O)CC3=CC=CC=C3)CC2)=C1,COC1=CC=CC(C2(N(C)C)CCC(C(=O)CC3=CC=CC=C3)CC2)=C1,What are the possible reactants to synthesize the molecule COC1=CC=CC(C2(N(C)C)CCC(C(O)CC3=CC=CC=C3)CC2)=C1?,retrosynthesis,test
CC(C)(C)C1=CC=C2C(=O)N(C3=CC=CC(C4=CNC(C(N)=O)=C4)=C3CO)N=CC2=C1,CC(C)(C)C1=CC=C2C(=O)N(C3=CC=CC(C4=CNC(C(=O)O)=C4)=C3CO)N=CC2=C1.CN(C)C(ON1N=NC2=CC=CN=C21)=[N+](C)C,What are the possible reactants to synthesize the molecule CC(C)(C)C1=CC=C2C(=O)N(C3=CC=CC(C4=CNC(C(N)=O)=C4)=C3CO)N=CC2=C1?,retrosynthesis,test
COC1=CC=C(C2=CC(C(=O)NC3=CC=C(OC(F)(F)F)C=C3)=CN=C2N2CC[C@@H](CN)C2)C=N1,CC(C)(C)OC(=O)NC[C@@H]1CCN(C2=NC=C(C(=O)NC3=CC=C(OC(F)(F)F)C=C3)C=C2Br)C1.COC1=CC=C(B(O)O)C=N1,"For the given target molecule COC1=CC=C(C2=CC(C(=O)NC3=CC=C(OC(F)(F)F)C=C3)=CN=C2N2CC[C@@H](CN)C2)C=N1, determine the starting materials required for its synthesis.",retrosynthesis,test
